αμπάριζα	Albanian
αρβανός	Albanian
βαΐζω	Albanian
βλάμης	Albanian
Γουρημάδι	Albanian
γούβα	Albanian
καλαμπόκι	Albanian
μπέσα	Albanian
μπαμπέσης	Albanian
μπομπότα	Albanian
πλιάτσικο	Albanian
Πρέβεζα	Albanian
σβέρκος	Albanian
Αλλάχ	Arabic
γινάτι	Arabic
ινάτι	Arabic
καντάρι	Arabic
κουσούρι	Arabic
λαγούμι	Arabic
λουκουμάς	Arabic
λουκούμι	Arabic
μιναρές	Arabic
μπαγιάτικος	Arabic
μπακάλης	Arabic
μπατανία	Arabic
μπελάς	Arabic
μπινές	Arabic
μπουρνούζι	Arabic
Μωάμεθ	Arabic
νταβατζής	Arabic
Ορμούζ	Arabic
Ραμαζάνι	Arabic
ρεζίλι	Arabic
ρουσφέτι	Arabic
σαγάνι	Arabic
σαγανάκι	Arabic
σακάτης	Arabic
σουλτάνος	Arabic
ταμπάκης	Arabic
τεμενάς	Arabic
τεφτέρι	Arabic
τζερτζελές	Arabic
τσαμπουκάς	Arabic
φέσι	Arabic
χάπι	Arabic
χαζός	Arabic
χαλίφης	Arabic
χαμάμ	Arabic
χαμπάρι	Arabic
χαμπέρι	Arabic
χαράμι	Arabic
Αβετισιάν	Armenian
Αγατζανιάν	Armenian
Αλεξανιάν	Armenian
Αντρεασιάν	Armenian
Αρσακιάν	Armenian
Γαζαριάν	Armenian
Γκαζαριάν	Armenian
Καμπουτιάν	Armenian
μαζούν	Armenian
μακάρτι	Armenian
Μελικιάν	Armenian
Ναρινιάν	Armenian
Ντεμιρτσιάν	Armenian
άνορακ	English
άουτ	English
Άρκανσας	English
Έβαν	English
Έιμι	English
Έιντζελ	English
Έντι	English
Έντουαρντ	English
Έρικ	English
Ίαν	English
ίντερνετ	English
Αβάνα	English
αγιατολάχ	English
αιρκοντίσιον	English
Αλάσκα	English
Αλαμπάμα	English
Ανγκουίλα	English
ανθέμιο	English
Αντίγκουα	English
αντεργκράουντ	English
αουτσάιντερ	English
απαρτχάιντ	English
Αριζόνα	English
Αυστραλία	English
Αϊντάχο	English
Αϊόβα	English
βίντεο	English
βαθμός Κέλβιν	English
βαν	English
Βερόνικα	English
βεσέ	English
Βινς	English
Βιρτζίνια	English
Γέλοουναϊφ	English
γαλόνι	English
γιοτ	English
γιοττα-	English
Γιόντα	English
Γκάνα	English
Γκάρφιλντ	English
γκέι	English
Γκιμπς	English
Γκούντμαν	English
γκρέιπφρουτ	English
Γκρέις	English
Γκραντ	English
Γκρεγκ	English
Γκριν	English
γκρουμ	English
Γκόρντον	English
γλωσσολαλιά	English
Γουόκερ	English
Γουόλτερ	English
δεινόσαυρος	English
Δελχί	English
ελληνιστικός	English
εξα-	English
ζεττα-	English
θρίλερ	English
ιαγουάρος	English
Ιλινόις	English
Ιντιάνα	English
ιστόγραμμα	English
Κάθριν	English
Κάνσας	English
Κάρεν	English
Κάρτερ	English
Κέβιν	English
κέικ	English
κέικς	English
Κέισι	English
Κέιτ	English
Κέιτι	English
Κέλβιν	English
Κέλι	English
Κένεντι	English
κίνα	English
κακατούα	English
Καλιφόρνια	English
καμικάζι	English
Καμπέρα	English
καουμπόι	English
κβάντο	English
Κεντάκι	English
Κιθ	English
κιλο-	English
κιλοβατώρα	English
Κινγκ	English
κλινική	English
κλόουν	English
κοκτέιλ	English
κολέγιο	English
Κολοράντο	English
Κονέκτικατ	English
κορνφλάουρ	English
κουάρκ	English
κουκαμπούρα	English
κουλροφοβία	English
κρίπερ	English
Κρίστιαν	English
Κριστίνα	English
κρυοπάγημα	English
Κόλιν	English
Κόλινς	English
Κόνλεϋ	English
λάμα	English
Λάνα	English
Λέοναρντ	English
Λίμερικ	English
Λίνκολν	English
Λίο	English
λαίδη	English
Ληντς	English
λοκ άουτ	English
Λουιζιάνα	English
Λουκ	English
λούνα παρκ	English
μάγια	English
Μάθιου	English
Μάικλ	English
μάνατζερ	English
μάνατζμεντ	English
μάρκετινγκ	English
Μάρτιν	English
Μέιν	English
μέινστριμ	English
Μέρεντιθ	English
Μέριλαντ	English
Μίλερ	English
Μίσιγκαν	English
Μίτσελ	English
Μαίρη	English
Μαλάουι	English
Μασαχουσέτη	English
ματζέντα	English
ματς	English
Μελβούρνη	English
μελόντικα	English
Μιζούρι	English
Μινεσότα	English
Μισέλ	English
Μισισίπι	English
Μοντάνα	English
μπάρμπεκιου	English
μπαμπού	English
μπαργούμαν	English
μπλάκης	English
μπλάντι	English
Μπομπ	English
Μπράιαν	English
Μπράντον	English
Μπράουν	English
Μπόμπι	English
μπόντι μπίλντερ	English
Μόργκαν	English
Νέα Ζηλανδία	English
Νέιθαν	English
νέον	English
Νίκολς	English
ΝΑΤΟ	English
Νεβάδα	English
Νεμπράσκα	English
Ντάνιελ	English
Ντέιβ	English
Ντέιβιντ	English
Ντέιβις	English
Ντέλαγουερ	English
Ντένις	English
Ντέξτερ	English
Ντέρεκ	English
ντελίβερι	English
ντελιβεράς	English
ντεντέκτιβ	English
ντετέκτιβ	English
Νόργουιτς	English
ξενοφοβία	English
Οκλαχόμα	English
Ολύμπια	English
Οσάκα	English
ουάου	English
ουτοπία	English
Οφηλία	English
οφσάιντ	English
ούφο	English
Πάιπερ	English
Πάλμερ	English
πάλσαρ	English
πάνελ	English
πάρκινγκ	English
πάρκινσον	English
Πάτρικ	English
Πέιτζ	English
Πέρσι	English
παζλ	English
πιγκ πογκ	English
πικάπ	English
πιόνιο	English
πουλόβερ	English
Πωλ	English
Ράιαν	English
Ράσελ	English
Ρέιτσελ	English
Ρίτσαρντ	English
Ρεμπέκα	English
ρεπόρτερ	English
Ροβέρτος	English
ρομαντικός	English
Ρομπέν	English
Ρόι	English
ρόλεϊ	English
Ρόμπερτ	English
Ρότζερ	English
Σάιμον	English
Σάλι	English
σάντουιτς	English
Σάρλοτ	English
σέλφι	English
σέντερ	English
σέντερ μπακ	English
σέντερ φορ	English
σέξι	English
Σέπαρντ	English
Σέφιλντ	English
σίριαλ	English
σίριαλ κίλερ	English
σαγιονάρα	English
Σεβίλλη	English
Σεθ	English
σερ	English
Σιέρα Λεόνε	English
σκάνερ	English
σκέιτ	English
σκέιτμπορντ	English
σκέιτμπορντινγκ	English
σκορ	English
Σκοτ	English
Σμιθ	English
Σον	English
σουλφίδιο	English
σουπερμάρκετ	English
σουτ	English
Σούζαν	English
σπριντ	English
Στίβεν	English
Σταν	English
Στιβ	English
στοπ	English
σόου	English
Τάιλερ	English
τάπερ	English
Τέιλορ	English
τένις	English
Τέξας	English
τερπένιο	English
τεστ	English
Τζάκσον	English
Τζέικ	English
Τζέικομπ	English
Τζέιμι	English
Τζέιμς	English
Τζέιν	English
Τζέισον	English
Τζένιφερ	English
Τζίμι	English
τζίντζερ	English
τζαζ	English
Τζακ	English
Τζεφ	English
Τζιμ	English
τζιν	English
Τζιν	English
Τζορτζ	English
Τζούλια	English
Τζόι	English
Τζόναθαν	English
Τζόνι	English
Τζόνσον	English
Τζόουνς	English
Τζόρτζια	English
Τοντ	English
Τορόντο	English
τοστ	English
τρανς	English
Τσέλμσφορντ	English
τσίχλα	English
Τσακ	English
Τσαρλς	English
τσεκάρω	English
τσιπ	English
Τόμας	English
Τόνι	English
Υόρκη	English
φάρμα	English
Φίλιπ	English
Φίσερ	English
φαστ φουντ	English
φλερτ	English
Φλόριντα	English
χάκερ	English
χάμπουργκερ	English
Χάουαρντ	English
χάπι εντ	English
Χάρι	English
Χάρις	English
Χάρολντ	English
Χέμινγουεϊ	English
χένα	English
Χένρι	English
Χέρσεϊ	English
χίντι	English
Χαβάη	English
χακί	English
Χαλοουίν	English
χατ τρικ	English
Χιγκς	English
χιούμορ	English
χιτζάμπ	English
ψυχοσωματικός	English
ωογένεση	English
Όλιβερ	English
Άιφελ	French
έξτρα	French
α λα καρτ	French
αβανγκάρντ	French
αβαντάζ	French
Αγγλονορμανδικές Νήσοι	French
αγκαζέ	French
αδενίτιδα	French
αδρεναλίνη	French
αεροβίωση	French
αεροδρόμιο	French
αεροζόλ	French
αζούρ	French
αθεϊσμός	French
αθεϊστής	French
ακουαρέλα	French
ακροβασία	French
αλά	French
αλέ ρετούρ	French
Αλγερία	French
αλκάλιο	French
αλκαλοειδές	French
αλκαλοειδής	French
αλκοτέστ	French
αλμανάκ	French
αλτ	French
αλτερνατίβα	French
αμάλγαμα	French
αμορτισέρ	French
αμπέρ	French
αμπαζούρ	French
αμπαλάζ	French
αμπαλάρισμα	French
αμπαλάρω	French
αμπιγέ	French
αμπονέ	French
αμπρί	French
αμπραγιάζ	French
αμόκ	French
ανδρογόνο	French
Αντάντ	French
αντικέρ	French
αντικερί	French
αντισηπτικό	French
αντρέ	French
ανφάν-γκατέ	French
αξεσουάρ	French
αξιολογικός	French
απέταλος	French
απεριτίφ	French
απλίκα	French
απλολογία	French
αργκό	French
αρζαντέ	French
αριβίστας	French
ασανσέρ	French
ασετόν	French
ασιανολογία	French
ασορτί	French
ατμόσφαιρα	French
αυτόγραφο	French
αφίσα	French
αψέντι	French
βαλς	French
βαμπίρ	French
βενζίνη	French
βιζόν	French
βιολογία	French
βιταμίνη	French
βιτρίνα	French
βιόσφαιρα	French
βοτανική	French
βουλκανιζατέρ	French
Βρετάνη	French
βρώμιο	French
γάζα	French
γκαζόν	French
γκαρσόνι	French
γκρι	French
γλυκόζη	French
γραβάτα	French
γρανάζι	French
γυπαετός	French
δακτυλογράφος	French
δημοτική	French
δρύπη	French
εβαπορέ	French
εκλέρ	French
εκλαίρ	French
εμαγιέ	French
εμπειρισμός	French
εξπρές	French
εποποιία	French
εστέτ	French
εστραγκόν	French
ζέβρα	French
ζέμπρα	French
ζαμπόν	French
ζενίθ	French
ζούγκλα	French
ηωσίνη	French
θερμοδυναμική	French
ιαγουάρος	French
Ιαπωνία	French
ισλαμισμός	French
ιωδισμός	French
ιώδιο	French
Κάννες	French
καμβάς	French
Καμερούν	French
καμουφλάζ	French
καμουφλάρω	French
Καμπερνέ Σοβινιόν	French
Καμπότζη	French
καναπές	French
κανό	French
καρμανιόλα	French
καρτ-ποστάλ	French
κασκαντέρ	French
κασκόλ	French
καφέ	French
κεκ	French
κιλοβάτ	French
κινηματογραφία	French
κινηματογραφικός	French
κλικ	French
κλινική	French
κολιέ	French
κολιμπρί	French
κολλώδιο	French
κομεντί	French
κομμουνίστρια	French
κομμουνισμός	French
κομπέρ	French
κομπινεζόν	French
κομπρεσέρ	French
Κονγκό	French
κορ ανγκλέ	French
κορσές	French
κουαφέζα	French
κουντεπιέ	French
κουπ	French
κουστούμι	French
κραγιόν	French
κριτική	French
κόρυμβος	French
λικέρ	French
λιλά	French
μάγια	French
μαγιονέζα	French
μαγιό	French
μακιγιάζ	French
μακιγιέζ	French
μακιγιέρ	French
μανεκέν	French
μανικιούρ	French
μαοϊσμός	French
μασάζ	French
μασίς	French
μαόνι	French
μεγαλομανία	French
μεθοδολογία	French
μενού	French
μενταγιόν	French
μετρονόμος	French
μετρό	French
μικροσκόπιο	French
Μισέλ	French
μοβ	French
μοντάζ	French
μπαγκέτα	French
μπαλαντέρ	French
μπαμπάς	French
μπαράζ	French
μπαρδόν	French
μπεζ	French
Μπενίν	French
μπετόν	French
μπιγκουντί	French
μπικουτί	French
μπιμπερό	French
μπιφτέκι	French
μπλε	French
μπλε μαρέν	French
μπλε μαρίν	French
μπλουζόν	French
μπολ	French
μπουγιαμπέσα	French
μπουζί	French
μπουκέτο	French
Μπουρκίνα Φάσο	French
Μπουρούντι	French
μπουφάν	French
μπούκλα	French
μπρελόκ	French
μπροκαντέρ	French
μπροκαντερί	French
ναΐφ	French
ναδίρ	French
νοσταλγία	French
ντεκόρ	French
ντισπανσέρ	French
ντοκιμαντέρ	French
ντουί	French
ντουζ	French
ντουμπλάρω	French
ντους	French
Ντωφινέ	French
οβάλ	French
οικολογικός	French
ολόγραμμα	French
οξαλικός	French
οργανοληπτικός	French
οργανώνω	French
ορχιδέα	French
οτομπούς	French
οτοστόπ	French
ουβερτούρα	French
ουλάνος	French
πίστα	French
παιδίατρος	French
παλτό	French
πανέ	French
πανσιόν	French
παπιγιόν	French
Παρίσι	French
παραφωνία	French
παρμπρίζ	French
πατ	French
πεκάν	French
περιοδικό	French
περφορατέρ	French
πιόνι	French
πλαζ	French
πλασιέ	French
πλατίνα	French
πλατφόρμα	French
πολωνέζα	French
πορνογραφία	French
ποσέ	French
πουρμπουάρ	French
πρίζα	French
πρεμιέρα	French
Πωλ	French
ράδιο	French
ραντεβού	French
ραντό	French
ρεπεσάζ	French
ρεπό	French
ρεσεψιονίστ	French
ρεσεψιόν	French
ρεσιτάλ	French
ρετιρέ	French
ρεφρέν	French
ροζ	French
ροζέ	French
ροκφόρ	French
ρολό	French
ρόλος	French
σαμπάνια	French
σαμπανιζέ	French
σαμποτάζ	French
σαμποτέρ	French
σαντιγί	French
σαντιγύ	French
σαρκαστικός	French
σεβρό	French
σεζόν	French
σερίφης	French
σιδηρίτης	French
σικορέ	French
σινεμά	French
σιφόν	French
σοβινισμός	French
σοκ	French
σοκολάτα	French
σορμπέ	French
σος	French
σοσιαλισμός	French
σουβέρ	French
σουβενίρ	French
σουτιέν	French
σοφίτα	French
σούπα	French
σπορ	French
στηθοσκόπιο	French
στυλό	French
συμβιωτικός	French
συμβολισμός	French
συμμετρικός	French
σως	French
τέιο	French
τακτ	French
ταμπλό	French
ταξί	French
ταρό	French
τατουάζ	French
τερπένιο	French
τιρκουάζ	French
τιρμπουσόν	French
τουαλέτα	French
τρίκο	French
τρίκυκλο	French
τραβεστί	French
τρακάρω	French
τρακτέρ	French
τροτσκισμός	French
Τσαντ	French
τόνος	French
υδρόφιλος	French
υλοζωισμός	French
υπερτροφία	French
φαβορί	French
φεστιβάλ	French
φετίχ	French
φθόριο	French
φιλανθρωπικός	French
φιλελληνικός	French
φιλολογικός	French
φιξάρω	French
φλίπερ	French
φον ντε τεν	French
φραμπουάζ	French
φραπέ	French
χαλίφης	French
χαμίνι	French
χαρτομαντεία	French
χλώριο	French
ψευδώνυμο	French
ψυχίατρος	French
ψυχανάλυση	French
ψυχιατρική	French
ψυχιατρικός	French
ψυχοθεραπεία	French
ψυχολογία	French
ψυχολογικός	French
ψυχολόγος	French
ψυχραιμία	French
ψύχωση	French
ένζυμο	German
αλλεργία	German
Αμβούργο	German
Βερολίνο	German
βολφράμιο	German
γιοτ	German
δημοσκόπηση	German
ηωσίνη	German
ισόγλωσσο	German
κιτς	German
κριτική	German
Λάιμπνιτς	German
λούμπεν	German
Μάισνερ	German
Μπάουερ	German
Μπάουχαους	German
Μπάττενμπεργκ	German
Μπράουν	German
Μόναχο	German
ναζί	German
ναζισμός	German
οικολογικός	German
Στουτγκάρδη	German
τερπένιο	German
Φίλιπ	German
Φίσερ	German
φούτερ	German
Φραγκφούρτη	German
Φρανκφούρτη	German
ψυχανάλυση	German
ψυχοθεραπεία	German
άρια	Italian
αβάντζο	Italian
αβαντάρω	Italian
αβαντζάρω	Italian
αβαντσάρω	Italian
αβαράρω	Italian
αβαρία	Italian
Αβογκάντρο	Italian
αγαντάρω	Italian
ακομπανιάρω	Italian
ακομπανιαμέντο	Italian
ακουαφόρτε	Italian
αλέγκρο	Italian
αλέγρος	Italian
αλαμπουρνέζικος	Italian
αλεγράρω	Italian
αλιάδα	Italian
αλτάνα	Italian
αμάκα	Italian
αμπαλάρω	Italian
αμόρε	Italian
αντάντε	Italian
αντίκα	Italian
αντίο	Italian
απίκο	Italian
αριβάρω	Italian
αρλεκίνος	Italian
αρχιπέλαγος	Italian
βάζο	Italian
βέσπα	Italian
βίζιτα	Italian
βαλίτσα	Italian
βαρελότο	Italian
Βενετσιάνος	Italian
Βερόνικα	Italian
βιολέτα	Italian
βόλτα	Italian
Γένοβα	Italian
γαλόνι	Italian
γατόπαρδος	Italian
γιρλάντα	Italian
Γκαέτα	Italian
γκουβέρνο	Italian
γκρανκάσα	Italian
γράδο	Italian
εβίβα	Italian
Ερυθραία	Italian
εσπρέσο	Italian
ζαφείρι	Italian
Ιουλιέτα	Italian
κάλμα	Italian
κάπα	Italian
κάρτα	Italian
κάσα	Italian
καβίλια	Italian
καλαμπόκι	Italian
καλμάρω	Italian
κανέλα	Italian
καπέλο	Italian
καπουτσίνος	Italian
καράφα	Italian
καραμέλα	Italian
καραμπίνα	Italian
καριέρα	Italian
καρνάγιο	Italian
καρναβάλι	Italian
καρότσα	Italian
κασέτα	Italian
κατσαρόλα	Italian
κιάλι	Italian
κλαρίνο	Italian
κλαρινέτο	Italian
κολόνα	Italian
κολόνια	Italian
κομοδίνο	Italian
κομπρέσα	Italian
κοντούρα	Italian
κοντρολάρω	Italian
κοντσέρτο	Italian
κοτσάρω	Italian
κουνέλι	Italian
κουρτίνα	Italian
κρέμα	Italian
κριτσίνι	Italian
κόρνα	Italian
κόρνο	Italian
κόστος	Italian
λάμπα	Italian
λίγκα	Italian
λίμα	Italian
λίρα	Italian
λίστα	Italian
λεβάντες	Italian
λεβαντίνος	Italian
Λεονάρντο	Italian
λοκάντα	Italian
λοστρόμος	Italian
λουκέτο	Italian
μάγκας	Italian
Μάλτα	Italian
μάρκα	Italian
μαέστρος	Italian
μανιφέστο	Italian
μαρασκίνο	Italian
μαρκάρω	Italian
ματζόρε	Italian
μαφία	Italian
μετάλλιο	Italian
μι	Italian
Μιλάνο	Italian
μινόρε	Italian
μοντέλο	Italian
μοντέρνος	Italian
μπάνιο	Italian
μπάντα	Italian
μπάσος	Italian
μπέρτα	Italian
μπαλκόνι	Italian
μπιζέλι	Italian
μποτίλια	Italian
μπουνιά	Italian
μπουρδέλο	Italian
μπούνια	Italian
μπράβο	Italian
μπράτσο	Italian
μπρόκολο	Italian
μπύρα	Italian
μόρσο	Italian
νέρος	Italian
νούμερο	Italian
ντάμα	Italian
ντεραπάρω	Italian
ντο	Italian
οπερέτα	Italian
Ορλάνδος	Italian
πάρκο	Italian
πάστα	Italian
πίκολο	Italian
πίπα	Italian
πίτσα	Italian
πακέτο	Italian
παντελόνι	Italian
παντόφλα	Italian
παπαγάλος	Italian
παρκάρω	Italian
παρόλα	Italian
πασαπόρτι	Italian
παστέλι	Italian
πιάτο	Italian
πιλοτάρω	Italian
πισίνα	Italian
πιτσούνι	Italian
πλατίνα	Italian
ποντάρω	Italian
πρέζα	Italian
πρεσάρω	Italian
πρόβα	Italian
πρόκα	Italian
ράδα	Italian
ρέστα	Italian
ραββίνος	Italian
ραμολιμέντο	Italian
ραντίτσιο	Italian
ρε	Italian
ρεζέρβα	Italian
ρεντίκολο	Italian
ρεπερτόριο	Italian
ρετάλι	Italian
ριζότο	Italian
ρομάντζο	Italian
ρομπαμπέκια	Italian
ρόκα	Italian
σάλι	Italian
σαλάμι	Italian
σαλτάρω	Italian
σελίνι	Italian
σερβιτόρος	Italian
σιρόπι	Italian
σκέτος	Italian
σκίτσο	Italian
σμάλτο	Italian
Σπέτσες	Italian
σπίρτο	Italian
στακάτο	Italian
στερλίνα	Italian
στρατσιατέλα	Italian
σόργο	Italian
τάλιρο	Italian
ταλέντο	Italian
ταπέτο	Italian
Τζούλια	Italian
τούμπα	Italian
τρένο	Italian
τρίπα αλά βενετσιάνα	Italian
τρακάρω	Italian
τσίγκος	Italian
τσαμπί	Italian
τσαμπούνα	Italian
τόνος	Italian
φάρσα	Italian
φάτσα	Italian
φαγκότο	Italian
φαντασία	Italian
φασίστας	Italian
φασίστρια	Italian
φασισμός	Italian
φασούλι	Italian
φινόκιο	Italian
φλάουτο	Italian
φλόκι	Italian
φουμάρω	Italian
φουριόζος	Italian
φρένο	Italian
φρέσκος	Italian
φόρμα	Italian
χαλίφης	Italian
όμποε	Italian
όπερα	Italian
άλμπουμ	Latin
α ποστεριόρι	Latin
Αίτνα	Latin
αβαντάρω	Latin
ακουμπώ	Latin
αλχημεία	Latin
απλίκα	Latin
αποστεριόρι	Latin
απριόρι	Latin
Αυστρία	Latin
Βαβαρία	Latin
Βαυαρία	Latin
γραικύλος	Latin
Ελβετία	Latin
κάψα	Latin
καπίστρι	Latin
Κολωνία	Latin
Λονδίνο	Latin
λούμεν	Latin
μαντήλι	Latin
μόρσο	Latin
πάνθεον	Latin
πανούκλα	Latin
Πετράρχης	Latin
Ρήνος	Latin
Σκανδιναβία	Latin
σούβλα	Latin
Σταβία	Latin
στράτα	Latin
Τεργέστη	Latin
τούμπα	Latin
φόρα	Latin
χούμος	Latin
άιντε	Ottoman Turkish
άτι	Ottoman Turkish
αγιάζι	Ottoman Turkish
αλάνι	Ottoman Turkish
αλατζάς	Ottoman Turkish
αλισβερίσι	Ottoman Turkish
αμάν	Ottoman Turkish
αμπάρι	Ottoman Turkish
αναντάν μπαμπαντάν	Ottoman Turkish
ανασόνι	Ottoman Turkish
αντέτι	Ottoman Turkish
αντερί	Ottoman Turkish
αράπης	Ottoman Turkish
αραλίκι	Ottoman Turkish
αραμπάς	Ottoman Turkish
αραμπατζής	Ottoman Turkish
αραπίνα	Ottoman Turkish
αρκαντάσης	Ottoman Turkish
αρμπεντές	Ottoman Turkish
ασικιαρέ	Ottoman Turkish
ασλάνι	Ottoman Turkish
αστάρι	Ottoman Turkish
αφιόνι	Ottoman Turkish
αχταρμάς	Ottoman Turkish
βαλκανικός	Ottoman Turkish
βασιβουζούκος	Ottoman Turkish
Βόλος	Ottoman Turkish
γενίτσαρος	Ottoman Turkish
γιαβρί	Ottoman Turkish
γιακάς	Ottoman Turkish
γιαπί	Ottoman Turkish
γιασεμί	Ottoman Turkish
γιατάκι	Ottoman Turkish
γιλέκο	Ottoman Turkish
γινάτι	Ottoman Turkish
γιουβέτσι	Ottoman Turkish
γιουχαΐζω	Ottoman Turkish
γκάιντα	Ottoman Turkish
γκέλα	Ottoman Turkish
γκεσέμι	Ottoman Turkish
γκιουρουλτί	Ottoman Turkish
δερβένι	Ottoman Turkish
ζαγάρι	Ottoman Turkish
ζαμάνι	Ottoman Turkish
ζαράρι	Ottoman Turkish
ζουμπάς	Ottoman Turkish
ζουμπούλι	Ottoman Turkish
ζουρνάς	Ottoman Turkish
ζόρι	Ottoman Turkish
ιμάμ μπαϊλντί	Ottoman Turkish
ιμάμης	Ottoman Turkish
ινάτι	Ottoman Turkish
ιραδές	Ottoman Turkish
κέφι	Ottoman Turkish
καΐκι	Ottoman Turkish
καλάι	Ottoman Turkish
καλέμι	Ottoman Turkish
καλαμπόκι	Ottoman Turkish
καλκάνι	Ottoman Turkish
καλντερίμι	Ottoman Turkish
καλούπι	Ottoman Turkish
καμπούρα	Ottoman Turkish
καμπούρης	Ottoman Turkish
καντάρι	Ottoman Turkish
καπάκι	Ottoman Turkish
καρα-	Ottoman Turkish
καραβάνι	Ottoman Turkish
καραβανσεράι	Ottoman Turkish
καραγκιοζιλίκι	Ottoman Turkish
Καραγκιόζης	Ottoman Turkish
καραμπογιά	Ottoman Turkish
καρπούζι	Ottoman Turkish
καφές	Ottoman Turkish
καφετζής	Ottoman Turkish
καϊμάκι	Ottoman Turkish
κεμπάπ	Ottoman Turkish
κεσέμι	Ottoman Turkish
κετσές	Ottoman Turkish
κεφτές	Ottoman Turkish
κεχριμπάρι	Ottoman Turkish
κιμάς	Ottoman Turkish
κινά	Ottoman Turkish
κουμάρι	Ottoman Turkish
κουνουπίδι	Ottoman Turkish
κουραμπιές	Ottoman Turkish
κουρασάνι	Ottoman Turkish
κουρκούτι	Ottoman Turkish
κουσούρι	Ottoman Turkish
κουτουράδα	Ottoman Turkish
κόπιτσα	Ottoman Turkish
λαγούμι	Ottoman Turkish
λατέρνα	Ottoman Turkish
λεκές	Ottoman Turkish
λιμάνι	Ottoman Turkish
λουκουμάς	Ottoman Turkish
λουκούμι	Ottoman Turkish
λουλάς	Ottoman Turkish
λούκι	Ottoman Turkish
μάγκας	Ottoman Turkish
μέγγενη	Ottoman Turkish
μαβί	Ottoman Turkish
μαγιά	Ottoman Turkish
μανάβης	Ottoman Turkish
μανάβικο	Ottoman Turkish
μαντέμι	Ottoman Turkish
μαραφέτι	Ottoman Turkish
μασιά	Ottoman Turkish
μαϊντανός	Ottoman Turkish
μεζές	Ottoman Turkish
μελτέμι	Ottoman Turkish
μενεξές	Ottoman Turkish
μενεξεδής	Ottoman Turkish
μεντεσές	Ottoman Turkish
μεράκι	Ottoman Turkish
μιναρές	Ottoman Turkish
μουεζίνης	Ottoman Turkish
μουρβέρι	Ottoman Turkish
μουσακάς	Ottoman Turkish
μουσαμάς	Ottoman Turkish
μπάμια	Ottoman Turkish
μπάτσος	Ottoman Turkish
μπαγιάτικος	Ottoman Turkish
μπαγλαμάς	Ottoman Turkish
μπακάλης	Ottoman Turkish
μπακλαβάς	Ottoman Turkish
μπαλτάς	Ottoman Turkish
μπαμπάς	Ottoman Turkish
μπασκίνας	Ottoman Turkish
μπατανία	Ottoman Turkish
μπαχάρι	Ottoman Turkish
μπεκιάρης	Ottoman Turkish
μπεκρής	Ottoman Turkish
μπελάς	Ottoman Turkish
μπερντές	Ottoman Turkish
μπινές	Ottoman Turkish
μπινελίκι	Ottoman Turkish
μπογιά	Ottoman Turkish
μπογιατζής	Ottoman Turkish
μπουγάζι	Ottoman Turkish
μπουζούκι	Ottoman Turkish
μπουντρούμι	Ottoman Turkish
μπουρέκι	Ottoman Turkish
μπουρνούζι	Ottoman Turkish
μπούτι	Ottoman Turkish
μπρίκι	Ottoman Turkish
μπόλικος	Ottoman Turkish
νάζι	Ottoman Turkish
νέφτι	Ottoman Turkish
νισάφι	Ottoman Turkish
νισαντήρι	Ottoman Turkish
νισεστές	Ottoman Turkish
ντάλα	Ottoman Turkish
ντέρτι	Ottoman Turkish
νταβατζής	Ottoman Turkish
νταντά	Ottoman Turkish
νταούλι	Ottoman Turkish
ντε	Ottoman Turkish
ντεμέκ	Ottoman Turkish
ντολμάς	Ottoman Turkish
ντουλάπι	Ottoman Turkish
ντουμάνι	Ottoman Turkish
ντουνιάς	Ottoman Turkish
ντουντούκα	Ottoman Turkish
νυστέρι	Ottoman Turkish
οκά	Ottoman Turkish
ουστ	Ottoman Turkish
παζάρι	Ottoman Turkish
παντεσπάνι	Ottoman Turkish
παντζάρι	Ottoman Turkish
παπάρα	Ottoman Turkish
παπούτσι	Ottoman Turkish
πεσκίρι	Ottoman Turkish
πεστιμάλι	Ottoman Turkish
πετιμέζι	Ottoman Turkish
πούλι	Ottoman Turkish
πούστης	Ottoman Turkish
πριτσίνι	Ottoman Turkish
ράφι	Ottoman Turkish
ραβέντι	Ottoman Turkish
ραγιάς	Ottoman Turkish
ρακή	Ottoman Turkish
Ραμαζάνι	Ottoman Turkish
ρεζίλι	Ottoman Turkish
ρουσφέτι	Ottoman Turkish
σαΐνι	Ottoman Turkish
σαγάνι	Ottoman Turkish
σαγανάκι	Ottoman Turkish
σακάτης	Ottoman Turkish
σαλβάρι	Ottoman Turkish
σαντούρι	Ottoman Turkish
σεβντάς	Ottoman Turkish
σεργιάνι	Ottoman Turkish
σερμαγιά	Ottoman Turkish
σιμίτι	Ottoman Turkish
σινάφι	Ottoman Turkish
σιντριβάνι	Ottoman Turkish
σιχτίρ	Ottoman Turkish
σοβάς	Ottoman Turkish
σοκάκι	Ottoman Turkish
σουλτάνος	Ottoman Turkish
σουτζούκι	Ottoman Turkish
σοφάς	Ottoman Turkish
σόι	Ottoman Turkish
τέλι	Ottoman Turkish
ταβάνι	Ottoman Turkish
ταβάς	Ottoman Turkish
ταμπάκης	Ottoman Turkish
ταμπουράς	Ottoman Turkish
ταραμάς	Ottoman Turkish
ταχίνι	Ottoman Turkish
ταψί	Ottoman Turkish
τεμενάς	Ottoman Turkish
τεμπέλης	Ottoman Turkish
τεμπεσίρι	Ottoman Turkish
τεπές	Ottoman Turkish
τεφτέρι	Ottoman Turkish
τζάμι	Ottoman Turkish
τζάμπα	Ottoman Turkish
τζάνερο	Ottoman Turkish
τζίνι	Ottoman Turkish
τζαμί	Ottoman Turkish
τζατζίκι	Ottoman Turkish
τζερεμές	Ottoman Turkish
τζερτζελές	Ottoman Turkish
τζιγέρι	Ottoman Turkish
τζουράς	Ottoman Turkish
τουλούμι	Ottoman Turkish
τουμπελέκι	Ottoman Turkish
τσάγαλο	Ottoman Turkish
τσάι	Ottoman Turkish
τσάντα	Ottoman Turkish
τσίπουρο	Ottoman Turkish
τσίσα	Ottoman Turkish
τσίσια	Ottoman Turkish
τσακάλι	Ottoman Turkish
τσακίρ κέφι	Ottoman Turkish
τσακμάκι	Ottoman Turkish
τσαμπουκάς	Ottoman Turkish
τσανάκα	Ottoman Turkish
τσεμπέρι	Ottoman Turkish
τσιγκέλι	Ottoman Turkish
τσιγκούνης	Ottoman Turkish
τσιμπούκι	Ottoman Turkish
τσιράκι	Ottoman Turkish
τσιφούτης	Ottoman Turkish
τσογλάνι	Ottoman Turkish
Τσολάκης	Ottoman Turkish
τσουράπι	Ottoman Turkish
τσουρέκι	Ottoman Turkish
τσόλι	Ottoman Turkish
φέσι	Ottoman Turkish
φίλντισι	Ottoman Turkish
φαρσί	Ottoman Turkish
φιντάνι	Ottoman Turkish
φισέκι	Ottoman Turkish
φιτίλι	Ottoman Turkish
φλιτζάνι	Ottoman Turkish
φουντούκι	Ottoman Turkish
φουφού	Ottoman Turkish
φραντζόλα	Ottoman Turkish
χάλι	Ottoman Turkish
χάνι	Ottoman Turkish
χάπι	Ottoman Turkish
χαζός	Ottoman Turkish
χαλί	Ottoman Turkish
χαλίφης	Ottoman Turkish
χαλβάς	Ottoman Turkish
χαμάμ	Ottoman Turkish
χαμπάρι	Ottoman Turkish
χαμπέρι	Ottoman Turkish
χαράμι	Ottoman Turkish
χαρέμι	Ottoman Turkish
χαρτζιλίκι	Ottoman Turkish
χασάπης	Ottoman Turkish
χασάπικο	Ottoman Turkish
χουρμάς	Ottoman Turkish
χούμους	Ottoman Turkish
αστάρι	Persian
ζουρνάς	Persian
καραβάνι	Persian
λεκές	Persian
μασιά	Persian
μεζές	Persian
μενεξεδής	Persian
μεντεσές	Persian
μπάτσος	Persian
ντέρτι	Persian
ντουλάπι	Persian
Ορμούζ	Persian
πεσκίρι	Persian
πούλι	Persian
σαντούρι	Persian
ταβάς	Persian
ταμπουράς	Persian
τζουράς	Persian
τσακάλι	Persian
τσεμπέρι	Persian
τσιράκι	Persian
τσουράπι	Persian
γκάσμα	Arabic
γκίμπνα	Arabic
ζιμπάλα	Arabic
κόχλι	Arabic
λάμπαν	Arabic
λίμπ	Arabic
μάτμπαχ	Arabic
μαντράσα	Arabic
μασούρι	Arabic
μπαλάτι	Arabic
μπατανία	Arabic
μπεντ	Arabic
μπουάπα	Arabic
μπουάπης	Arabic
ντούρα	Arabic
νόκτα	Arabic
σιμίτ	Arabic
φαλάφα	Arabic
φαλάφελ	Arabic
χαμσίνι	Arabic
χαρτούμι	Arabic
παλάσκα	
πελτές	
άλικος	
άτι	
άφεριμ	
άχτι	
ίρντζι	
αβάντα	
αγάς	
αγιάζι	
αγιάνης	
αγριλίκι	
αλάνα	
αλάνι	
αλατζάς	
αλισβερίσι	
αλμπάνης	
αλμπάνισσα	
αλμπάνισσα	
αμάν	
αμανάτι	
αμανές	
αμπάρι	
αναντάν μπαμπαντάν	
αντάμης	
αντέτι	
αντερί	
αραλίκι	
αραμπάς	
αραμπατζής	
αριάνι	
αρκαντάσης	
αρναούτης	
αρναούτισσα	
αρσίζης	
ασίκης	
ασκέρι	
ασουρές	
ατζέμ πιλάφι	
ατζαμής	
αφιόνι	
αχμάκης	
αχούρι	
βάι	
βακούφι	
βαλκανικός	
βαράκι	
βαριεστίζω	
βασιβουζούκος	
βαχ	
βεζίρης	
βελέντζα	
βερέμης	
βερεσές	
βιλαέτι‑	
βουρ	
γαϊτάνι	
γελέκι	
γελέκο	
γεμενί	
γεμιτζής	
γενίτσαρος	
γεντέκι	
γιάντες	
γιαβάς	
γιαβέρης	
γιαβουκλού	
γιαβουκλούς	
γιαβρί	
γιαβρούμ	
γιαγκίνι	
γιαγλίδικος	
γιακάς	
γιαλαντζί	
γιαλελί	
γιαούρτη	
γιαπί	
γιαπράκι	
γιαραμπής	
γιαρμάς	
γιασεμί	
γιασμάκι	
γιατάκι	
γιαταγάνι	
γιαχνί	
γινάτι	
γιορντάνι	
γιουβαρλάκια	
γιουρούσι	
γιούκι	
γιούκος	
γιούχα	
γκάγκαρο	
γκάιντα	
γκέλα	
γκέμι	
γκελ	
γκεσέμι	
γκιαούρ/ης	
γκιουβέτσι	
γκιουλές	
γλεντζές/τζού	
γλεντώ	
γουρλής	
γουρσούζης	
γούρι	
γριγρί	
δερβένι	
δερβίσης	
διαγουμίζω	
εμ	
εμίρης	
εντεψίζικος	
ερίφης	
ερίφισσα	
εργένισσα	
εργένης	
εσνάφι	
εφέντης	
ζάρφι	
ζάφτι	
ζαβαλής	
ζαμάνι	
ζαμπάκι	
ζαμπούνης	
ζαπτιές	
ζαρίφης/ισσα	
ζαρζαβάτικό	
ζαφορά	
ζεβζέκης	
ζεμπίλι	
ζεϊμπέκης	
ζεύκι	
ζορμπάς	
ζορμπαλίκι	
ζουμπάς	
ζουμπούλι	
ζουρνάς	
ζόρι	
θεριακλής	
θεριακλισσα	
ιμάμ μπαϊλντί	
ιμάμης	
ινάτι	
ιραδές	
μαγιά	
μαγκάλι	
μαγκούφης	
μακαράς	
μανάβης	
μανάβισσα	
μαντέμι	
μαντζούνι	
μαξούλι	
μαούνα	
μαράζι	
μαραφέτι	
μαρκούτσι	
μασάλι	
μασαλά	
μασιά	
μασκαράς	
μασκαραλίκι	
μασούρι	
μαστούρης	
μαστραπάς	
ματικάπι	
μαχαλάς	
μαχμουρλής	
μαχμουρλού	
μαχμουρλίκι	
μαχμούρης/ισσα	
μαχμούρισσα	
μαϊμούνι	
μαϊντανός	
μεζάτι	
μεζές	
μεζεκλίκι	
μελτέμι	
μεμέτης	
μενεξές	
μεντεσές	
μεράκι	
μερακλού	
μερακλού	
μερακλού	
μερεμέτι	
μερτζάνι	
μεσάντρα	
μεταλίκι	
μετερίζι	
μετζίτι	
μεϊντάνι	
μιναρές	
μιντέρι	
μουεζίνης	
μουρντάρης	
μουσακάς	
μουσαμάς	
μουσαφίρης/ισσα	
μουσαφίρισσα	
μουσαφιρλίκι	
μουσουλμάνος/α	
μουστερής	
μουφλούζης	
μουφτής	
μουχτάρης	
μούλκι	
μπάμια	
μπάρεμ	
μπέης	
μπαΐρι	
μπαγδαντί	
μπαγιάτικος	
μπαγιατεύω	
μπαγλαμάς	
μπαγλαρώνω	
μπακάλαινα	
μπακάλαινισσα	
μπακάλαινης	
μπακίρι	
μπακιρτζής	
μπακλαβάς	
μπαλτάς	
μπαμπάς	
μπαντανάς	
μπαξές	
μπαξίσι	
μπαξεβάνης	
μπαρμακλίκι	
μπαρμπούτι	
μπαρούτι	
μπασκίνας	
μπασμάς	
μπατάλης	
μπατίρης	
μπατίρισσα	
μπαταξής	
μπαταριά	
μπατζάκι	
μπατζανάκης/ισσα	
μπατιρίζω	
μπαχάρι	
μπαχαρικό	
μπαχτσές	
μπαϊλντίζω	
μπαϊράκι	
μπαϊράμι	
μπαϊρακτάρης	
μπεζαχτάς	
μπεζεβέγκης	
μπεζεράω	
μπεζεστένι	
μπεκιάρης/ισσα	
μπεκρής/ού	
μπεκριλίκι	
μπελάς	
μπελαλής	
μπελαλού	
μπεμπέκα	
μπεντένι	
μπερεκέτι	
μπερντάκι	
μπερντάχι	
μπερντές	
μπεχλιβάνης	
μπιμπίλα	
μπινεύω	
μπιρμπίλι	
μπιτ/μπίτι	
μπογιά	
μπογιαντίζω	
μπογιατζής	
μποξάς	
μποστάνι	
μπουγάζι	
μπουγάτσα	
μπουγιουρντί	
μπουζούκι	
μπουλούκα	
μπουλούκι	
μπουμπάρι	
μπουνταλάς/λού	
μπουντρούμι	
μπουρέκι	
μπουρί	
μπουρνούζι	
μπουρού	
μπουχτίζω	
μποϊλής	
μπούζι	
μπούρτζι	
μπούτι	
μπρίκι	
μπρισίμι	
μπόγος	
μπόι	
μπόλικος	
μπόσικος	
μπότζι	
νάζι	
νέφτι	
ναμάζι	
ναργιλές	
νενέ	
νιζάμης	
νισάφι	
νισαντίρι	
νισεστές	
ντάλα	
ντέρτι	
ντέφι	
νταβούλι	
νταής	
νταβατζής	
νταβατούρι	
νταβραντίζω	
νταβραντίζω	
νταγιαντίζω	
νταγιαντίζω	
νταγλαράς	
νταηλίκι	
νταλγκάς	
νταλκάς	
νταλιάνι	
νταλκαβούκης	
νταμπλάς	
νταμάρι	
νταμουζλούκι	
νταντά	
ντε	
ντελής	
ντελβές	
ντερμπεντέρης	
ντιβάνι	
ντιπ	
ντοβλέτι	
ντογρού	
ντολμάς	
ντονμές	
ντορής	
ντορβάς	
ντουβάρι	
ντουγρού	
ντουζένι	
ντουλάπι	
ντουλαμάς	
ντουμάνι	
ντουνιάς	
ντουντούκα	
ντούζικος	
ντόρτια	
ξίκικος	
οδαλίσκη	
οκά	
οντάς	
ορδί	
ορμάνι	
ουλεμάς	
ουστ	
ούτι	
πάλα	
πάφιλας	
πίτσικος	
παζάρι	
παζαρλίκι	
παντζάρι	
παντζούρι	
παξιμάδι	
παπάζι	
παπούτσι	
παράς	
παρακεντές	
παραλής	
παραλού	
παρτάλι	
παρτσάς	
πασάς	
πασούμι	
πασούμάκι	
παστουρμάς	
πατιρντί	
πατσάς	
πατσατζής	
πεζεβέγκης/ισσα	
περβάζι	
περουζές	
πεσκέσι	
πεσκίρι	
πετιμέζι	
πιλάφι	
πολιτικατζής	
πούλι	
πούσι	
πούστης	
πρεβάζι	
πριτσίνι	
ράφι	
ραβέντι	
ραβαΐσι	
ραγιάς	
ραζακί	
ραζακί	
ρακή	
ραμαζάνι	
ραχάτι	
ρεβανί	
ρεζές	
ρεζίλι	
ρεζιλίκι	
ρεμάλι	
ρεσπέρης	
ρετσέλι	
ρουμάνι	
ρουμελιώτης	
ρουμελιώτισσα	
ρουσφέτι	
ρούπι	
σάζι	
σάλι	
σάμαλι	
σέρτισσα	
σέρτης	
σέρτικος	
σαΐνης	
σαΐνι	
σαγάνι	
σαγανάκι	
σαγιάκι	
σαγιάς	
σαγούλι	
σαγρέ	
σαγρές	
σαζάνι	
σακάτης	
σαλέπι	
σαλβάρι	
σαλεπιτζής	
σαματάς	
σαμντάνι	
σαμούρι	
σαντζάκι	
σαντούρι	
σαράγι	
σαράγον	
σαράτσης	
σαράφης	
σαράφισσα	
σαρίκι	
σαραγλί	
σαρακατσάνοι	
σαρακατσάνοι	
σαρμάς	
σαρμάς	
σαστίζω	
σαστίζω	
σαχνισί	
σεΐζης	
σεΐχης	
σεβντάς	
σεκλέτι	
σεκλεντίζω	
σελάχι	
σελέμης	
σελέμισσα	
σεντέφι	
σεντούκι	
σερέτισσα	
σερέτης	
σερασκέρης	
σεργιάνι	
σερμαγιά	
σερμπέτι	
σερσέμης	
σερσέμισαα	
σεφέρι	
σεφερτάσι	
σεφτές	
σιλτές	
σιμίτι	
σιμιτζής	
σινάφι	
σινί	
σιντέφι	
σιντριβάνι	
σιρίτι	
σιρμαγιά	
σιρμακέζης	
σιχτίρ	
σκεμπές	
σκιάς	
σκιτζής	
σουβάς	
σουβαντίζω	
σουβατζής	
σοι	
σοκάκι	
σομακί	
σορολόπ	
σουλαντίζω	
σουλιμάς	
σουλούπι	
σουλτάνος	
σουνέτι	
σουρμές	
σουρουκλεμές	
σουρτούκηα	
σουρτούκης	
σουτζούκι	
σοφάς	
σοφράς	
σοϊλής	
σπαχής	
στουπέτσι	
στράφι	
σόμπα	
εβίβα	
βίβα	
άμπακας	
άμπακος	
άρια	
άρπα	
έγια μόλα	
αβάντα	
αβάντζο	
αβάντζα	
αβάντζο	
αβάντζα	
αβανιά	
αβαντζάρω	
αβαράρω	
αβαρία	
αβαριάτος	
αγαντάρω	
ακομπανιάρω	
ακομπανιαμέντο	
ακοστάρω	
ακουαμαρίνα	
ακουαρέλα	
ακουαφόρτε	
ακόρντο	
αλά	
αλάργα	
αλέγκρο	
αλέγρος	
αλέστα	
αλιάδα	
αλισίβα	
αλτάνα	
αλτίσιμο	
αμολάω	
αμόρε	
ανεμότρατα	
αντάντε	
αντάτζιο	
αντίκα	
αντζούγια	
αντικάμαρα	
απίκου	
απαρθενεύω	
αποτζιατούρα	
απούντο	
αριβάρω	
αρλεκίνος	
αρλούμπα	
αρμάτα	
αρμπαρόριζα	
αρμόνικα	
αρπιστής	
αρπιστήςτρια	
αρτίστα	
αρτίστας	
ατάκα	
ατέμπο	
ατσελεράντο	
αφίσα	
βάζο	
βάρδος	
βάτα	
βέλο	
βέργα	
βέρος	
βίβερε περικολοζαμέντε	
βίζα	
βίζιτα	
βίλα	
βίρα	
βίτσιο	
βαγαπόντης	
βαγόνι	
βακέτα	
βαλίτσα	
βανίλια	
βαπόρι	
βαρέλι	
βαρελότο	
βατίστα	
βατσίνα	
βατσινάρω	
βεγγέρα	
βεγόνια	
βενετσιάνικος	
βεντάγια	
βεντέτα	
βεντούζα	
βιδάνιο	
βιδέλο	
βιζιγκάντι	
βιμπράτο	
βιολέτα	
βιολοντσέλο	
βιράρω	
βιρτουόζος	
βιόλα	
βολτάρω	
βομβαρδίζω	
βουρλίζω	
βόλτα	
βόμβα	
γκιόστρα	
γάλος	
γάμπα	
γάμπια	
γάντι	
γάρμπος	
γάρμπο	
γάτα	
γέμελος	
γαΐτα	
γαζία	
γαλέρα	
γαλίφης	
γαλβανισμός	
γαλεάτσα	
γαλιόνι	
γαλιότα	
γαλόνι	
γαρδέλι	
γαρμπίλι	
γιρλάντα	
γκέτο	
γκαζόζα	
γκαρνταρόμπα	
γκουβέρνο	
γκρέκα	
γκρίζος	
γκρίνια	
γκρανκάσα	
γκραφίτι	
γκριμάτσα	
γκροτέσκο	
γκρόσο μόντο	
γκόμενα	
γλόμπος	
γουστάρω	
γουσταδόρος	
γουστόζος	
γούμενα	
γούστο	
γράδο	
γράσο	
γρίβας	
γρίβος	
γραίγος	
γραβάτα	
Γραικός	
γρανίτα	
γρανίτης	
γραπώνω	
γόμα	
γόνδολα	
δαμάσκο	
διάνα	
διαμάντι	
δουκάτο	
δραγουμάνος	
εβίβα	
εντράτα	
ευρωκομουνισμός	
ευρωκομουνιστής	
ζαφείρι	
ζελατίνα	
ζιμπελίνα	
ζούρα	
θεατρίνα	
ιησουίτης	
ιμπρεσάριος	
ινκόγκνιτο	
ιντερλούδιο	
ιντερμέτζο	
ινφλουέντσα	
νάβα	
νέτος	
ναβέτα	
νεποτισμός	
νεράντζι	
νετάρω	
νιτερέσο	
νιτσεράδα	
νουβέλα	
νούλα	
νούμερο	
νούντσιος	
ντάμα	
ντάνα	
ντίβα	
ντα κάπο	
νταραβέρι	
νταρντάνα	
ντεκρεσέντο	
ντελίριο	
ντεμπουτάρω	
ντεπόζιτο	
ντιβιζιονισμός	
ντιλετάντης	
ντιμινουέντο	
ντοκουμέντο	
ντοκουμεντάρω	
ντομάτα	
ντοτόρος	
ντουέτο	
ντους	
ντούρος	
ντούτσε	
ντρόγκα	
ντόλτσα	
ντόλτσε βίτα	
ντόμινο	
νόμπιλος	
ξαμολώ	
οκαρίνα	
οκτέτο	
ομπλιγκάτο	
ομπρέλα	
οπερέτα	
οργανέτο	
ορντινάντσα	
ορτανσία	
ορτσάρω	
ουνία	
ουρλιάζω	
ούζο	
πάγκα	
πάγκος	
πάκο	
πάλα	
πάρκο	
πάρλα	
πάρτη	
πάσο	
πάστα	
πάστα φλόρα	
πέλος	
πένα	
πέντολο	
πέργκολα	
πέρλα	
πέτο	
πέτσα	
πίκα	
πίκο-	
πίκο-	
πίκολο	
πίλαστρο	
πίπα	
πίτα	
πίτσα	
πίφερο	
πακέτο	
παλάγκο	
παλέτα	
παλαμάρι	
παλαμίζω	
παλιάτσος	
παλκοσένικο	
παλτό	
παντεσπάνι	
παντιέρα	
παντούφλα	
παπαγάλος	
παπαράτσι	
παπαρούνα	
παράγκα	
παράτα	
παραμάνα	
παρασόλι	
παραφερνάλια	
παρκάρω	
παρλάρω	
παρλαμέντο	
παρμεζάνα	
παρτέντζα	
παρτιζάνος	
παρτιτούρα	
πασάρω	
πασαβιόλα	
πασαμέντο	
πασαπόρτι	
πασατέμπος	
πασιέντσα	
παστέλι	
παστίλια	
παστίτσιο	
παστορέλα	
πατ	
πατέντα	
πατίνα	
πατατούκα	
πατατράκ	
πατρονάρω	
πατρόνα	
πείρος	
πελάγρα	
περγαμόντο	
περκάλι	
περούκα	
πεσκαδούρος	
πετέχια	
πεταλίδα	
πετροκαλαμίθρα	
πετσέτα	
πετσί	
πιάνο	
πιάστρο	
πιάτο	
πιάτσα	
πιένα	
πιανίσιμο	
πιανίστατρια	
πιανίστας	
πιανόλα	
πιατέλα	
πιατέλο	
πιγκουΐνος	
πιετά	
πικάντικος	
πικάρω	
πικέτο	
πιλότος	
πινέλο	
πινελάρω	
πινό	
πιπιλίζω	
πισίνα	
πιστόλα	
πιστόνι	
πιτσαρία	
πιτσικάτο	
πιτσιρίκα	
πιτσούνι	
πλέμπα	
πλαστελίνη	
πλεμπάγια	
πλόσκα	
πουνέντης	
πουνέντες	
πουνέντης	
ποετάστρος	
ποζάρω	
πολάκα	
πολίτσια	
πολιτικάντης	
πολυθρόνα	
ποντάρω	
ποπλίνα	
ποπολάρος	
πορσελάνα	
πορτέλο	
πορταμέντο	
πορτιέρισσα	
πορτιέρης	
πορτοκάλι	
πορτολάνα	
πορτολάνας	
πορτοφόλι	
ποστάλι	
ποστάρω	
ποτάσα	
πουμώνω	
πουνέντης	
πουνέντες	
πουνιάλο	
πουνιάλι	
πουτάνα	
πούντα	
πούρο	
πούρος	
πράτιγο	
πρέζα	
πρέσα	
πρέστο	
πρίμα	
πρίμα βίστα	
πρίμο	
πρίμος	
πραγκαρόλι	
πρελούδιο	
πρεμούρα	
πριμαντόνα	
προβάρω	
προσιούτο	
προτεστάντης	
προτεστάντισσα	
πρόβα	
πρόζα	
πόζα	
πόμολο	
πόρτο	
πόστα	
πόστο	
όκιο	
όμποε	
όπερα	
όπερα μπούφα	
όπερα σέρια	
όρτσα	
όστρια	
καβαλικεύω	
καβαλάρης/ισσα	
καβάλα	
καβαλίνα	
καγκελάριος	
κάγκελο	
καζουιστικός	
καίσαρας	
καλαμάρι	
κάλαντα	
καλαντάρι	
καλένδες	
κάμαρα	
καμβάς	
κάμερα	
καμπάνα	
καμπαναριό	
κάμπος	
κανάλι	
κανάτα	
κάνουλα	
καντήλα	
κάπα	
καπίστρι	
καπούλι	
κάρβουνο	
καρδινάλιος	
καρένα	
κασίδα	
κάστα	
κάστρο	
κατσί	
κατσούλα	
καφέα	
κάψα	
καψούλα	
κβάντα	
κελί	
κι/στέρνα	
κιρκαδιανός	
κιρκάνιος	
κίτρο	
κίτρος	
κλάπα	
κλάση	
κλασικός	
κλεισούρα	
κολάστρα	
κολέγιο	
κολεκτίβα	
κολίγας	
κόμης	
κομισάριος	
κόμισσα	
κομουνίζω	
κόμπρα	
κόνικλος	
κονκλάβιο	
κονκορδάτο	
κονσόρτσιουμ	
κοοπτάτσια	
κοράλλι	
κόρδα	
κορόνα	
κουβέντα	
κουβούκλιο	
κούκλα	
κουκούλα	
κουλτούρα	
κουμάρι	
κουμούλος/α	
κούπα	
κούρβα	
κούρβουλο	
κουρέλι	
κούρμπα	
κουρσεύω	
κουρτίνα	
κουστωδία	
κούτρα	
κρεβάτι	
κρεματόριο	
κρούστα	
κώδικας	
κωδίκελος	
λάβαρο	
λάβδανο	
λάκα	
λακέρδα	
λανάρα	
λάπαθο	
λαράριο	
λαρδί	
λατέξ	
λατίνι	
λατιφούντιο	
λεγάτος	
λεγεώνα	
λεγεωνάριος	
λέκτορας	
λεοπάρδαλη	
λεύγα	
λίβελος	
λίβρα	
λίμπιντο	
λιξούρης	
λογάριθμος	
λουκάνικο	
λουξ	
λουρί	
λουρίδα	
λουρίκι	
μάγιστρος	
μάγκας	
μάγουλο	
μαικήνας	
μακαρονικός	
μακεδονήσι	
μακελάρης/ισσα	
μακελειό	
μάνικα	
μανίκι	
μανουάλι	
μαντάτο	
μαντίλι	
μαξιλάρι	
μαξιμαλισμός	
μάξιμουμ	
μάπα	
μάργα	
μαργέλι	
μαρκησία/ος	
μαρούλι	
Μάρτιος	
μάσκα	
μάστορας/ισσα	
ματεριαλισμός	
ματρόνα	
ματσόλα	
μεδούλι	
μεμβράνα	
μέντιουμ	
μεσάλι	
μέσο	
μητάτο	
μίλι	
μιλι-	
μίνιμουμ	
μίνιο	
μισεύω	
μνημούρι	
μόδι	
μορατόριουμ	
μοργανατικός	
μοστράρω	
μούλα	
μουλάρι	
μούλος	
μούργα	
μουρντάρης	
μουρούνα	
μούσκλι	
μούσκουλο	
μούστος	
μπάκα	
μπιζ	
μπιζάρω	
μπινιάρης	
μπις	
μπούκα	
μπουκαμβίλια	
μπούλμπερη	
μπουμπούνας	
μπουρδουκλώνω	
μπούφος	
νεραγκούλα	
νεφάριος	
νιχιλισμός	
νιχιλιστής/τρια	
νουνά	
νουνος	
νοδάρος	
Νοέμβριος	
νομενκλατούρα	
νόνα	
νότα	
νουκλεοπρωτεΐνες	
ντε γιούρε	
ντε φάκτο	
ντελικάτος	
ντετερμινισμός	
ντούμπλεξ	
ξάγι	
ξαμώνω	
ξεφτέρι	
ξίγκι	
ξόμπλι	
οκτάβα	
Οκτώβριος	
όπτιμουμ	
οράριο	
ορατόριο	
όστια	
ουγκιά	
ουλτιμάτο	
ούλτιμο	
ουμανισμός	
ουνίτης	
ουτοπία	
οφικιάλιος	
οφίκιο	
παζλ	
παγώνω	
πακέτο	
παλαιοθήριο	
παλαιοοικολογία	
παμπ	
παναφρικανισμός	
πάνελ	
πανίδα	
πανκ	
παντουρανισμός	
παντουρκισμός	
παντς	
παραγκούπολη	
παραγλωσσολογία	
παράθυρο	
παραρινικός	
πάρκιν	
παρκινσονισμός	
παροσμία	
πάρτι	
πατερναλισμός	
πατροτοπικός	
πάτσγουορκ	
περίστροφο	
περονισμός	
περφεξιονισμός	
περφεξιονιστής/τρια	
πετρελαιοπηγή	
πετροδολάριο	
πίβοτ	
πίλινγκ	
πινγκ πονγκ	
πιτζάμα	
πλέι μέικερ	
πλέι μπακ	
πλέι μπόι	
πλότερ	
πνευμοκονίαση	
πνευμονίτιδα	
ποδόσφαιρο	
ποζιτρόνιο	
ποϊνσέτια	
πόιντερ	
πόκα	
πόκερ	
πολεομορφία	
πολεομορφισμός	
πόλισμαν	
πόλο	
πολυακόρεστος	
πολυεστέρας	
πολυκλινική	
πολυκυστικός	
πολυμέσα	
πολυπολιτισμικός	
πολυφασικός	
πολυφυλετικός	
πολυφυλετικός	
πολυφυλετισμός	
πόνεϊ	
πόντιουμ	
ποντς	
ποπ	
ποπ αρτ	
ποπκόρν	
ποροσκοπία	
πόστερ	
ποταμοπλαγκτόν	
πούλμαν	
πουλόβερ	
πουριτανή/ός	
πουριτανισμός	
πρες κόνφερανς	
πρες ρουμ	
προπάνιο	
προπέλα	
προραφαηλίτης	
προσέγχυμα	
προσπολιτισμός	
προσταγλανδίνη	
προτυποποίηση	
πρωτέας	
πρωτεύοντα	
πρωτογλώσσα	
πυραμίδα	
πυρηνικός	
πυρότουβλο	
ράγκμπι	
ρακούν	
ράλι	
ραμί	
ραντάρ	
ράντσο	
ραπ	
ράφτινγκ	
ρεβόλβερ	
ρέγκε	
ρεγκλάν	
ρεκόρ	
ρεκορντγούμαν	
ρέκορντμαν	
ρεπόρτερ	
ρεπουμπλικάνος	
ρετροϊός	
ρέφερης	
ρηγμάτωση	
ριγκ	
ριζίτιδα	
ριμέικ	
ριπλέι	
ροκ	
ροκ εντ ρολ	
ροσμπίφ	
ροταριανός	
ρουθήνιο	
ρούμι	
ρούμπα	
ρουπία	
ρουστίκο	
ρυζόχαρτο	
ίντριγκα	
αλπακάς	
βακαλάος	
γ/καμπαρντίνα	
γαρμπής	
γκουερίλα	
εσπάδα	
ιαγουάρος	
ιδαλγός	
ινφάντα/ης	
κακάο	
καμαρίλα	
κανίβαλος	
καστανιέτα	
κόνδωρ	
λάμα	
λάπατο	
λουμπάρδα	
μ/πετούγια	
μέγκενη	
μαλαγάνα	
μαντίλια	
μαριχουάνα	
μερινό	
μουντιάλ	
μουντομπάσκετ	
μπάρκο	
νέγρα/ος	
παλάβρα	
παρέα	
πατάτα	
πεσέτα	
πιστολέρο	
πλατίνα	
προνουντσιαμέντο	
ράντσο	
ρεάλιο	
σαβάνα	
σαλάδο	
σανγκρία	
σιέστα	
σοκολάτα	
σομπρέρο	
ταμπάκος	
τανγκό	
τραμπούκος	
τσίλι	
τσικό	
φιέστα	
φλαμένκο	
φλαμίνγκο	
χούντα	
αλτ	
αξιόγραφο	
βαλπούργεια	
βούρτσα	
γκεσταπίτης	
εγκιβωτισμός	
εντελβάις	
εντροπία	
ερζάτς	
ζέπελιν	
κάιζερ	
καμεραλισμός	
καρστ	
κιτς	
κοβάλτιο	
κραχ	
λάιτμοτίφ	
λούμπεν	
μάρκο	
μεσευρωπαϊκός	
μπόξερ	
ναζί	
νεογραμματικός	
ντελικατέσεν	
ορθολογισμός	
οστπολιτίκ	
παρλαπίπα	
πλακάτ	
πρόσληψη	
ράιχ	
ράστερ	
ρεάλπολιτίκ	
σβίγκο	
σνίτσελ	
σναπς	
σοσιαλδημοκράτης	
σοσιαλδημοκρατία	
σούκο	
στούκα	
σφάντζικα	
ταχυπιεστήριο	
υπερεγώ	
υποκατάστατο	
χρωματόσωμα	
ψυχανάλυση	
ζάντα	
ζέβρα	
ζακάρ	
ζακέτα	
ζαμάν	
ζαμανφουτίστας/τρια	
ζαμανφουτισμός	
ζαμπόν	
ζαπονέ	
ζαρντινιέρα	
ζαρτιέρα	
ζελέ	
ζεν	
ζεν	
ζενίθ	
ζερό	
ζιγκ	
ζιγκολέτα	
ζιγκολό	
ζιλέ	
ζιμπελίνα	
ζιπ	
ζιπούνι	
ζιρκόνιο	
ζογκλέρ	
ζούγκλα	
ζωοτεχνία	
ηγερία	
ηλεκτροακτινολογία	
ηλεκτροσκόπιο	
ηλεκτροσόκ	
ηλεκτρόφωνο	
ημιδιατροφή	
ηρωίνη	
θαλασσαιμία	
θεοδόλιχος	
θερμίδα	
θερμιδομετρία	
θερμιδόμετρο	
θερμικός	
θερμοσίφωνο	
θερμοχημεία	
θόριο	
ιακωβίνοι	
ιβουάρ	
ιδεαλισμός	
ιδεαλιστής	
ιδεαλιστρια	
ιερεμιάδα	
ιλουστρασιόν	
ιμιτασιόν	
ιμπεριαλισμός	
ιμπεριαλιστής	
ιμπεριαλιστρια	
ινσουλίνη	
ιρίδιο	
ιρασιοναλισμός	
ιστολογία	
ιχθυοκαλλιέργεια	
κάδμιο	
κάλιο	
κέσιο	
καγιάκ	
καλαμπούρι	
καλειδοσκόπιο	
καλιαρντά	
καλορί	
καλοριφέρ	
καλτσόν	
καλότα	
καμέλια	
καμηλό	
καμιζόλα	
καμιόνι	
καμουφλάζ	
καμουφλάρω	
καμπαρέ	
καμποτίνος	
καμπριολέ	
κανάγιας	
κανίς	
καναλιζάρω	
καναπές	
κανκάν	
καντράν	
κανό	
καουτσούκ	
καπιταλίστας	
καπιταλίστρια	
καπιταλισμός	
καπιτονέ	
καπό	
καρέ	
καρδιομεγαλία	
καρμίνιο	
καρμανιόλα	
καρμπιρατέρ	
καρμπόν	
καρνάβαλος	
καρνέ	
καροτίνη	
καρπέτα	
καρτ	
καρτέλ	
καρτεσιανισμός	
καρό	
κασέ	
κασκαντέρ	
κασκορσές	
κασκόλ	
κασπό	
καστόρι	
καφεΐνη	
καφεθέατρο	
καφεσαντάν	
καφετερία	
καφετιέρα	
κετόνες	
κεφίρ	
κιγκαλερία	
κιλοβάτ	
κιλοβατώρα	
κιλότο	
κινίνη	
κιναισθησία	
κινηματογράφος	
κινησιοσκόπιο	
κλάκα	
κλίκα	
κλακ	
κλακέτα	
κλακαδόρος	
κλασάρω	
κλασέρ	
κλατάρω	
κληρικαλισμός	
κλινική	
κλισέ	
κλος	
κλοσάρ	
κλου	
κλουαζονέ	
κοκέτης	
κοκαΐνη	
κοκεταρία	
κοκότα	
κολάζ	
κολάν	
κολάπσους	
κολίτιδα	
κολεκτιβιστικός	
κολεκτιβοποίηση	
κολεξιόν	
κολιέ	
κολορίστας	
κολοφώνιο	
κολόνια	
κομβόι	
κομεντί	
κομουνισμός	
κομουνιστής	
κομουνιστρια	
κομπέρ	
κομπίνα	
κομπινεζόν	
κομπλέ	
κομπλέξ	
κομπρεσέρ	
κομφερανσιέ	
κομφόρ	
κονσερβατουάρ	
κονσομέ	
κονσομασιόν	
κονστρουκτιβισμός	
κονσόλα	
κοντέρ	
κοντραπλακέ	
κοντρόλ	
κοοπερατίβα	
κορμοράνος	
κορνέ	
κορσάζ	
κορσές	
κορτικοθεραπεία	
κοσμητολογία	
κοσμητολόγος	
κοσμοδικία	
κοσμονομία	
κοσμοχημεία	
κοτιγιόν	
κοτλέ	
κοτολέτα	
κοτόν	
κουάφ	
κουβέρ	
κουβερτούρα	
κουλέρ	
κουπ	
κουπέ	
κουπόνι	
κούρσα	
κράμπα	
κρέπα	
κρέπι	
κραγιόνι	
κρατισμός	
κρεατίνη	
κρεατινίνη	
κρεμ	
κρεολή	
κρεολος	
κρεπ	
κρεπντεσίν	
κρετίνος	
κρετινισμός	
κρετόν	
κροκέ	
κροκέτα	
κροκίδωση	
κροσέ	
κρουαζιέρα	
κρουασάν	
κρουπιέρης	
κρυογόνο	
κρυοφυσική	
κρυπτόν	
κρυόλιθος	
κωδίκευση	
κωδικεύω	
λάσο	
λίκρα	
λαζουλίτης	
λαζουρίτης	
λακ	
λακές	
λαμέ	
λαμπατέρ	
λαμπιόνι	
λανολίνη	
λανσάρω	
λαντό	
λαπαλισμός	
λεβιές	
λεζάντα	
λετρίνα	
λετρασέτ	
λεϊσμανίαση	
λιγνίτης	
λιθογραφία	
λιθόσφαιρα	
λικέρ	
λιλά	
λιμουζίνα	
λινοτυπία	
λινοτύπης	
λιποπρωτεΐνη	
λιπόλυση	
λοσιόν	
λουμπάγκο	
λουξ	
λουτρ	
λούπα	
άλκαλι	
αβαείο	
αβανγκάρντ	
αβανγκαρντισμός	
αβαντάζ	
αγαθοθυμία	
αγγλέ	
αγενεσία	
αγκαζάρω	
αγκαζέ	
αγκράφα	
αγνωσιαρχία	
αγνωστικισμός	
αγραμματισμός	
αερομοντελισμός	
αεροναυτική	
αεροναυτιλία	
αεροναύτης	
αεροπλάνο	
αερόλυμα	
αερόστατο	
αερόφρενο	
αζούρ	
αηθικισμός	
αιθυλένιο	
αιθύλιο	
ακαζού	
ακορντεόν	
ακριλικός	
ακρομεγαλία	
ακτιβισμός	
ακτιβιστής/τρια	
ακτουαλισμός	
αλέα	
αλερετούρ	
αλκαλοειδές	
αλκοτέστ	
αλμανάκ	
αλπινισμός	
αλπινιστής/τρια	
αλτερνατίβα	
αλτρουισμός	
αμάλγαμα	
αμίαντο	
αμοραλισμός	
αμοραλιστής/τρια	
αμορτισέρ	
αμπέρ	
αμπαζούρ	
αμπαλάζ	
αμπαλάρω	
αμπιγιέ	
αμπιγιέζ	
αμπιγιέρ	
αμπούλα	
αμπρί	
αμφεταμίνη	
ανθρωποπίθηκος	
ανθρωποποίηση	
ανιλίνη	
ανιμιστικός	
ανοξία	
ανσάμπλ	
αντιήρωας	
αντιβιόγραμμα	
αντιγόνο	
αντικιέρ	
αντιλόπη	
αντώνυμο	
ανφάν-γκατέ	
ανφάς	
αξεσουάρ	
απάχης/ισσα	
απαρτεμάν	
απεριτίφ	
απλίκα	
αποτοξίκωση	
αρ νουβό	
αρ ντεκό	
αραμπέσκ	
αραχίδα	
αργκό	
αρζαντέ	
αριβίστας/τρια	
αριβισμός	
αρκανικός	
αρμ	
αρμονίστας	
αρτεσιανό	
ασανσέρ	
ασετιλίνη	
ασορτί	
ασπιρίνη	
αστιγματικός	
αστιγματισμός	
ατελιέ	
ατού	
ατραξιόν	
ατόλη	
αυτισμός	
αυτοπλαστική	
αψέντι	
βάνα	
βαγκόν	
βαζελίνη	
βαθυσκάφος	
βαθύσφαιρα	
βακελίτης	
βακτηριολογία	
βακτηριολογικός	
βαλές	
βαλκανοποίηση	
βαλς	
βαλτικός	
βαμπιρισμός	
βανδαλισμός	
βαποριζατέρ	
βαρβιτουρικά	
βαριετέ	
βαρονέσα	
βαρονία	
βαρόμετρο	
βαρόνος	
βελουτέ	
βενεδικτίνη	
βενζίνα/η	
βενζόη	
βενζόλη	
βεράντα	
βεραμάν	
βεριτάμπλ	
βερμούτ	
βερσιόν	
βηρύλλιο	
βιζαβί	
βιζόν	
βιμπράφωνο	
βιμπραφωνίστας	
βινιέτα	
βιοακουστική	
βιογένεση	
βιογενετική	
βιοθεραπεία	
βιοκλιματολογία	
βιοκοινωνία	
βιολονίστας	
βιονική	
βιονομία	
βισκόζ	
βισμούθιο	
βιταλισμός	
βιταμίνη	
βιτρίνα	
βιτριόλι	
βιτρό	
βιόσφαιρα	
βιότοπος	
βολάν	
βολονταρισμός	
βολτάμετρο	
βολταϊκός	
βοναπαρτισμός	
βορικό	
βουάλ	
βουαλάζ	
βουδισμός	
βουδιστής/τρια	
βουλεβάρτο	
βουλκανιζατέρ	
βουλκανισμός	
βραχμανισμός	
βρογχεκτασία	
βρογχοσκόπιο	
βρογχοτομία	
βροντόσαυρος	
βρυόφυτα	
βρόμιο	
βωξίτης	
βόρακας	
βόριο	
γάντι	
γίγα	
γαβριάς	
γαζέλα	
γαζί	
γαλβανίζω	
γαλβανικός	
γαλβανοπλαστική	
γαλβανοσκόπιο	
γαλβανοτυπία	
γαλβανόμετρο	
γαλλισμός	
γαργαντούας	
γαρδένια	
γαρνίρω	
γαρνιτούρα	
γασμούλος	
γεβεντίζω	
γεωδυναμικός	
γιούπι	
γκάζι	
γκάμα	
γκάφα	
γκίνια	
γκαζιέρα	
γκαζοζέν	
γκαζόν	
γκαλά	
γκαλερί	
γκαλόπ	
γκανιάν	
γκανιότα	
γκαράζ	
γκαραντί	
γκαρσονιέρα	
γκαρσόν	
γκι	
γκιλοτίνα	
γκιπούρ	
γκισέ	
γκομπλέν	
γκουάς	
γκουβερνάντα	
γκουλάγκ	
γκοφρέ	
γκοφρέτα	
γκραβούρα	
γκραν πάπας	
γκραν πρι	
γκρανγκινιόλ	
γκρενά	
γκρι	
γκρο πλαν	
γκρουπ	
γκρουπούσκουλο	
γλασάρω	
γλυτσίνα	
γλυκίδιο	
γλυκερίνη	
γλυκογόνο	
γλυκόζη	
γρίλια	
γρίπη	
γραβιέρα	
γραμμόφωνο	
γρανάζι	
γραφίτης	
γραφειοκρατία	
γραφομηχανή	
γρεναδιέρος	
γρόσα	
γυρόμετρο	
δακτυλογράφος	
δαντέλα	
δεγράς	
δελφίνος	
διακειμενικότητα	
διασκόπιο	
διαχρονία	
διεθνής	
διευθυντήριο	
διοξείδιο	
διφθερίτιδα	
δοκιμαστής	
δολομίτης	
δρόγη	
δυναμοηλεκτρικός	
δυναμοκρατία	
δυναμό	
δυναμόμετρο	
εβαζέ	
εβαπορέ	
εβονίτης	
εγκρέτα	
εγκυκλοπαίδεια	
εγκυκλοπαιδιστές	
εγωισμός	
εγωιστής/τρα	
εγωτισμός	
εγωτιστής	
εισοδισμός	
εκάι	
εκατόγραμμο	
εκλέρ	
εκράν	
εκρού	
εκτάριο	
ελίτ	
ελιτισμός	
εμαγιέ	
εμιγκρέ	
εμουλσιόν	
εμπειρισμός	
εμποροκρατία	
μίτζα	
μαγδαλένιο	
μαγιονέζα	
μαγιό	
μαγνητόφωνο	
μαζορέτα	
μαζοχισμός	
μαζοχιστής/τρια	
μακάβριος	
μακιγιάζ	
μακιγιάρω	
μακιγιέζ	
μακιγιέρ	
μακροοικονομία	
μαλαχίτης	
μαμαζέλ	
μαμούθ	
μανδαρίνος	
μανεκέν	
μανιερισμός	
μανικιούρ	
μανσέτα	
μανσόν	
μαντάμ	
μαντό	
μανόλια	
μανόμετρο	
μαρέγκα	
μαραμπού	
μαργαρίνη	
μαριονέτα	
μαρκίζα	
μαρκετερί	
μαρμίτα	
μαρμελάδα	
μαρξισμός	
μαρξιστής/τρια	
μαρς	
μαρσάρω	
μαρσπιέ	
μασάζ	
μασέζ	
μασέρ	
μασίφ	
μασκέ	
μασκότ	
ματ	
ματιέρα	
ματμαζέλ	
μεγαβάτ	
μεζονέτα	
μεθάνιο	
μεθυλένιο	
μελαμίνη	
μελόν	
μενού	
μενταγιόν	
μερκαντιλισμός	
μερσί	
μερσεριζέ	
μερσερισμός	
μεσόσφαιρα	
μεταμοντέρνος	
μετρ	
μετρέσα	
μετρό	
μεφιτικός	
μεφιτισμός	
μηδενισμός	
μηδενιστής/τρια	
μηχανογράφος	
μιζανπλί	
μικροαμπέρ	
μικροβιολογία	
μικροβόλτ	
μικρογραμμάριο	
μικροδομή	
μικροοικονομία	
μικροσκοπικός	
μικροσκόπιο	
μικροφωτογραφία	
μικρόβιο	
μιλιμετρέ	
μιλιταρισμός	
μιλιταριστής/τρια	
μιλφέιγ	
μινιμαλισμός	
μινιόν	
μιξάζ	
μοβ	
μοδίστρα	
μοκέτα	
μολυβδένιο	
μονοπλάνο	
μοντάζ	
μοντελίστ	
μοντελισμός	
μονόκλ	
μορμονισμός	
μορμόνος	
μορφίνη	
μορφολογία	
μοτέρ	
μοτοκρός	
μοτοσικλέτα	
μοτοσικλετιστής/τρια	
μουαρέ	
μουλινέ	
μους	
μουσελίνα	
μουσώνας	
μουφλόν	
μούσι	
μπέρτα	
μπαγιαντέρα	
μπαγκέτα	
μπαζάρ	
μπακαράς	
μπαλ μασκέ	
μπαλαντέζα	
μπαλαντέρ	
μπαλαρμάς	
μπαλόνι	
μπαμπάς	
μπαράζ	
μπαρόκ	
μπας κλας	
μπατίκ	
μπατόν σαλέ	
μπεζ	
μπεζές	
μπεκ	
μπελ επόκ	
μπεμόλ	
μπεν μαρί	
μπενζίνα	
μπερές	
μπεσαμέλ	
μπετονιέρα	
μπετόν	
μπετόνι	
μπιέλα	
μπιενάλε	
μπιζού	
μπικουτί	
μπιμπελό	
μπιμπερό	
μπιμπλό	
μπιντές	
μπιτόνι	
μπιφτέκι	
μπλαζέ	
μπλε	
μπλεμαρέν	
μπλοκ	
μπλουζόν	
μπλούζα	
μποά	
μποέμ	
μπολ	
μπολερό	
μπομπόνι	
μπον φιλέ	
μποξέρ	
μπορ	
μπορντούρα	
μπορντό	
μποτίνι	
μπουά	
μπουάτ	
μπουαζερί	
μπουγιαμπέσα	
μπουγιότα	
μπουζί	
μπουκέτο	
μπουλβάρ	
μπουλόνι	
μπουντουάρ	
μπουρζουάς	
μπουρζουαζία	
μπουρλέσκο	
μπουτίκ	
μπουτόν	
μπουφάν	
μπουφές	
μποϊκοτάζ	
μπούκλα	
μπρα ντε φερ	
μπρασελέ	
μπρελόκ	
μπρετέλα	
μπριγιάντι	
μπριγιαντίνη	
μπριγιόλ	
μπριγκέτα	
μπριός	
μπροκάρ	
μπροντερί	
μπροσούρα	
μπότα	
μυδράλιο	
μυελοβλάστη	
μυελογραφία	
μυελόγραμμα	
μυοκλονία	
μυοπάθεια	
μυστικισμός	
νάγια	
νέον	
ναΐφ	
ναπολεόνι	
νατουραλισμός	
νατουραλιστής/τρια	
ναφθαλίνη	
νεγκλιζέ	
νεκρά φύση	
νεσεσέρ	
νετρόνιο	
νευρογλοία	
νικοτίνη	
νιόβιο	
νομιναλισμός	
νομιναλιστής/τρια	
νορμάλ	
νουβέλ βαγκ	
νουγκά	
νουγκατίνα	
ντάλια	
νταντέλα	
ντανταϊσμός	
ντεγκραντέ	
ντεκαπάζ	
ντεκλαρέ	
ντεκοβίλ	
ντεκολτέ	
ντεκορατέρ	
ντεκουπάζ	
ντεκουπάρω	
ντεκουπαριστός	
ντεκόρ	
ντελαπάρω	
ντεμί σεζόν	
ντεμακιγιάζ	
ντεμαράζ	
ντεμοντέ	
ντεμπιτάντ	
ντεμπούτο	
ντεμπραγιάζ	
ντενιέ	
ντεπιές	
ντεπό	
ντεσέν	
ντεσιμπέλ	
ντεφετισμός	
ντεφετιστής	
ντεφιλέ	
ντεφορμέ	
ντεϊσμός	
ντιζέζ	
ντιζέρ	
ντιρεκτίβα	
ντισκοτέκ	
ντιστεγκές	
ντοκιμαντέρ	
ντοκτορά	
ντολμέν	
ντοπέ	
ντοσιέ	
ντουί	
ντουμπλ φας	
ντουμπλάρω	
ντουμπλές	
ντουραλουμίνιο	
ντους	
ντρίλι	
ντραπέ	
ντρεσάρω	
οβάλ	
οβίδα	
ογκρατέν	
οδαλίσκη	
οικολογία	
οικονομετρία	
οικοσύστημα	
οκαζιόν	
ολογραφία	
ολοκληρωτισμός	
ολόγραμμα	
ομελέτα	
οντισιόν	
οντουλάρω	
οντουλασιόν	
ονυχοκόμος	
οξαλικός	
οξυγόνο	
οξυζενέ	
οξόνη	
οπερατέρ	
οπορτουνισμός	
οπορτουνιστής/τρια	
οπτιμισμός	
οπτιμιστής/τρια	
ορ τεξτ	
οργαντίνα	
οριενταλισμός	
ορλόν	
ορμόνη	
ορντέβρ	
ορολογία	
ορφισμός	
οτομοτρίς	
οτοστόπ	
ουβερτούρα	
ουδετερόδυνος	
ουλάνος	
ουνιβερσαλισμός	
ουρανισμός	
ουρμπανισμός	
οφικλείδα	
οψιόν	
πένσα	
πίστα	
παγέτα	
παγαία	
παλ	
πανέ	
πανζωοτία	
πανσές	
πανσιόν	
πανταλόνι	
παντατίφ	
παντομίμα	
πανό	
πανόραμα	
παπιγιόν	
παραβάν	
παραγλώσσα	
παραθείο	
παραφίνη	
παραφίνωση	
παραφασία	
παραψυχικός	
παρεό	
παριζιάνος	
παρκέ	
παρκέτο	
παρκετάρω	
παρκετέζα	
παρκόμετρο	
παρλαμάς	
παρμεζάνα	
παρμπρίζ	
παρνασσισμός	
παρντεσού	
παρντόν	
παρσισμός	
παρτέρι	
παρτενέρ	
παρτούζα	
παρφουμαρίζομαι	
πασαρέλα	
πασιφισμός	
πασπαρτού	
παστέλ	
παστεριώνω	
πατέ	
πατίνι	
πατινάζ	
πατινάρω	
πατρόν	
πατσουλί	
πεκινουά	
πελερίνα	
πελούζα	
πελότα	
πενικιλίνη	
πενιουάρ	
πεντάλ	
πεντάνιο	
πεντικιούρ	
πεπτίδιο	
περίμετρο	
περμανάντ	
περσίδα	
περσοναλισμός	
περσοναλιστής/τρια	
πεσιμισμός	
πεσιμιστής/τρια	
πετάλι	
πεψίνη	
πιάν	
πιερότος	
πιετισμός	
πικές	
πικνίκ	
πιλοτή	
πινάκλ	
πινέζα	
πιονέρος/ισσα	
πιράνχας	
πιρουέτα	
πιρόγα	
πιόνι	
πλαζ	
πλακέ	
πλακέτα	
πλανάρω	
πλασάρω	
πλασιέ	
πλαστρόν	
πλατίνα	
πλατερέσκ	
πλατινέ	
πλατφόρμα	
πλατό	
πλαφονιέρα	
πλαφόν	
πλεξιγκλάς	
πλερέζα	
πληροφορική	
πλισές	
πλονζόν	
πλουραλισμός	
πολεμολογία	
πολυτραυματίας	
πομπέ	
πονζέ	
ποπλίνα	
πορτατίφ	
πορτμαντό	
πορτμονέ	
πορτμπαγκάζ	
πορτμπεμπέ	
πορτμπονέρ	
πορτρέτο	
ποσέ	
ποστίς	
ποστρεστάντ	
ποτ πουρί	
πουά	
πουάρ	
πουαντιλισμός	
πουλέν	
πουρέ	
πουρμπουάρ	
πουτίγκα	
πουφ	
πούδρα	
πρέφα	
πρίζα	
πραλίνα	
πρεμιέρα	
πρεστίζ	
πρεταπορτέ	
πριμ	
πριμιτιβισμός	
πριμιτιβιστής	
προβοκάτορας/ισσα	
προθρομβίνη	
προτεκτοράτο	
προτεσταντισμός	
προτσές	
προφίλ	
πρωτεΐνη	
πρόθημα	
πτιφούρ	
πόντιουμ	
ράγιες	
ράμπα	
ράντα	
ρέβα	
ρέντα	
ραβιέρα	
ραγκού	
ραδιοερασιτέχνης	
ραδιοταξί	
ραδιοφωνία	
ραμολής	
ραμποτέ	
ραντεβού	
ραντιέρης	
ρασιοναλισμός	
ρασιοναλιστής	
ραφινέ	
ρεαλιστής/τρια	
ρεβάνς	
ρεβέρ	
ρεβανσισμός	
ρεβεγιόν	
ρεβιζιονισμός	
ρεβιζιονιστής	
ρεγιόν	
ρεζεντά	
ρεζερβέ	
ρεζερβουάρ	
ρεζιοναλισμός	
ρεζισέρ	
ρεζουμέ	
ρεκλάμα	
ρεκτιφιέ	
ρελάνς	
ρελαντί	
ρελατιβισμός	
ρενάρ	
ρεντινγκότα	
ρεπορτάζ	
ρεπροντιξιόν	
ρεπό	
ρεσεψιονίστ	
ρεσεψιόν	
ρεσιτάλ	
ρετάρω	
ρετιρέ	
ρετουσάρω	
ρετούς	
ρετρό	
ρεφάρω	
ρεφλέξ	
ρεφορμισμός	
ρεφορμιστής/τρια	
ρεφρέν	
ριλάξ	
ριντό	
ριπολίνη	
ριφιφί	
ροζ	
ροζέ	
ροκοκό	
ροκφόρ	
ρολάρω	
ρολό	
ρομανικός	
ρομπ ντε σαμπρ	
ροντάρισμα	
ροντάρω	
ροντό	
ρουζ	
ρουλέτα	
ρουλεμάν	
ρουμπίνι	
ρουμπινές	
ρουμπρίκα	
ρουτίνα	
ρόλος	
σάρπα	
σέπαλο	
σαβαγιάρ	
σαβαρέν	
σαβουάρ βιβρ	
σαγκουίνι	
σαδισμός	
σαδιστής/τρια	
σακ βουαγιάζ	
σακχαρίνη	
σαλέ	
σαλμί	
σαμουά	
σαμπάνια	
σαμπανιζέ	
σαμποτάζ	
σαμποτάρω	
σαμποτέρ	
σαμπουάν	
σαμπρέλα	
σαμπό	
σανσκριτικός	
σαντιγί	
σαντούκ	
σαντρέ	
σανφασόν	
σαξ	
σαξοφωνίστας	
σαξόφωνο	
σασί	
σασμάν	
σατέν	
σατινάρω	
σατινέ	
σατομπριάν	
σεβρό	
σεζλόνγκ	
σεζόν	
σεκάνς	
σεμέν	
σεμέν ντε φερ	
σενιάν	
σενσουαλισμός	
σεξ	
σεξισμός	
σεξιστής/τρια	
σεξουαλισμός	
σεπαρέ	
σεπτέτο	
σερί	
σερβάντα	
σερβί	
σερβίρω	
σερβίς	
σερβιέτα	
σερζ	
σερπαντίνα	
σεσουάρ	
σεφ	
σιέλ	
σικ	
σικέ	
σικλαμέν	
σιλανσιέ	
σιλουέτα	
σιλό	
σιμούν	
σινεμά	
σινιέ	
σινιόν	
σιρκουί	
σιρόπι	
σισπανσιόν	
σιφονιέρα	
σιωνισμός	
σιωνιστής/τρια	
σκάφανδρο	
σκαμπίλι	
σκαμπό	
σκεπτικισμός	
σκι	
σκιέρ	
σοβιέτ	
σοβινισμός	
σοβινιστής/τρια	
σοκ	
σοκάρω	
σολιψισμός	
σολφέζ	
σομιέ	
σομόν	
σοσιαλισμόςι	
σοσιαλιστής/τρια	
σοσόνι	
σοτάρω	
σοτέ	
σουά σοβάζ	
σουέτ	
σουίτα	
σουαρέ	
σουβενίρ	
σουκρούτ	
σουμπλιμέ	
σουμπρέτα	
σουξέ	
σουπέ	
σουρεαλισμός	
σουρεαλιστής/τρια	
σουτιέν	
σουφλέ	
σουφραζέτα	
σοφάρω	
σοφέρ/ίνα	
σοφιστικέ	
σπεσιαλιτέ	
σπινθηρογράφημα	
σπληνογραφία	
σπληνομεγαλία	
στατιστικός	
στερεογραφία	
στερεοσκόπιο	
στερεοφωνία	
στερεοφωτογραφία	
στερεοχημεία	
στερεοχρωμία	
στερεότυπος	
στιλ	
στιλίστας	
στιλογράφος	
στιλό	
στρατόσφαιρα	
στρεπτόκοκκος	
στριπτιζέζ	
στρυχνίνη	
συλφίδα	
συναισθηματισμός	
συνδικάτο	
συνδικαλίζομαι	
συνδικαλιστής/τρια	
σχετικισμός	
τάπα	
τάρτα	
τέρα	
ταγέρ	
ταινιοθήκη	
τακτ	
ταλκ	
ταμπά	
ταμπλ ντοτ	
ταμπλό	
ταμπούρο	
ταμπόν	
τανίνη	
ταξί	
ταξίμετρο	
ταπετσιέρης	
ταπισερί	
ταρταρίνος	
τατουάζ	
τελεσιέζ	
τελεφερίκ	
τερμίτης	
τερορισμός	
τετατέτ	
τηλέγραφος	
τηλέφωνο	
τηλε	
τηλεγραφία	
τηλεκάρτα	
τηλεπάθεια	
τηλεπληροφορική	
τηλεσκόπιο	
τηλεόραση	
τικ	
τιράζ	
τιρκουάζ	
τιρμπουσόν	
τονάζ	
τοξίνη	
τοξικομανία	
τορπίλα	
τοτέμ	
τοτεμισμός	
τουαλέτα	
τουρμπάνι	
τουρμπίνα	
τουρνέ	
τουρνικέ	
τουρνουά	
τούγια	
τούλι	
τούνελ	
τούρτα	
τρένο	
τρέσα	
τραβεστί	
τραγικωμωδία	
τρακ	
τρακτέρ	
τραλαλά	
τραμ	
τρανς	
τραντές	
τραπιστής	
τραχειίτιδα	
τραχειοβρογχίτιδα	
τραχειοσκόπηση	
τραχειοτομή	
τρενάρω	
τριγωνομετρία	
τρικ	
τρικό	
τριολέτο	
τροβαδούρος	
τροτέζα	
τρουακάρ	
τρούφα	
τσαπέλα	
τσιντσιλά	
τσιτάτο	
τυπογράφος	
τυπογραφία	
τόνος	
υδατοδιαλυτός	
υδρογεωλογία	
υδρογραφία	
υδροθεραπεία	
υδροκεφαλία	
υδροκλιματολογία	
υδρολογία	
υδροπλάνο	
υδροστατικός	
υπαρξισμός	
υπερίτης	
υπερρεαλισμός	
υπερρεαλιστής/τρια	
υπνωτίζω	
υπνωτισμός	
υποβιταμίνωση	
υποθάλαμος	
υποχλωρυδρία	
υστερία	
υψηλή ραπτική	
φέιγβολάν	
φαβορί	
φαβορίτα	
φαβορίτος	
φαβοριτισμός	
φανατισμός	
φαντασιακός	
φαντασμαγορία	
φαντεζί	
φαντομάς	
φαρμακογνωσία	
φαρμακολογία	
φαρσέρ	
φαρυγγίτιδα	
φαρυγγολαρυγγίτιδα	
φαρυγγοτομία	
φασίζω	
φασαμέν	
φασματοσκόπιο	
φασόν	
φαταλισμός	
φαταλιστής/τρια	
φεμινισμός	
φεμινιστής/τρια	
φερμουάρ	
φερφορζέ	
φεστιβάλ	
φεστόνι	
φετίχ	
φετιχισμός	
φετιχιστής/τρια	
φθόριο	
φιλέ	
φιλελληνισμός	
φιλιγκράν	
φιλμ νουάρ	
φιμέ	
φιναλίστ	
φιξ	
φις	
φλεβίτιδα	
φλος	
φλοτέρ	
φλου	
φο μπιζού	
φοβία	
φοβισμός	
φοβιστής	
φονξιοναλισμός	
φοντάν	
φονταμενταλισμός	
φονταμενταλιστής/τρια	
φοξ τεριέ	
φορμαλισμός	
φορμαλιστής/τρια	
φουάγκρα	
φουαγιέ	
φουλάρι	
φουνξιοναλισμός	
φουρό	
φουτουρισμός	
φουτουριστής/τρια	
φράκο	
φρέζα	
φρένο	
φρίζα	
φραμπαλάς	
φραμπουάζ	
φραξιονισμός	
φραξιονιστής/τρια	
φραπέ	
φριζάρω	
φρικασέ	
φριτέζα	
φρου φρου	
φρουί γκλασέ	
φυγοκέντριση	
φυγόκεντρος	
φυλλοξέρα	
φυσικοχημεία	
φυτολογία	
φωνογράφος	
φωνομετρία	
φωνόμετρο	
φωσφόρος	
φωταέριο	
φωτοβιολογία	
φωτογράφος	
φωτογραφία	
φωτοευαίσθητος	
φωτοευαισθησία	
φωτοηλεκτρικός	
φωτομετρία	
φωτομοντάζ	
φωτορομάντζο	
φωτοτηλεγραφία	
φωτοτυπία	
φωτοχημεία	
φωτόμετρο	
χακί	
χαλκογραφία	
χαμίνι	
χημειοθεραπεία	
χημειοσύνθεση	
χημειοτακτισμός	
χιλιογραμμόμετρο	
χιλιόγραμμο	
χιλιόμετρο	
χιουμορίστας	
χλωροφόρμιο	
χλωροφύλλη	
χοληστερίνη	
χολοκυστίτιδα	
χολοκυστεκτομή	
χολοκυστογραφία	
χροναξία	
χρωμολιθογραφία	
ψευδάρθρωση	
ψυχίατρος	
ψυχασθένεια	
ψυχιατρική	
ψυχοαναληπτικός	
ψυχογένεση	
ψυχοθεραπεία	
ψυχοκινητικός	
ψυχοκοινωνιολογία	
ψυχοληπτικός	
ψυχολογία	
ψυχομετρία	
ψυχονεύρωση	
ψυχοπάθεια	
ψυχοπαθολογία	
ψυχοπαιδαγωγικός	
ψυχοτεχνικός	
ψυχοτονικός	
ψυχοτρόπος	
ψυχοφυσικός	
ψυχοφυσιολογία	
ψυχοχειρουργική	
ψυχρομετρία	
ψυχρόμετρο	
ψυχρόφιλος	
ψύχωση	
ωογένεση	
ωσμόμετρο	
ωτορινολαρυγγολογία	
ωτοσκλήρυνση	
ωτοσκόπηση	
ωτοσκόπιο	
ωφελιμισμός	
όζη	
όσκολο	
όσμιο	
ώσμωση	