óm	Danish		
fés	Danish		
fúx	Danish		
tau	Danish		
tja	Danish		
óbó	Danish		
amor	Latin		
fána	Latin		
gen	German		
man	German		
bæ	English		
vá	English		
mús	French		
buff	Danish		
bugt	Danish		
bæsa	Danish		
búnt	Danish		
fart	Danish		
fúga	Danish		
snuð	Danish		
sver	Danish		
sósa	Danish		
takk	Danish		
debet	Latin		
dorma	Latin		
regla	Latin		
sínus	Latin		
koja	German		
saft	German		
bar	English		
fax	English		
hax	English		
par	English		
sex	English		
ball	French		
mútta	Danish		
renta	Danish		
rúnna	Danish		
skítt	Danish		
snafs	Danish		
spaug	Danish		
spæll	Danish		
stell	Danish		
stáss	Danish		
stóla	Danish		
sykur	Danish		
sérrí	Danish		
takki	Danish		
tanta	Danish		
veski	Danish		
vinka	Danish		
órans	Danish		
þrúga	Danish		
fúga	Italian		
krókus	Latin		
pardus	Latin		
sement	Latin		
stemma	Latin		
lager	German		
listi	German		
adda	English		
bræt	English		
djók	English		
flís	English		
golf	English		
hönk	English		
koks	English		
lúkk	English		
nörd	English		
olla	English		
púma	English		
sexí	English		
stát	English		
tana	English		
teip	English		
bravó	French		
bransi	Danish		
dunkur	Danish		
grúbba	Danish		
sminka	Danish		
sneddí	Danish		
soddan	Danish		
splæsa	Danish		
spritt	Danish		
spínat	Danish		
stemma	Danish		
stoppa	Danish		
stroff	Danish		
stulta	Danish		
sturta	Danish		
svindl	Danish		
túndra	Danish		
valmúi	Danish		
vaskur	Danish		
veigra	Danish		
pasta	Italian		
pizza	Italian		
píanó	Italian		
pítsa	Italian		
pendúll	Latin		
persóna	Latin		
predika	Latin		
bambus	German		
korkur	German		
krassa	German		
mandla	German		
mortél	German		
blogg	English		
bónus	English		
deita	English		
dróni	English		
gella	English		
grand	English		
klikk	English		
líter	English		
panda	English		
póker	English		
ráder	English		
róbot	English		
seena	English		
seiva	English		
skíri	English		
sérrí	English		
súper	English		
tromp	English		
bransi	French		
granít	French		
kúskús	French		
akkúrat	Danish		
dómpápi	Danish		
fenómen	Danish		
krepera	Danish		
smekkur	Danish		
stúdent	Danish		
svindla	Danish		
sígauni	Danish		
vampíra	Danish		
vinkill	Danish		
brúttó	Italian		
fíaskó	Italian		
böggur	English		
kommon	English		
kvarki	English		
kántrí	English		
leysir	English		
nippla	English		
skonsa	English		
snappa	English		
stress	English		
tissjú	English		
Tjalli	English		
trimma	English		
kaloría	French		
prímati	French		
aldeilis	Danish		
húllumhæ	Danish		
salíbuna	Danish		
statisti	Danish		
stimpill	Danish		
gíraffi	Italian		
kantata	Italian		
lasanja	Italian		
malaría	Italian		
pólitíkus	Latin		
smaragður	Latin		
bimmari	English		
krikket	English		
skrolla	English		
skunkur	English		
stressa	English		
tanaður	English		
diskótek	French		
kassetta	French		
lautinant	Danish		
pródúsent	Danish		
statistík	Danish		
svínvirka	Danish		
súkkulaði	Danish		
temmilega	Danish		
trekantur	Danish		
ýtarlegur	Danish		
sonnetta	Italian		
spagettí	Italian		
óratóría	Italian		
disketta	English		
internet	English		
Internet	English		
poppkorn	English		
kapari	Danish	rare	
pepperóní	English		
bíó	Danish	standard	
dúr	Danish	standard	
fag	Danish	standard	
ger	Danish	standard	
kar	Danish	standard	
kex	Danish	standard	
kím	Danish	standard	
mús	Danish	standard	
pía	Danish	standard	
rör	Danish	standard	
viskustykki	Danish		
prímadonna	Italian		
arfi	Latin	standard	
mars	Latin	standard	
flikk flakk	French		
gas	French	standard	
altmuligmand	Danish		
bali	Danish	standard	
bara	Danish	standard	
basi	Danish	standard	
bíll	Danish	standard	
fals	Danish	standard	
fars	Danish	standard	
flís	Danish	standard	
gigt	Danish	standard	
gnýr	Danish	standard	
gína	Danish	standard	
kela	Danish	standard	
lúga	Danish	standard	
lúta	Danish	standard	
mars	Danish	standard	
mýta	Danish	standard	
núll	Danish	standard	
patt	Danish	standard	
peli	Danish	standard	
púði	Danish	standard	
rasp	Danish	standard	
rifs	Danish	standard	
ræll	Danish	standard	
rúða	Danish	standard	
sena	Danish	standard	
sjal	Danish	standard	
akút	Latin	duplicate	
nanó-	Latin	standard	
mana	German	standard	
akút	Danish	duplicate	
bakka	Danish	standard	
banka	Danish	standard	
bauja	Danish	standard	
bifur	Danish	standard	
dragt	Danish	standard	
fönix	Danish	standard	
galli	Danish	standard	
gella	Danish	standard	
hekla	Danish	standard	
hótel	Danish	standard	
karrí	Danish	standard	
kassi	Danish	standard	
keðja	Danish	standard	
kjóll	Danish	standard	
krani	Danish	standard	
króna	Danish	standard	
linsa	Danish	standard	
mappa	Danish	standard	
motta	Danish	standard	
móður	Danish	standard	
negri	Danish	standard	
nikka	Danish	standard	
pipar	Danish	standard	
pylsa	Danish	standard	
púkk	Danish	duplicate	
púrra	Danish	standard	
pússa	Danish	standard	
redda	Danish	standard	
rukka	Danish	standard	
sippa	Danish	standard	
í essinu sínu	Danish		
akút	German	duplicate	
hefti	German	standard	
jóðla	German	standard	
miltisbrandur	German		
orgel	German	standard	
púkk	German	duplicate	
metan	French	standard	
púkk	French	duplicate	
aborri	Danish	standard	
amaba	Danish	duplicate	
amöba	Danish	duplicate	
ananas	Danish	standard	
banani	Danish	standard	
bómull	Danish	standard	
fagott	Danish	standard	
fasani	Danish	standard	
flauel	Danish	standard	
flauta	Danish	standard	
kaball	Danish	standard	
kanill	Danish	standard	
klinka	Danish	standard	
klúðra	Danish	standard	
klúður	Danish	standard	
knall	Danish	rare	dated
líter	Danish	duplicate	
prammi	Danish	standard	
póstur	Danish	standard	
rúntur	Danish	standard	
seðill	Danish	standard	
skikka	Danish	standard	
slæmur	Danish	standard	
frakki	German	standard	
koníak	French	standard	
lítri	French	duplicate	
rampur	French	standard	
blómkál	Danish	standard	
brómber	Danish	standard	
flinkur	Danish	standard	
flygill	Danish	standard	
franska	Danish	standard	
glimmer	Danish	standard	
hindber	Danish	standard	
karafla	Danish	standard	
klósett	Danish	standard	
mispill	Danish	standard	
paprika	Danish	standard	
prótein	Danish	standard	
púrtvín	Danish	standard	
riffill	Danish	standard	
sandali	Danish	standard	
skrolla	Danish	standard	
slagari	Danish	standard	
hektari	French	standard	
bakkelsi	Danish	standard	
blýantur	Danish	standard	
búðingur	Danish	standard	
franskur	Danish	standard	
kanslari	Danish	standard	
kartafla	Danish	standard	
kíghósti	Danish	standard	
postulín	Danish	standard	
punktur og basta	Danish		
estragon	French	standard	
appelsína	Danish	standard	
griffill	Danish	rare	dated
harmóníum	Danish	standard	
innvortis	Danish	standard	
karamella	Danish	standard	
mislingar	Danish	standard	
múrmeldýr	Danish	standard	
prófessor	Danish	standard	
punktur og basta	Italian		
germanskur	Latin	standard	
tambúrína	French	standard	
huggulegur	Danish	standard	
kakkalakki	Danish	standard	
milljarður	French	standard	
púrrulaukur	Danish	standard	
ópíum	Ancient Greek	standard	
miltisbrandur	Danish	standard	
prís	Danish	rare	dated in this sense
rabítur	English	rare	very rare and dated
koffort	Danish	standard	but becoming rare
blýglans	Danish	rare	I've never heard of this word
falur	Danish	rare	in this sense (as a nautical term)
edrú	Danish	standard	but has an Icelandic alternative
ekta	Danish	standard	but has an Icelandic alternative
lukt	Danish	standard	but has an Icelandic alternative
della	Danish	standard	but has an Icelandic alternative
dúkka	Danish	standard	but has an Icelandic alternative
fatta	Danish	standard	but has an Icelandic alternative
græja	Danish	standard	but has an Icelandic alternative
prakt	Danish	standard	but has an Icelandic alternative
salvi	Danish	standard	but has an Icelandic alternative
bremsa	Danish	standard	but has an Icelandic alternative
kúpull	Danish	standard	but has an Icelandic alternative
klúbbur	Danish	standard	but has an Icelandic alternative
sjúskaður	Danish	standard	but has an Icelandic alternative
mana	English		this is restricted to the gaming sense of the word
knæpa	Danish	standard	but has a more common Icelandic alternative
kúnni	Danish	standard	but has a more common Icelandic alternative
mubla	Danish	standard	but has a more common Icelandic alternative
melding	Danish	standard	but has a more common Icelandic alternative
dörslag	Danish	rare	I've never heard of this word, but it would count as a proper loanword
aborri			
adressa			
agúrka			
akademí			
akkeri			
akkorð			
akkúrat			
akta			
albúm			
aldeilis			
algebra			
allegóría			
alt			
altan			
ambari			
ambassador			
ambolti			
ambrajurt			
ametta			
amía			
amt			
angist			
anís			
annáll			
annexía			
ansjósa			
antefna			
apótek			
appelsína			
apríkósa			
apríl			
arinn			
ark			
arkitekt			
armóður			
armbrist			
arsenik			
art			
asfalt			
asna			
assessor			
assúrans			
astrak			
atlask			
bagall			
bakka			
bákn			
baksa			
baktería			
balbína			
banditt			
banginn			
banka			
barlak			
barti			
basalt			
basar			
basi			
basilla			
baslari			
basmir			
bast			
bastarður			
basti			
básúna			
batterí			
bátur			
bauja			
báxít			
beikon			
beisivikt			
bekkingarmaður			
bengill			
besefi			
bestikk			
beykir			
beysing			
beytill			
bígyrðill			
bikar			
bíla			
bílífi			
billegur			
bimpill			
bínarður			
biskup			
biskví			
bíslag			
bismari			
bison			
bissus			
bísund			
bjafall			
bját			
bjólan			
blabbra			
blakkur			
blakt			
blank			
blanka			
blankur			
bleia			
blek			
blettur			
bliða			
blók			
blor			
blúnda			
blý			
blýantur			
bobbingur			
boddí			
bófi			
bóglína			
bóhem			
bollok			
bólmjurt			
bolsía			
bolt			
bólverk			
bomba			
bomm			
bommerta			
bómolía			
bómull			
bóna			
borga			
borgari			
bossa			
bota			
bóti			
botla			
bótsama			
botuna			
box			
bráður			
bram			
brama			
brandari			
bréf			
Bresi			
bríarí			
bringja			
brinki			
brislingur			
brjála			
bródera			
brók			
bróm			
brómber			
brons			
brossía			
brostfeldugur			
brothvitill			
brúði			
brumla			
brúnel			
brús			
brúsa			
brúttó			
brynja			
búðingur			
buff			
buffeit			
bugt			
bukl			
bukla			
bukran			
bullibak			
bumla			
bumm			
bunki			
búnt			
bursti			
bús			
buski			
Búskmaður			
búss			
bússerúlla			
butur			
buxhorn			
buxur			
byrla			
býta			
bytta			
býtta			
byxa			
bæ			
bölti			
daðla			
dádýr			
dálkur			
dalmatíka			
dampa			
dándimaður			
dárlegur			
darra			
daska			
dáti			
davíða			
deila			
dekk			
dekra			
dekstra			
dekur			
denta			
desember			
desert			
díar			
dikta			
dínamór			
dingull			
dini			
díróið			
dirra			
diskur			
dismaladagur			
dísætur			
dívan			
djass			
djobb			
dobla			
dokument			
dólerít			
dólkur			
domm			
dómpápi			
dondra			
dont			
dóp			
doparr			
dopull			
dór			
dordi			
dósent			
dót			
drama			
dramm			
drapp			
drauja			
drella			
dristugur			
drómedari			
dróttseti			
drúld			
dryfta			
dúffel			
dumpla			
dunka			
dunkur			
dunna			
dúnst			
dús			
dúsín			
dúskur			
dúx			
duz			
dymbill			
dörslag			
edik			
edrú			
eiður			
elliði			
engifer			
epill			
epískur			
ergin			
eskimói			
espi			
etasráð			
evangelíum			
export			
extra			
eyrir			
fag			
faktor			
falkeneri			
fallera			
falsetta			
fanga			
fars			
farsi			
fasi			
fau			
febrúar			
feila			
fél			
felga			
fengari			
ferðugur			
fermur			
fernis			
ferskja			
fés			
fíaskó			
fíbrín			
fígúra			
filma			
fínn			
fíól			
fíra			
firma			
fírugur			
fís			
fisa			
físiler			
fix			
fjas			
flagg			
flammi			
flass			
flauta			
flekka			
fler			
flettugrjót			
flibbi			
flikka			
flinkur			
flinta			
flott			
flótti			
flugs			
flundra			
flunkunýr			
flýtur			
fól			
fordild			
forkur			
form			
formel			
formera			
forseti			
fósi			
fox			
frakka			
framandi			
fransós			
frétt			
frís			
frískur			
frjádagur			
frjáls			
fró			
frolla			
frómur			
fræsa			
fuðla			
fúkáta			
fúkssvans			
fúndera			
fúska			
fútt			
fúx			
fætingur			
gáfa			
gaffall			
gákla			
gallosía			
gammosía			
garantera			
gardían			
gardína			
garfa			
gat			
genta			
genverðugur			
gettó			
gifs			
gikkur			
Gilli			
gimpa			
gingibráð			
gíra			
gíraffi			
gíró			
gírugur			
gjörtlari			
glafel			
glas			
glaseygður			
glasseraður			
glefja			
gler			
glófi			
gloría			
glúffa			
glussi			
glögg			
gnafinn			
gneis			
gnómon			
gnýr			
goggur			
gókur			
golf			
gon			
gondóll			
gorgeir			
górilla			
goskarl			
gossa			
gráða			
gradal			
grafík			
grafjur			
grallari			
gramsa			
granófyr			
granska			
grefill			
greifi			
griffill			
grófur			
groms			
gross			
grott			
grunda			
grunkur			
grús			
gryfilega			
græja			
gúbbi			
gudda			
guðvefur			
gúllas			
Gullvarta			
gúmmí			
gurgla			
gúttaperka			
gyldinn			
hakabredda			
hakka			
hala			
hallarr			
halunkur			
hamborgari			
hamstur			
handla			
hanski			
hantéra			
harmónía			
harmóníum			
harski			
hartkorn			
hásin			
hast			
heisa			
helikopter			
hemja			
henda			
hermiti			
hettir			
hífa			
hikkoría			
hílukrókur			
himla			
hindber			
hinka			
hipp			
hippi			
hirð			
hispa			
hissugur			
hleifur			
hlúki			
hnippa			
hnit			
hnokkan			
hofferð			
hofmeistari			
hómilía			
hóndragi			
hónor			
hónorar			
hopsa			
hospítal			
hreðka			
hreppa			
húa			
húðfat			
húkka			
húlsaumur			
hulstur			
húmbúkk			
hundspott			
húsari			
húsl			
húsvans			
hvítta			
hýja			
hymni			
hýra			
hýstería			
höndugur			
hönsa			
hörðugur			
ífrugur			
íkon			
ilkafóðr			
imbrudagar			
impa			
indígóblár			
indúls			
ingjan			
innsteri			
innvortis			
iperst			
ísarn			
ítreka			
íþrótt			
jakki			
jakuxi			
janúar			
jarknasteinn			
járn			
jaska			
jass			
jeppi			
jóga			
jóker			
Jómali			
jórmóðir			
jú			
jungfrú			
júra			
jústa			
kabill			
kadett			
kagi			
kaka			
kakali			
kaldún			
kálfadans			
kalkipappír			
kalkúlera			
kamban			
kamelljón			
kamína			
kammerat			
kampavín			
kandís			
kanís			
kanón			
kanóna			
kansellí			
kanslari			
kantiki			
kantóna			
kaos			
kapella			
kappi			
kapra			
kaprún			
karafla			
karakter			
karamella			
karat			
karbón			
karði			
kardínáli			
karfa			
karfasta			
kargur			
kárína			
karnifel			
karrí			
karsi			
kartafla			
kass			
kassi			
kastali			
kastanía			
katel			
kati			
katóða			
kátsjúk			
kaupangur			
kavíar			
kefi			
kefsir			
kela			
kentra			
keppur			
kerfill			
kerúb			
keta			
kífa			
kikka			
kikkin			
kím			
kínadropar			
kingsa			
kirmessa			
kís			
kisill			
kísill			
kista			
kítti			
Kjaran			
kjuði			
kjölur			
kladdi			
klaga			
klampi			
klang			
klára			
klásúla			
klatarí			
klatti			
klaver			
klefi			
kleina			
klekkilegur			
klénn			
klingja			
klink			
klint			
klippa			
klippfiskur			
klístur			
klóak			
klókur			
klór			
klósett			
klót			
klúbbur			
klúður			
kluftugur			
klúkka			
klumma			
klumsak			
klunka			
klunkur			
kluss			
klúss			
klæði			
klöprur			
knefill			
kneipa			
knekk			
knífa			
knípa			
knippelsi			
knippi			
knjas			
knora			
knúppur			
knurra			
knúsa			
knæpa			
kóbolt			
kódi			
kofri			
koga			
koja			
kókett			
kolbrandur			
kólera			
kólibrífugl			
kolli			
kólóradóbjalla			
kólorr			
kómedía			
kómenta			
kómískur			
kommóða			
kommún			
kompóna			
kompónera			
kónall			
konfólútta			
konkordéra			
Konkordía			
konsert			
konst			
kontór			
kontórstingur			
kontrabassi			
koppur			
korði			
korf			
Kormákur			
Kormlöð			
kóróna			
korpur			
kortur			
kórúnd			
korvetta			
kós			
kósakki			
kósínus			
kóteletta			
kothardi			
kovertur			
krabat			
kragi			
krakki			
krakkildi			
kram			
krani			
krankur			
krassa			
kredda			
kredit			
krem			
kreml			
krenkja			
Kreóli			
kreólín			
kreósót			
krep			
krepera			
kresinn			
kretíni			
krikönd			
krínólín			
krípur			
krisma			
krítik			
króg			
krókus			
krol			
kron			
krónískur			
kroppa			
kross			
kruð			
krukla			
krulla			
krumholt			
krumhorn			
krumpa			
krúsa			
krústa			
krútt			
krydd			
krympa			
krympla			
krýsholt			
kræmta			
kræskip			
krönika			
kúbba			
kúbein			
kúffnál			
kufl			
kukl			
kukulera			
kúma			
kumba			
kunkteis			
kunnmið			
kúnst			
kúpa			
kúpla			
kúpp			
kúr			
kúrfa			
kúría			
kúrs			
kúska			
kússa			
kussari			
kuti			
kúttari			
kuttingi			
kúvenda			
kvaðrat			
kvadrilla			
kvadrilljón			
kvanta			
kváran			
kvartér			
kvartett			
Kvasir			
kvassía			
kvax			
kver			
kverk			
kvía			
kvikur			
kvinna			
kvintett			
kvintín			
kvót			
Kýlan			
kyllir			
kylna			
kynda			
kyndugur			
kýnískur			
kynstur			
kyrtill			
kæsa			
lafði			
lager			
laggo			
lagi			
lak			
lakkrís			
lámur			
lander			
lansa			
lapparí			
lapra			
latuka			
lauert			
lautinant			
lavask			
lavendill			
laxera			
ledering			
ledik			
legenda			
legg			
legió			
leisi			
lek			
lektari			
lektía			
lektor			
lélegheit			
lempa			
lenustóll			
lesni			
lí			
líberalismi			
líðilegur			
lifibrauð			
líkjör			
líkn			
lindormur			
lísol			
lívori			
ljóði			
loddari			
lomber			
lóran			
lord			
lóri			
lortur			
lóss			
lossa			
lossamenti			
lotterí			
lotti			
Lovísa			
lúffa			
lúfslitinn			
lúga			
luggari			
lúidor			
lúkar			
lukkupottur			
lukkuriddari			
lumpa			
lúmskur			
lung			
lunning			
lúnóttur			
lúpína			
lúrindragari			
lurkur			
lút			
lykka			
lymfa			
lynning			
lýra			
lýrikk			
lyst			
lævirkjatré			
maddama			
madressa			
mafía			
magasín			
maki			
makker			
makríll			
makur			
mammútur			
mandarína			
mandaríni			
mandólín			
manilía			
manillahampur			
manneskja			
mansjetta			
marbri			
marmari			
marmelaði			
marskálkur			
maska			
maski			
maskína			
masónít			
massi			
mastódon			
mastur			
máta			
matrissa			
matróna			
mattador			
mattur			
mátulegur			
meill			
meina			
meiskra			
meistari			
mekanik			
mekt			
melassi			
Melbrigði			
Meldún			
melis			
Melkorka			
melóna			
melspíra			
mergill			
merkantílismi			
merski			
merskúm			
meskja			
messi			
mestisi			
metall			
milska			
mingra			
minister			
minkur			
minta			
mirra			
mislingar			
mispill			
mixtúra			
mjólk			
móðins			
mógúll			
moj			
móleður			
molybden			
mómenta			
monningur			
monsún			
mórall			
mórber			
morel			
morfín			
mormóni			
morsel			
mósaik			
Moskóvíti			
moskus			
mótíf			
mótor			
motta			
mottó			
mubla			
múður			
múkk			
múlatti			
múmía			
mumla			
munstra			
múrleður			
múrmeldýr			
murningur			
músa			
múselmaður			
múskat			
mustarður			
músvokur			
mútta			
myndugur			
Mýrkjartan			
mysa			
mýstik			
náð			
nappa			
narra			
nasvitur			
náttúra			
nauið			
negri			
neon			
nería			
netla			
netti			
nettó			
níðingur			
nigromantía			
nikkel			
niktigala			
nílhestur			
nítróglusserín			
no			
nón			
norn			
nostra			
nótabassi			
nótam			
nóva			
nóvella			
nóvember			
núðla			
núíti			
nul			
númer			
núnatakkur			
nælon			
obláta			
óbó			
ofdan			
offiséri			
ofn			
ofursti			
ókei			
oktantala			
oleum			
olía			
olífa			
olífant			
óm			
ópera			
opinber			
ópus			
óráðsía			
organisera			
orgel			
orkestur			
orkidía			
orleyfi			
orlogsskip			
ornament			
ort			
ortodox			
Óskar			
osterin			
ostra			
ottóman			
pa			
pagóða			
páka			
pakk			
pakki			
pal			
palafrey			
pallaz			
pallur			
pálmi			
pamfíll			
pampúsa			
panik			
panta			
pantur			
pápa			
papagauja			
pappi			
pardún			
pardusdýr			
parkera			
parlament			
parmur			
paródía			
parruk			
partí			
partur			
pasja			
passíuhár			
pástur			
patína			
patróna			
patt			
patta			
pedikúla			
peðra			
pel			
pelagónía			
pelastikk			
pell			
pels			
pendúll			
penni			
pensúm			
peplingur			
pepsí			
persóna			
peseti			
petali			
peyi			
pez			
píetismi			
pífa			
pikket			
pikkilhúfa			
pikla			
piliza			
pilka			
pilsner			
píment			
pimpa			
pimpsteinn			
pink			
pinni			
pinsétta			
pintsvín			
pípa			
piparmynta			
pirra			
pís			
pisang			
píska			
pispónn			
pissa			
pístóla			
pjala			
pjalta			
pjatla			
pjatt			
pjátur			
plága			
plagg			
plaggat			
plána			
pláneta			
plaskast			
plástur			
platti			
plaxa			
plega			
plet			
plett			
pligti			
plikt			
pliosen			
plísera			
plitt			
plokkfiskur			
plompa			
plukka			
plúmba			
plumpur			
pluss			
podda			
poj			
pokur			
pólití			
pólitík			
polki			
póló			
pólýfónkór			
pomaði			
ponni			
pont			
poppkorn			
popull			
pora			
porra			
pors			
posi			
pósitívur			
pottur			
prakka			
prakt			
praktískur			
prammi			
pranga			
praxis			
predika			
prefatia			
preki			
prenta			
prería			
presenta			
pressa			
prettur			
prik			
prím			
príma			
prímadonna			
prímostur			
prímtala			
prímula			
prinni			
prísa			
prjónn			
próf			
prófessor			
prófeti			
prófíll			
prófjantur			
profoss			
prógramm			
prókúra			
prólaga			
prúður			
prufa			
prútta			
præja			
púdda			
púði			
púki			
púkk			
púkka			
puliza			
púls			
pulsa			
púlt			
pungur			
punktur			
púns			
punta			
puntsvín			
púrismi			
púritani			
pusa			
púsa			
pusl			
pússarí			
pústa			
puta			
pútingi			
pútta			
pútti			
pylsa			
pynda			
pýtt			
pyttur			
pöpulrás			
pör			
ráða			
radísa			
ráfa			
ragú			
raketta			
rakka			
rakkari			
ramma			
rammi			
rang			
rar			
rasi			
rasl			
rasla			
raspur			
rauðspretta			
raufa			
rauta			
realismi			
redda			
registur			
regna			
regúla			
reikna			
reim			
reinfáni			
reison			
reisupassi			
rekill			
rekk			
remí			
renigantur			
rennirí			
revía			
rexa			
reykelsi			
ribbi			
riddari			
riffill			
riffla			
rigtugur			
rigur			
ríkur			
rimpa			
ringja			
ringulreið			
róba			
rokk			
rokka			
rokkera			
róman			
rómanskur			
rómantík			
romm			
romsa			
roti			
rúðra			
rúff			
rukka			
ruml			
rumpur			
rúnsa			
runsvín			
ruppa			
rússa			
rústa			
rutta			
rútta			
rýgresi			
rýgur			
rykti			
rytmi			
ræs			
röfl			
röfla			
sabótera			
safali			
safran			
saft			
sagfíll			
sálast			
salat			
salfi			
sálifa			
salmíak			
saltari			
samla			
sandali			
sandelstré			
sans			
sanseraður			
sápa			
sapol			
sardína			
sarí			
sars			
satín			
sebúuxi			
seðill			
sekkína			
sekreteri			
sela			
sellulósa			
selskapur			
seminaristi			
semis			
séní			
serberus			
serenaða			
sergent			
sería			
serimónía			
sermón			
sértingur			
servantur			
servíetta			
sett			
sétta			
sextett			
sigli			
signet			
signor			
sikill			
sikker			
síkur			
siment			
simfón			
simili			
simpill			
sink			
sinna			
sippa			
sírat			
sírena			
síridúkur			
sirkill			
síróp			
sirs			
siska			
sítróna			
sjakket			
sjal			
sjampó			
sjarmi			
sjatteraður			
sjoppa			
sjúr			
skaffa			
skalda			
skaldpípa			
skálmei			
skammfeill			
skandali			
skans			
skapker			
skapular			
skarlat			
skatthol			
ske			
skekta			
skelpadda			
skemill			
skenkja			
skensa			
sker			
skertúður			
skífa			
skikka			
skilirí			
skilma			
skilti			
skimpa			
skip			
skippund			
skipt			
skíri			
skjaðak			
skjana			
skjönt			
skóli			
skorbíldur			
skósa			
skraddari			
skralt			
skrappur			
skrekkur			
skría			
skro			
skrolari			
skróplur			
skrubba			
skrúð			
skrúfa			
skrumla			
skuðuskinn			
skulfa			
skuppa			
skúra			
skussa			
skver			
skvísa			
skyggi			
skyrbjúgur			
skyrsill			
skyrta			
skytari			
skytterí			
skœzill			
slafak			
slaggi			
slagningur			
slagsíða			
slagta			
slambert			
slappur			
slatti			
sleimur			
slekt			
slemm			
sléttur			
slíf			
slifsi			
slikk			
slikkerí			
sliski			
slóa			
slont			
slot			
slúð			
sluðra			
slúðra			
slúður			
sluffa			
slúffa			
slunta			
slúpa			
slurka			
slútta			
slyppa			
slör			
smakka			
smart			
smelta			
smergill			
smíkra			
smíla			
sminka			
smitta			
smokra			
smúli			
smúlt			
snaddi			
snakka			
snatta			
sniddari			
sníf			
snikka			
snitt			
snitta			
snuða			
snuff			
snúra			
snurpa			
snæða			
snæla			
snöfla			
soddan			
sódómískur			
sófismi			
sofn			
sojabaunir			
soldari			
sónata			
sópran			
sort			
sós			
sóta			
spaði			
spanda			
spandéra			
spanna			
spansgræna			
sparða			
sparrhaukur			
spartla			
spat			
spatt			
spaug			
spáz			
spegill			
speikja			
spekúlera			
spél			
spergill			
spesía			
spezskór			
spik			
spík			
spíli			
spíll			
spínat			
spinnill			
spíra			
spíritismi			
spíss			
spíssirólur			
spítalskur			
spjátra			
splæs			
splæsa			
spóka			
spólera			
spons			
sport			
spraki			
sprakki			
sprang			
sprauta			
spreða			
springur			
spritt			
sprossi			
spruð			
sprútt			
spudda			
spúla			
spúsa			
spægipylsa			
spæli			
spæll			
spæra			
spærlingur			
stafli			
stakket			
stalínismi			
stallari			
stampa			
stangur			
star			
starta			
stáss			
stassanóhitun			
stát			
status			
stedda			
steilt			
stelling			
stensill			
sterilisera			
stífelsi			
stífla			
stífur			
stigreip			
stígvél			
stilling			
stimpill			
stívarður			
sto			
stóla			
stoltur			
storma			
strabba			
straff			
stramma			
strammi			
strammur			
strax			
strekkja			
stress			
stríð			
strífa			
striffa			
stríla			
strimi			
strip			
strix			
strjáli			
stroff			
strúss			
stryknín			
stú			
stúa			
stúarður			
stuða			
stúdína			
stuf			
stulta			
stumpari			
stumpur			
stunna			
sturta			
stybba			
stældjúpur			
stöndugur			
sublimatvatn			
suður			
súkkat			
súkkulaði			
súlfa			
súlfat			
sulta			
sultutau			
summera			
súnka			
sunnudagur			
surkot			
súrmúla			
surra			
sús			
súsa			
súst			
súsvört			
svaljárn			
svampur			
svarmur			
svekkja			
sver			
sverma			
svermur			
sveskja			
svif			
svikamylla			
svikka			
svikkur			
svimul			
svín			
svindill			
svingla			
svinka			
svippa			
svira			
svissa			
svolustaukur			
sýfilis			
sykur			
synódus			
sýrena			
sökkull			
sölna			
söslingur			
taferni			
tafl			
takki			
takla			
tákn			
taktik			
taktur			
tál			
talent			
talenta			
talía			
talk			
talkúm			
tamma			
tan			
tannín			
tanta			
tapar			
tapít			
tarif			
tarína			
tartaletta			
tartufla			
tasía			
tasti			
tau			
taxti			
teikn			
teikna			
teknik			
tektónískur			
telex			
temmilegur			
templari			
tempra			
téna			
terta			
tessi			
tigl			
tík			
timpanum			
tindáti			
tindla			
ting			
tinga			
tippa			
tisma			
tispa			
titill			
títóismi			
tívurr			
tja			
Tjaldari			
tjása			
tjóður			
tjöfsur			
tojlett			
tokkata			
tollur			
tombóla			
tomma			
tómthúsmaður			
tónn			
torg			
tort			
tortís			
tossi			
tradition			
trafali			
trampa			
trans			
traska			
traust			
treffilegur			
tregi			
tréhakl			
treikort			
treina			
treiskur			
trekkja			
trekkur			
trekt			
treysta			
tríkína			
tríll			
trilljón			
tríó			
tríóla			
tripla			
tristur			
triumf			
tromba			
tromla			
tromma			
tromp			
trompet			
trópískur			
trópismi			
trossa			
trúður			
truff			
trukka			
trukkur			
trútínera			
trygla			
tuða			
túðra			
túðsa			
túff			
tufflur			
túkall			
tukan			
túlipa			
túlkur			
túmark			
tumba			
tumla			
tún			
túndra			
túnfiskur			
tunna			
túpa			
túpera			
túr			
túrban			
túristi			
túrkis			
turna			
tuserí			
túsk			
tússa			
tútomma			
tvíbaka			
tviffel			
tvíla			
týhús			
tykt			
týranni			
týta			
tæfa			
tæiber			
töff			
úðra			
úlkur			
úlmerdúkur			
umslag			
undirdáni			
undirsáti			
úniform			
únítari			
úrfugl			
úrhani			
úruxi			
útstáelsi			
útvortis			
uxahöfuð			
vach			
vakki			
vakt			
vaktela			
vallari			
valmaþak			
valúta			
vams			
vandlingur			
vandra			
vankantur			
vanrykti			
vanskilegur			
varatekt			
vardéra			
varðlokur			
variant			
vasilín			
vaska			
vaturpassi			
vatursótt			
vaturstagur			
veglína			
veia			
veigra			
veleðla			
velidáð			
vellyst			
velmagt			
velpur			
velsemd			
velunnari			
vemmilegur			
venediskur			
ventill			
verelsi			
vermút			
vers			
verslegur			
vert			
verönd			
veskú			
vesning			
vespa			
vesti			
vexla			
víbra			
viðundur			
vífilengjur			
vifta			
vigilia			
vigt			
víkingur			
vilkjör			
vindegg			
vinkill			
vinsli			
virkilegur			
visitt			
vísundur			
vítamín			
vitríl			
vóal			
vodéra			
voff			
volantur			
vollur			
volsa			
vúlkanskur			
vúrdera			
vyrsingkál			
Yankíi			
yard			
ymni			
ypir			
ypparlegur			
ýtarlega			
þéna			
þernaður			
þerskja			
þetiskur			
þeysill			
þjónn			
þorpari			
þorskur			
þrift			
þrukka			
þrúkka			
þrykkja			
þrýsta			
þröskur			
þusl			
þýða			
ætsa			
ambi			
ambra			
ampli			
ar			
arða			
ari			
baka			
bal			
bali			
balkan			
banki			
bar			
bara			
barða			
barki			
basta			
baula			
bermi			
bí			
bit			
bleða			
blikk			
blússa			
bók			
bóka			
bóla			
bolti			
bomsa			
brák			
bras			
bremsa			
bris			
brúka			
brum			
brýni			
buðla			
búi			
bukka			
bukki			
bulla			
búri			
burt			
byrða			
byssa			
bæsa			
bösull			
dammur			
dan			
dár			
della			
des			
doggur			
dokka			
don			
doppa			
dós			
draugur			
dregg			
dreki			
drundur			
dugga			
dúkka			
dúr			
dust			
ekta			
engill			
fals			
falur			
fantur			
feima			
fiðla			
fikta			
flos			
flosa			
flygill			
fokka			
frakki			
frugt			
frygð			
fura			
gá			
gafi			
gammi			
gargan			
gassi			
gedda			
gemsi			
ger			
gerð			
gígja			
gimba			
gípa			
glogg			
gola			
góss			
grand			
grein			
grotta			
gull			
gyllini			
gæi			
haf			
háfur			
hamall			
hanki			
harpa			
harri			
harsl			
haukur			
hekla			
herfi			
herma			
hexa			
hí			
hirsi			
hitta			
hjálmur			
hjúpa			
hnefi			
hóf			
hol			
hrókur			
hukla			
Humra			
húrra			
hvalur			
hvítur			
hytta			
hæla			
hæsa			
höstugur			
igla			
ikta			
jaga			
jungi			
kaðall			
Kaðall			
kál			
kampur			
kani			
kanína			
kanna			
kapall			
kar			
karfi			
karra			
karri			
keðja			
keis			
kellir			
kesja			
kilja			
kíll			
kimsa			
kinka			
kjóll			
kjusa			
klausa			
klekja			
klí			
klíð			
klikka			
klinka			
knappur			
kogari			
kók			
kokkur			
komma			
kompa			
kóngur			
koppa			
korki			
korpórall			
kort			
kóss			
kosta			
kostur			
krakk			
krampi			
krassi			
kró			
krúð			
krukka			
krús			
kúra			
kúskur			
kútta			
kvakla			
kvarði			
kveif			
kveita			
kviðra			
kvint			
kvistur			
kvæ			
kýla			
kylla			
kýta			
láð			
laski			
ledda			
leðja			
leður			
leikur			
lén			
leppur			
lepra			
lerki			
lest			
lína			
lind			
linsa			
lirfa			
lissa			
lista			
listi			
lóð			
lófi			
lómur			
lú			
lubba			
lúfa			
lúka			
lukka			
lukt			
lukta			
lumma			
lún			
lunka			
lunti			
lúpa			
lúr			
lúra			
lúta			
lyf			
lykkja			
lykt			
læra			
maka			
mákur			
mál			
mana			
mandla			
manga			
manna			
mappa			
mars			
marsvín			
mát			
máti			
mella			
melta			
menja			
menta			
meri			
merki			
minni			
mítur			
móða			
móður			
móra			
mudda			
múffa			
mugga			
múkur			
munkur			
mús			
múta			
nikka			
nunna			
ó			
okra			
ónn			
orða			
ós			
páll			
papi			
par			
pass			
passa			
passi			
past			
pati			
paus			
peli			
pella			
pési			
pía			
pikka			
pikkur			
píla			
plaga			
plan			
plata			
pláta			
plenta			
plógur			
porri			
port			
póstur			
prata			
púff			
pula			
pumpa			
puntur			
pupull			
purka			
púrra			
púslingur			
púss			
pussa			
pússa			
púta			
pæla			
raga			
raka			
ráma			
rams			
rasa			
rask			
raslandi			
rauði			
raust			
regla			
reiður			
reisa			
renna			
rétta			
reyfa			
riða			
rif			
rigga			
ríla			
ríll			
rím			
rímilegur			
ringa			
ringur			
rippa			
rís			
rist			
ritti			
rolla			
rór			
rósta			
rosti			
rót			
rotta			
rúða			
rúkragi			
rulla			
rúskinn			
rússi			
rúta			
rytta			
rækja			
sakka			
sál			
sáld			
Sami			
samt			
sámur			
sára			
segl			
serkur			
sigta			
siklingur			
simla			
sinni			
sjó			
skaði			
skák			
skálp			
skarfur			
skari			
skati			
skattera			
skauli			
skauti			
skefill			
skeið			
skelmir			
skenna			
skerfur			
skinna			
skissa			
skítt			
sko			
skonsa			
skrá			
skræða			
skræla			
skúffa			
skúlka			
skúm			
skumpa			
skunkur			
skytta			
slaðra			
slagari			
slanga			
slapur			
slefa			
slengi			
slumpa			
smekkur			
smúla			
snáð			
snitti			
sóló			
soppa			
spé			
spenna			
spil			
spíla			
spinka			
spjall			
spori			
spreka			
spreyta			
spæla			
steik			
steinka			
stella			
stelpa			
stemma			
stemning			
steppa			
stikk			
stíll			
stíma			
stóll			
stolsa			
stoppa			
strefa			
strípa			
strola			
stytta			
stæll			
summa			
súpa			
súrra			
svíta			
taft			
takk			
tala			
tara			
targa			
taska			
tasla			
tefra			
ters			
tesa			
tí			
tína			
tó			
tór			
trakt			
trappa			
treyja			
trippa			
trumba			
túða			
túss			
týpa			
typta			
undir			
úr			
úrna			
valka			
vals			
valta			
vanka			
vantur			
vara			
vatt			
vé			
vegna			
veisill			
vél			
vend			
veski			
vífa			
vika			
víl			
vín			
vinka			
víóla			
vípa			
vippa			
viska			
visla			
volla			
ýsa			
ysta			
þerna			
þorn			
þrúga			
þruska			
þúst			
öndrur			
adíu			
adjö			
admíráll			
aðmíráll			
aksión			
aktión			
aksjón			
Aldeigja			
Aldeigjuborg			
alpaka			
alpakka			
alvarr			
afarr			
amaba			
amöba			
andagt			
andakt			
appella			
appellera			
arkíf			
arkív			
auvi			
aufi			
baldera			
baldýra			
battingur			
böttungur			
bínafn			
bínefni			
bjának			
bjannak			
blíat			
blíaz			
blúsa			
bóma			
bomma			
bossi			
boss			
braggi			
brakki			
brakún			
brekan			
brekán			
brigg			
brikk			
bugta			
bukta			
bukkur			
búkki			
bokki			
burdeigja			
burdia			
buss			
bússa			
búza			
býti			
bíti			
damm			
djákn			
djákni			
dóminó			
domminó			
drossía			
drosja			
drúfa			
drúa			
drylla			
drulla			
dufl			
dubl			
dúkönd			
duggönd			
dúndra			
efilskífa			
eplaskífa			
ermiti			
erimiti			
ers			
ess			
essi			
farél			
faríel			
fóra			
herfóra			
fragt			
frakt			
fría			
frjá			
frukt			
frunsa			
frumsa			
frykta			
frukta			
fýrspýta			
fisspýta			
gaflak			
gaflok			
galjárn			
galíón			
gasti			
gastr			
geretti			
gerefti			
gigt			
gikt			
gísl			
gísli			
glim			
glím			
golgur			
golgurhljóð			
gran			
grassera			
grasséra			
Gró			
Gróa			
grótta			
grotti			
grótti			
hermilín			
hermelín			
hóvera			
hófera			
hufflegur			
hupplegur			
hyppa			
huppa			
innvols			
innvol			
Inúk			
Inúki			
jafi			
javi			
jagt			
jakt			
jersí			
jersey			
jobb			
jógúrt			
júgúrt			
kadetta			
katetta			
kakalofn			
kakalónn			
kalott			
karlot			
kanel			
kanill			
kannski			
kannske			
kantilena			
kantilia			
karbíður			
karbítur			
karnop			
karnap			
kíkhósti			
kíghósti			
klare			
klaret			
kleinsmiður			
klénsmiður			
klíka			
klýfir			
klýfur			
knekt			
knekti			
koffur			
kofur			
kofort			
koffort			
konstabl			
konstafl			
krúkk			
krunk			
krumur			
krummur			
krussa			
krusa			
kúff			
kúffur			
kuggi			
kuggur			
kújón			
kújóni			
kúlí			
kúlíi			
kvars			
kvarz			
kvátra			
kvotra			
kvintur			
kæi			
kaji			
kæmeistari			
kæimeistari			
köngurváfa			
kǫngurváfa			
körrur			
körur			
laðrón			
laðrúnn			
lasting			
lastingur			
lens			
léns			
leó			
león			
límónaði			
lemonaðe			
lóðs			
lúa			
malamúkki			
malimúkki			
mar			
marr			
María			
Máría			
máski			
máske			
minþak			
minnþak			
misseri			
missiri			
monsér			
monsjör			
múkorta			
múgorta			
múslím			
múslem			
möslaður			
möslóttur			
namm			
nammi			
nipur			
nípur			
ótugt			
ótukt			
pampa			
pampaslétta			
pen			
penn			
perta			
pert			
pjastur			
pjastri			
plasera			
plaséra			
portvín			
púrtvín			
pre			
præ			
príll			
préll			
prinsíp			
prinsipp			
prócessía			
prósessía			
prussiningur			
presenningur			
pöpull			
pöbull			
rabat			
rabbat			
Rabiti			
Rábíti			
rein			
reina			
rennisteinn			
rennusteinn			
renus			
rénus			
ribs			
rifs			
rós			
rósa			
runtur			
runt			
rúsína			
rúsin			
rýtingur			
rýtningur			
sebra			
sebrahestur			
séffi			
séfi			
sena			
sina			
siffra			
sifra			
siffrugarn			
siffurgarn			
skarlak			
skarlakan			
skeppa			
skeffa			
skermir			
skermur			
skítti			
skolpur			
skólpur			
skubba			
skúbba			
slaufa			
slauffa			
smók			
smókur			
smotterí			
smodderí			
snafs			
snaps			
snitzel			
snitsel			
spaldener			
spaldenære			
sparlak			
sparlakan			
speia			
speja			
spekála			
spekára			
spísa			
spíssa			
spita			
spíta			
sporsla			
sportla			
stafl			
stafróf			
stafrof			
sterbú			
sterfbú			
sterín			
stearín			
sterlingur			
sterling			
stift			
stifti			
stífudans			
stífidans			
sumbl			
suml			
svinta			
svunta			
svolna			
svólna			
tafelúr			
taffelúr			
tarfur			
tarfi			
tattóvera			
tattuera			
teater			
theater			
tékki			
tékkur			
terpentína			
terbentína			
tesaurr			
tesaurus			
tess			
tes			
tetra			
tetraklór			
tinna			
rokktinna			
titlingur			
tittlingur			
toddí			
toddý			
tragidía			
tragedía			
trill			
trilli			
tukt			
tugt			
tvíd			
tvít			
töplur			
töflur			
ullabi			
ullabjakk			
valsi			
vampíra			
vampýra			
vanti			
vapla			
vappla			
vaski			
vaskur			
vesen			
vesin			
vexelbréf			
vexel			
violat			
vielet			
vips			
vipps			
vísitasía			
vísitatia			
vitriol			
vitrjol			
votera			
vótera			