Аббас	Arabic
Абдулла	Arabic
азан	Arabic
Айша	Arabic
Аладдин	Arabic
Али-Баба	Arabic
алим	Arabic
Аллах	Arabic
Аллах акбар	Arabic
Аллаху акбар	Arabic
алхимия	Arabic
Аль-Джазира	Arabic
Аль-Каида	Arabic
амбал	Arabic
бедуин	Arabic
бербер	Arabic
вакуф	Arabic
газель	Arabic
гашиш	Arabic
гусль	Arabic
джизья	Arabic
джинн	Arabic
джихад	Arabic
джума	Arabic
дирхам	Arabic
Загир	Arabic
Зуфар	Arabic
имам	Arabic
интифада	Arabic
иншааллах	Arabic
иншаллах	Arabic
ислам	Arabic
ифрит	Arabic
калам	Arabic
калям	Arabic
кебаб	Arabic
Коран	Arabic
кускус	Arabic
лафа	Arabic
Лейла	Arabic
медресе	Arabic
моджахед	Arabic
муфтий	Arabic
набат	Arabic
никаб	Arabic
рамадан	Arabic
ребаб	Arabic
салам	Arabic
салям алейкум	Arabic
салят	Arabic
самум	Arabic
сук	Arabic
султан	Arabic
сура	Arabic
Суфиян	Arabic
такбир	Arabic
талиб	Arabic
тарбуш	Arabic
уд	Arabic
умма	Arabic
умра	Arabic
фалафель	Arabic
Фарида	Arabic
Фатима	Arabic
фусха	Arabic
хадис	Arabic
халяль	Arabic
хаммам	Arabic
Хезбалла	Arabic
Хезболла	Arabic
Хезболлах	Arabic
хиджаб	Arabic
Шайтан	Arabic
шайтан	Arabic
шариат	Arabic
шатрандж	Arabic
шаурма	Arabic
шейх	Arabic
абатон	Ancient Greek
абулия	Ancient Greek
Авель	Ancient Greek
Авлида	Ancient Greek
автаркия	Ancient Greek
Агамемнон	Ancient Greek
Агата	Ancient Greek
Агафия	Ancient Greek
Аглая	Ancient Greek
Адонис	Ancient Greek
Аид	Ancient Greek
акафист	Ancient Greek
акация	Ancient Greek
акмеизм	Ancient Greek
акростих	Ancient Greek
аксамит	Ancient Greek
аксон	Ancient Greek
Александра	Ancient Greek
Алла	Ancient Greek
аллегория	Ancient Greek
аллилуйя	Ancient Greek
анабасис	Ancient Greek
аналогия	Ancient Greek
анархия	Ancient Greek
Анастасия	Ancient Greek
анафема	Ancient Greek
ангел	Ancient Greek
Анисия	Ancient Greek
аномалия	Ancient Greek
антидот	Ancient Greek
Антиохия	Ancient Greek
Анфиса	Ancient Greek
аорист	Ancient Greek
аорта	Ancient Greek
апатия	Ancient Greek
апокалипсис	Ancient Greek
апокриф	Ancient Greek
апология	Ancient Greek
апофеоз	Ancient Greek
апофиз	Ancient Greek
апсида	Ancient Greek
аристократия	Ancient Greek
Аристотель	Ancient Greek
аритмия	Ancient Greek
Аркадий	Ancient Greek
Аркадия	Ancient Greek
Артём	Ancient Greek
архангел	Ancient Greek
архи-	Ancient Greek
архиепископ	Ancient Greek
архиерей	Ancient Greek
Архимед	Ancient Greek
архонт	Ancient Greek
аскет	Ancient Greek
Атлантида	Ancient Greek
атом	Ancient Greek
атония	Ancient Greek
аттик	Ancient Greek
Афанасия	Ancient Greek
Афины	Ancient Greek
Афродита	Ancient Greek
Аэлита	Ancient Greek
бронх	Ancient Greek
Вакх	Ancient Greek
варвар	Ancient Greek
Василий	Ancient Greek
Вероника	Ancient Greek
гангрена	Ancient Greek
Геката	Ancient Greek
генеалогия	Ancient Greek
Геннадий	Ancient Greek
Георгий	Ancient Greek
Гера	Ancient Greek
Геракл	Ancient Greek
Гермес	Ancient Greek
героиня	Ancient Greek
Гестия	Ancient Greek
Гефест	Ancient Greek
Гея	Ancient Greek
гидра	Ancient Greek
Гликерия	Ancient Greek
глициния	Ancient Greek
гон	Ancient Greek
Гордей	Ancient Greek
грамота	Ancient Greek
губернатор	Ancient Greek
Дамиан	Ancient Greek
дельта	Ancient Greek
Деметра	Ancient Greek
дендрит	Ancient Greek
дзета	Ancient Greek
диагностика	Ancient Greek
диаграмма	Ancient Greek
Диодор	Ancient Greek
Дионис	Ancient Greek
диск	Ancient Greek
дистрофия	Ancient Greek
дисфория	Ancient Greek
дифирамб	Ancient Greek
Дорофей	Ancient Greek
дракон	Ancient Greek
дьяк	Ancient Greek
евангелие	Ancient Greek
Евгения	Ancient Greek
Евдокия	Ancient Greek
еврей	Ancient Greek
Евсей	Ancient Greek
елей	Ancient Greek
Елена	Ancient Greek
епитимья	Ancient Greek
ересь	Ancient Greek
Ермолай	Ancient Greek
Ефим	Ancient Greek
ехидна	Ancient Greek
Зевс	Ancient Greek
Зинаида	Ancient Greek
Зиновий	Ancient Greek
ибис	Ancient Greek
игумен	Ancient Greek
идея	Ancient Greek
Израиль	Ancient Greek
иота	Ancient Greek
ипарх	Ancient Greek
ипат	Ancient Greek
ипостась	Ancient Greek
ипсилон	Ancient Greek
Ирина	Ancient Greek
Исав	Ancient Greek
иссоп	Ancient Greek
Итака	Ancient Greek
иудей	Ancient Greek
Иудея	Ancient Greek
Ифигения	Ancient Greek
Ия	Ancient Greek
йота	Ancient Greek
кактус	Ancient Greek
каллиграфия	Ancient Greek
канун	Ancient Greek
каппа	Ancient Greek
катафот	Ancient Greek
кафедра	Ancient Greek
керамика	Ancient Greek
Кибела	Ancient Greek
Киликия	Ancient Greek
кипарис	Ancient Greek
Кирилл	Ancient Greek
Клеопатра	Ancient Greek
клепсидра	Ancient Greek
клирос	Ancient Greek
Клитемнестра	Ancient Greek
коппа	Ancient Greek
космонавт	Ancient Greek
космос	Ancient Greek
крин	Ancient Greek
Ксения	Ancient Greek
Ксенофан	Ancient Greek
Ксеркс	Ancient Greek
кси	Ancient Greek
Лариса	Ancient Greek
Леонид	Ancient Greek
лепта	Ancient Greek
Лета	Ancient Greek
Лидия	Ancient Greek
логика	Ancient Greek
логос	Ancient Greek
лотос	Ancient Greek
лямбда	Ancient Greek
Майя	Ancient Greek
Македония	Ancient Greek
марафон	Ancient Greek
мегаполис	Ancient Greek
Мелисса	Ancient Greek
Мефодий	Ancient Greek
микенский	Ancient Greek
миф	Ancient Greek
мифология	Ancient Greek
мнемоника	Ancient Greek
Моисей	Ancient Greek
мю	Ancient Greek
нарцисс	Ancient Greek
некрополь	Ancient Greek
нектар	Ancient Greek
Немезида	Ancient Greek
Ника	Ancient Greek
ню	Ancient Greek
Нюкта	Ancient Greek
Одесса	Ancient Greek
Одиссей	Ancient Greek
ойкумена	Ancient Greek
оксиморон	Ancient Greek
олигарх	Ancient Greek
олигархия	Ancient Greek
омега	Ancient Greek
омикрон	Ancient Greek
омофон	Ancient Greek
оргазм	Ancient Greek
орган	Ancient Greek
оргия	Ancient Greek
Орест	Ancient Greek
Абовян	Armenian
Абраамян	Armenian
Агаджанян	Armenian
Агарак	Armenian
Айрум	Armenian
айсор	Armenian
Акопян	Armenian
Алаверди	Armenian
Алексанян	Armenian
Апаран	Armenian
Апресян	Armenian
ара	Armenian
Арагацотн	Armenian
Армавир	Armenian
Арташат	Armenian
Артик	Armenian
Арцах	Armenian
Астхик	Armenian
Ахтала	Armenian
Аштарак	Armenian
ашуг	Armenian
Бабаджанян	Armenian
Багдасаров	Armenian
Баграмян	Armenian
Бархударов	Armenian
бастурма	Armenian
Берд	Armenian
Бюракан	Armenian
Бюрегаван	Armenian
Ваагн	Armenian
Вагаршапат	Armenian
вай	Armenian
Вайк	Armenian
Вайоц-Дзор	Armenian
Ванадзор	Armenian
Варденис	Armenian
Вартанов	Armenian
Веди	Armenian
Гавар	Armenian
Гехаркуник	Armenian
Горис	Armenian
грабар	Armenian
Гюмри	Armenian
Дастакерт	Armenian
дашнак	Armenian
джан	Armenian
Джермук	Armenian
Джигарханян	Armenian
драм	Armenian
дудук	Armenian
Егвард	Armenian
Ехегнадзор	Armenian
ишхан	Armenian
Каджаран	Armenian
Капан	Armenian
Кеосаян	Armenian
Котайк	Armenian
лаваш	Armenian
Лори	Armenian
Маралик	Armenian
Мартиросов	Armenian
Мартуни	Armenian
Масис	Armenian
Мегри	Armenian
Мецамор	Armenian
Мигранян	Armenian
Микоян	Armenian
нарды	Armenian
Нерсесов	Armenian
Ноемберян	Armenian
Нор-Ачин	Armenian
Оганесян	Armenian
пахлава	Armenian
Пемзашен	Armenian
Петросян	Armenian
Раздан	Armenian
Севан	Armenian
Симонян	Armenian
Сисиан	Armenian
Сперцян	Armenian
Спитак	Armenian
Степанаван	Armenian
Сюник	Armenian
Тавуш	Armenian
Талин	Armenian
тан	Armenian
Ташир	Armenian
Туманян	Armenian
турша	Armenian
Ханджян	Armenian
Харатьян	Armenian
Хачанов	Armenian
хачик	Armenian
хачкар	Armenian
Цахкадзор	Armenian
Цолак	Armenian
чаман	Armenian
Чамбарак	Armenian
Чаренцаван	Armenian
Шамлуг	Armenian
шампур	Armenian
Ширак	Armenian
байховый	Chinese
ван	Chinese
дацзыбао	Chinese
женьшень	Chinese
Кун-цзы	Chinese
личи	Chinese
Мин	Chinese
Пэн	Chinese
Синьцзян	Chinese
Сун	Chinese
Тан	Chinese
фанза	Chinese
цигун	Chinese
Цин	Chinese
чэнъюй	Chinese
Юань	Chinese
ямб	Chinese
аак	Dutch
аам	Dutch
абрикос	Dutch
аврал	Dutch
анчоус	Dutch
апельсин	Dutch
апсель	Dutch
ахтерпик	Dutch
байка	Dutch
бак	Dutch
бакен	Dutch
балласт	Dutch
бамбук	Dutch
банка	Dutch
баркас	Dutch
батарея	Dutch
бензель	Dutch
бизань	Dutch
биржа	Dutch
борт	Dutch
бот	Dutch
брамсель	Dutch
брандспойт	Dutch
брюки	Dutch
бугель	Dutch
буер	Dutch
буй	Dutch
буксировать	Dutch
бур	Dutch
бургомистр	Dutch
бухта	Dutch
бушприт	Dutch
Ван Гог	Dutch
ванта	Dutch
ватерпас	Dutch
вахмистр	Dutch
веер	Dutch
верфь	Dutch
вест	Dutch
Вест-Индия	Dutch
Вилдерс	Dutch
Виндхук	Dutch
гавань	Dutch
гак	Dutch
галерея	Dutch
галс	Dutch
гафель	Dutch
грот	Dutch
дамба	Dutch
домкрат	Dutch
дрейф	Dutch
Дренте	Dutch
дюйм	Dutch
зонтик	Dutch
зюйд	Dutch
кабель	Dutch
кабельтов	Dutch
камергер	Dutch
картуз	Dutch
квитанция	Dutch
киль	Dutch
кильватер	Dutch
кливер	Dutch
клизма	Dutch
клипер	Dutch
койка	Dutch
кок	Dutch
колдершток	Dutch
кортик	Dutch
кран	Dutch
крейсер	Dutch
кренить	Dutch
криль	Dutch
кубрик	Dutch
лавировать	Dutch
лаг	Dutch
леер	Dutch
линь	Dutch
лисель	Dutch
лиф	Dutch
лихтер	Dutch
лотерея	Dutch
лоцман	Dutch
люк	Dutch
Маастрихт	Dutch
магазин	Dutch
макрель	Dutch
марсель	Dutch
мат	Dutch
матрос	Dutch
мик	Dutch
мопс	Dutch
нактоуз	Dutch
норд	Dutch
ост	Dutch
пароль	Dutch
пассат	Dutch
пек	Dutch
попугай	Dutch
ракета	Dutch
рангоут	Dutch
рей	Dutch
рейд	Dutch
рейс	Dutch
рубка	Dutch
руль	Dutch
румпель	Dutch
рупор	Dutch
сельдерей	Dutch
сталь	Dutch
стапель	Dutch
стопор	Dutch
такелаж	Dutch
таль	Dutch
тик	Dutch
топ	Dutch
топсель	Dutch
транспорт	Dutch
трап	Dutch
трос	Dutch
трюм	Dutch
фарватер	Dutch
флаг	Dutch
флагман	Dutch
флагшток	Dutch
фланг	Dutch
флот	Dutch
флюгер	Dutch
форштевень	Dutch
швабра	Dutch
швартов	Dutch
шканец	Dutch
шкив	Dutch
шкипер	Dutch
шкот	Dutch
шлюз	Dutch
шлюп	Dutch
шпигат	Dutch
штаг	Dutch
штопать	Dutch
штопор	Dutch
шторм	Dutch
штурвал	Dutch
штурман	Dutch
шхуна	Dutch
ювелир	Dutch
ют	Dutch
яхта	Dutch
аболиционизм	English
аборт	English
абуз	English
абьюз	English
абьюзер	English
аватар	English
авокадо	English
автосин	English
агностик	English
агностицизм	English
адаптер	English
аддон	English
айфон	English
аквабайк	English
акваланг	English
аккаунт	English
акселератор	English
аммоний	English
андеграунд	English
аниматроника	English
антиваксер	English
антипиретик	English
антифриз	English
апать	English
апгрейд	English
апдейт	English
апликант	English
апперкот	English
апплет	English
аппликант	English
аппойнтмент	English
аренби	English
армрестлинг	English
арт-дилер	English
арт-директор	English
АСЕАН	English
астронавт	English
Атари	English
Аткинсон	English
аутинг	English
аутсайдер	English
аутсорсинг	English
ауч	English
афро	English
афтершок	English
ацетилхолинэстераза	English
аэробика	English
аэроплан	English
аэропорт	English
аэростат	English
баг	English
база	English
бай	English
бай-бай	English
Байден	English
байт	English
бампер	English
бан	English
бандана	English
банджо	English
баннер	English
банши	English
баньши	English
бар	English
барбекю	English
барбершоп	English
бард	English
бармен	English
бартер	English
басенджи	English
баскетбол	English
баттл	English
беби	English
бебиситтер	English
бедж	English
бедлам	English
бейгл	English
бекон	English
бел	English
бестселлер	English
би	English
биг-мэк	English
бигфут	English
бизнес	English
бизнес-план	English
бизнесвумен	English
бизнесмен	English
бикамерализм	English
билборд	English
бинго	English
биткоин	English
битломания	English
битник	English
бифштекс	English
бланк	English
блейзер	English
блендер	English
блеф	English
блог	English
блоггер	English
блогер	English
блогосфера	English
блок	English
блокбастер	English
блэкаут	English
блэкфейс	English
блюз	English
блютус	English
Боб	English
бобслей	English
бодибилдинг	English
бозон	English
бой	English
бойкот	English
бойлер	English
бойскаут	English
бойфренд	English
бокс	English
бокчой	English
болт	English
босс	English
бостон	English
бот	English
боулинг	English
браузер	English
Браун	English
брейнсторминг	English
бренд	English
бренди	English
бриг	English
бриз	English
брифинг	English
бро	English
брокер	English
буги-вуги	English
буккер	English
буклет	English
букмекер	English
буллинг	English
бульдог	English
бульдозер	English
бум	English
бургер	English
бути-дэнс	English
бутса	English
Буттиджич	English
буфер	English
бушель	English
бэби-бокс	English
бэби-бум	English
бэкап	English
бэкграунд	English
вайфай	English
ватер	English
ватт	English
вау	English
ваучер	English
ваха	English
Вашингтон	English
веб	English
веб-сайт	English
вейп	English
верея	English
вестерн	English
видео	English
видеоблог	English
видеокассета	English
виджет	English
Википедия	English
вилла	English
виндсёрфинг	English
Винни-Пух	English
виски	English
влог	English
войс	English
вокзал	English
воки-токи	English
волейбол	English
вор	English
вувузела	English
вуду	English
гаджет	English
галлон	English
гамбургер	English
гангстер	English
гандбол	English
Гарсия	English
Гарфилд	English
гей	English
гей-бар	English
гей-клуб	English
геймер	English
геймплей	English
гетеросексуал	English
гидрофойл	English
гипермаркет	English
гликопротеин	English
гну	English
гобой	English
гол	English
гольф	English
Гонконг	English
Гордон	English
граммар-наци	English
грант	English
граф	English
грейдер	English
грейпфрут	English
грейхаунд	English
гризли	English
грокнуть	English
груббер	English
гуава	English
Гувер	English
гуглофон	English
гьят	English
Гэндальф	English
гёрлфренд	English
дайвинг	English
дайджест	English
дайка	English
Дарвин	English
девайс	English
декоратор	English
демпинг	English
денди	English
детектор	English
детерминант	English
детранзишн	English
дефолт	English
джаз-банд	English
джакузи	English
джанк-фуд	English
джей-поп	English
джекфрут	English
джем	English
джемпер	English
Дженни	English
джентльмен	English
джерки	English
джерси	English
Джефферсон	English
джим	English
джин	English
джинсы	English
джип	English
джоггинг	English
джогинг	English
джойстик	English
джокер	English
джокстрапы	English
Джон	English
Джонсон	English
джоуль	English
джунгли	English
диджей	English
дизайн	English
дизайнер	English
Диккенс	English
дилер	English
диск-жокей	English
дисквалификация	English
дисклеймер	English
дискурс	English
диспетчер	English
дисплей	English
дистрибьютер	English
дистрибьютор	English
дог	English
догхантер	English
доллар	English
Дональд Дак	English
допинг	English
доула	English
драга	English
драйв	English
дредноут	English
дрена	English
дримкор	English
дрифт	English
думскроллинг	English
дуриан	English
дуст	English
емейл	English
есть	English
жокей	English
зомби	English
игнор	English
имба	English
имейл	English
имидж	English
имиджборд	English
иммуноглобулин	English
импичмент	English
имхо	English
инвойс	English
инсайт	English
инсталляция	English
интервью	English
интервьюер	English
интернет	English
интерфейс	English
интерференция	English
интерферон	English
инфлюэнсер	English
инцел	English
ИРЛ	English
истеблишмент	English
Йоркшир	English
кавер	English
кадиллак	English
Калифорния	English
камео	English
каминг-аут	English
Канберра	English
кантри	English
капкейк	English
кар	English
карбид	English
кардиган	English
кариб	English
Картер	English
картридж	English
кастинг	English
катер	English
катин	English
каупер	English
квазар	English
квакер	English
квест	English
кей-поп	English
Кейнс	English
кейс	English
кейтеринг	English
кек	English
кемпинг	English
кенгуру	English
керосин	English
кетчуп	English
кешбэк	English
кикать	English
кикбоксинг	English
кикнуть	English
киллер	English
килт	English
кирза	English
Киссингер	English
Киссинджер	English
клаксон	English
клан	English
кластер	English
клик	English
кликать	English
кликс	English
клинч	English
клип	English
клипер	English
клиринг	English
клозет	English
клоун	English
клуб	English
ковбой	English
коктейль	English
кола	English
коливинг	English
колледж	English
коллектор	English
комбайн	English
комикс	English
коммент	English
коммит	English
компани	English
компьютер	English
комьюнити	English
конвейер	English
конвой	English
конгрессвумен	English
конгрессмен	English
кондиционер	English
кондом	English
Конли	English
Коннахт	English
Коннелли	English
консалтинг	English
констебль	English
контейнер	English
контент	English
коп	English
кор	English
коронавирус	English
корт	English
косплеер	English
косплей	English
коттедж	English
коуч	English
крампет	English
краудфандинг	English
краут-рок	English
краш	English
краш-тест	English
крашнуть	English
крекер	English
крекинг	English
кресс	English
крик	English
крикет	English
кринж	English
криптовирус	English
кристаллизовать	English
кроль	English
Кромвель	English
Кромуэлл	English
кросс	English
кроссворд	English
кроссдрессер	English
круиз	English
крэк	English
куки	English
кулдаун	English
кули	English
кэп	English
кэш	English
кёрлинг	English
лаг	English
лайк	English
лайм	English
лайнер	English
лакшери	English
ланч	English
леггинсы	English
леди	English
лейбл	English
лейборист	English
Лейнстер	English
ленд-лиз	English
Ленстер	English
лепрекон	English
либертарианство	English
лидер	English
лизинг	English
лилипут	English
линк	English
Линукс	English
лифт	English
лобби	English
лобстер	English
логин	English
локаут	English
локдаун	English
Лондон	English
лор	English
лорд	English
Лос-Анджелес	English
лот	English
лоукостер	English
ЛСД	English
лузер	English
лук	English
луна-парк	English
лэптоп	English
люмен	English
маджента	English
Майкл	English
майнинг	English
майнкрафтер	English
маккартизм	English
Макнамара	English
малайский	English
манго	English
мандопоп	English
Манстер	English
маркетинг	English
мартини	English
маршмэллоу	English
масс-медиа	English
мастдай	English
мат	English
матч	English
маффин	English
медиа	English
медиаплеер	English
мейкап	English
мейл	English
мейн-кун	English
мейнстрим	English
мем	English
менеджер	English
менеджмент	English
месседж	English
мессенджер	English
метал	English
мефедрон	English
микрочип	English
микс	English
миксер	English
микст	English
микшер	English
миледи	English
милкшейк	English
милорд	English
минивэн	English
мисс	English
миссис	English
мистер	English
митинг	English
мичман	English
могиканин	English
мод	English
модем	English
мокасин	English
молл	English
монитор	English
мониторинг	English
Мордор	English
мотель	English
мохер	English
мультимедиа	English
мультиплекс	English
мульча	English
мульчировать	English
мутить	English
мэм	English
мюзикл	English
Мюллер	English
наггетс	English
напалм	English
нарратив	English
НАСА	English
НАТО	English
нейлон	English
нейронная сеть	English
нетбол	English
нигга	English
ниггер	English
ник	English
ниппель	English
нокаут	English
нокдаун	English
нонсенс	English
ноу-хау	English
ноутбук	English
нуб	English
нуклеотид	English
Нью-Йорк	English
ньюсмейкер	English
ньюсрум	English
ньютон	English
Ньютон	English
оззи	English
ози	English
ок	English
окей	English
Ольстер	English
омбудсмен	English
ондатра	English
онлайн	English
операнд	English
Оппенгеймер	English
орк	English
офис	English
офшор	English
паб	English
паблик	English
паддок	English
пазл	English
памперс	English
панк	English
панк-рок	English
парк	English
паркинг	English
парсить	English
парти	English
паттерн	English
Пауэлл	English
Пауэрс	English
пейджер	English
пенальти	English
пенни	English
пенс	English
пепси	English
пи	English
пиар	English
пиджак	English
пиджин	English
пижама	English
пикап	English
пилинг	English
пипл	English
пирс	English
пирсинг	English
Питер	English
плагин	English
план Б	English
плед	English
плеер	English
плей-лист	English
плейбой	English
плиз	English
плоттер	English
пого-стик	English
подкаст	English
пойнтер	English
покер	English
Пол	English
полисмен	English
пони	English
поп	English
попкорн	English
порт	English
портфолио	English
пост	English
постер	English
посткейнсианство	English
постмодернист	English
постпанк	English
прайвеси	English
праймер	English
праймериз	English
пранк	English
пранкстер	English
пресс-релиз	English
пресс-секретарь	English
прессинг	English
принтер	English
провайдер	English
продюсер	English
проксемика	English
прокси	English
промоутер	English
промоушен	English
пропофол	English
проппант	English
пруф	English
психофизиология	English
пудинг	English
пул	English
пуловер	English
пульсар	English
пуп	English
пуританин	English
пушту	English
пьютер	English
радар	English
Райт	English
ралли	English
раунд	English
раут	English
раш	English
Раша	English
реалити-шоу	English
револьвер	English
регги	English
рейв	English
рейд	English
рейтинг	English
релиз	English
рельс	English
ремикс	English
репост	English
ресепшен	English
ресепшн	English
респондент	English
ретард	English
рефери	English
риелтор	English
ризз	English
ринг	English
рисайклинг	English
Ричард	English
Ричмонд	English
Робин	English
рогалик	English
рок	English
рок-н-ролл	English
рокер	English
Роколл	English
ром	English
роуминг	English
рубероид	English
Рузвельт	English
русификатор	English
руфер	English
руфинг	English
рэгтайм	English
рэкет	English
рэкетир	English
рэп	English
рэпер	English
рэповать	English
сабвуфер	English
сабж	English
саго	English
сайт	English
саммит	English
саундтрек	English
свитер	English
сейл	English
сейнер	English
сейф	English
секвойя	English
секс	English
сексапильный	English
секси	English
селфи	English
селфхарм	English
сельсин	English
семпл	English
семплер	English
семплинг	English
сенсор	English
сервер	English
сервис	English
сет	English
сеттер	English
Си	English
сибас	English
сиблинг	English
Сидней	English
сиквел	English
сингл	English
синтетика	English
Сирил	English
сити	English
скальп	English
сканер	English
сканировать	English
скаут	English
сквер	English
сквоттер	English
сквош	English
скейтборд	English
скин	English
скинхед	English
скиф	English
скон	English
скотч	English
скрепер	English
скример	English
скринсейвер	English
скруббер	English
скуба	English
скуба-дайвинг	English
скунс	English
скутер	English
слайд	English
сленг	English
слеш	English
слоган	English
Смит	English
смог	English
СМС	English
смузи	English
снайпер	English
сникерс	English
сноб	English
сноуборд	English
сноубординг	English
солипсизм	English
солитон	English
сори	English
сорри	English
соул	English
софтбол	English
софтвер	English
спа	English
спам	English
спарринг	English
спеллинг	English
спидометр	English
спикер	English
спирт	English
спич	English
спичрайтер	English
спойлер	English
спонж	English
спорт	English
спортсмен	English
спрайт	English
спрей	English
спрингер	English
спринт	English
спринтер	English
стаб	English
стакер	English
сталкинг	English
стандарт	English
старт	English
стартап	English
стартер	English
стартёр	English
стейк	English
стек	English
стелс	English
стенд	English
стендап	English
степлер	English
стерео	English
стив	English
стоп	English
сторис	English
Стоунхендж	English
страйк	English
страпон	English
Стрейзанд	English
стрейт	English
стрейт-флеш	English
стресс	English
стрим	English
стример	English
стрингер	English
стриптиз	English
стрит	English
стюард	English
стюардесса	English
субтип	English
супер	English
супермаркет	English
супермен	English
суши	English
суши-бар	English
сэндвич	English
сэр	English
сёрфинг	English
Т9	English
тавр	English
тайм	English
тайм-аут	English
таймер	English
тайминг	English
тайфун	English
тан	English
тандем	English
танк	English
танкер	English
тату	English
тачпад	English
тверк	English
тверкать	English
тверкинг	English
твид	English
твист	English
Твиттер	English
твёрк	English
твёркать	English
тег	English
телетайп	English
телешоу	English
тендер	English
теннис	English
тент	English
терминал	English
Тернер	English
терьер	English
тест	English
тизер	English
тик	English
тильт	English
тинейджер	English
тоддлер	English
тойтерьер	English
ток-шоу	English
токсик	English
томагавк	English
томбой	English
топ	English
топ-менеджер	English
топик	English
торнадо	English
торрент	English
тост	English
тостер	English
тотем	English
трабл	English
траверз	English
трактор	English
трал	English
Трамп	English
транс	English
трансгендер	English
трап	English
трафик	English
тред	English
трейдер	English
трейлер	English
трек	English
трекер	English
треклист	English
трен	English
тренд	English
тренинг	English
трест	English
треш	English
триллер	English
трисель	English
троллейбус	English
троллинг	English
тролль	English
туз	English
тулуп	English
тун	English
турнепс	English
тэтчеризм	English
уик-энд	English
Уильямс	English
уоки-токи	English
упс	English
Уэльс	English
файл	English
файрволл	English
файтинг	English
фак	English
факс	English
фальстарт	English
фан	English
фан-арт	English
фандрайзинг	English
фанфик	English
фапать	English
фаст-фуд	English
фейк	English
фембой	English
фемдом	English
фентанил	English
фермер	English
фешенебельный	English
фидбэк	English
фиджитал	English
фильм	English
финиш	English
фифти-фифти	English
флирт	English
флорбол	English
флуд	English
флэшмоб	English
Фокс	English
фокстерьер	English
фокстрот	English
фол	English
Фолкнер	English
фольклор	English
фонк	English
фонограф	English
форвард	English
форчекинг	English
франчайзинг	English
фрекинг	English
фрик	English
фул-хаус	English
фулл-хаус	English
фундаментализм	English
фуражка	English
фуррь	English
фурсьют	English
фут	English
футбол	English
фэндом	English
фэнтези	English
фэтфобия	English
хаб	English
хаер	English
хай-хьюм	English
хакер	English
Хаксли	English
харассмент	English
хардбасс	English
Харрис	English
хаус	English
хедхантер	English
хедхантинг	English
хейтер	English
хек	English
Хеллоуин	English
хентай	English
хештег	English
хибру	English
хиллбилли	English
хиппи	English
хипстер	English
хит	English
хобби	English
хоббит	English
ховеркрафт	English
хоккей	English
холдинг	English
холл	English
хост	English
хостинг	English
хот-дог	English
худи	English
худу	English
хук	English
хулиган	English
Хьюберт	English
целлулоид	English
циркуляр	English
цитокин	English
чайнатаун	English
чарли	English
чартер	English
чат	English
чат-бот	English
чеддер	English
чек	English
чекать	English
челлендж	English
чемпион	English
чизель	English
Чикаго	English
чили	English
чилить	English
чилл	English
чиллить	English
чип	English
читер	English
шатдаун	English
шаттл	English
шейпинг	English
Шекспир	English
шелтер	English
шельф	English
шефнуть	English
шквал	English
шок	English
шокер	English
шопинг	English
шорты	English
шот	English
шоу	English
шоу-бизнес	English
шоувумен	English
шоумен	English
шоурум	English
шрапнель	English
шредер	English
Шрёдер	English
шутер	English
эй	English
Эйзенхауэр	English
эйс	English
эйч	English
экосистема	English
экс-коммунист	English
экскаватор	English
экстрасенс	English
экшн	English
Элвин	English
элеватор	English
Элис	English
эль	English
Эльдар	English
эльф	English
эльфийский	English
эмо	English
эмпатия	English
Эндрю	English
Энн	English
Энтони	English
эрдельтерьер	English
эрл	English
эскалатор	English
эскалация	English
юзер	English
юзерпик	English
юмор	English
Юникод	English
юниор	English
янки	English
ярборо	English
яхтсмен	English
а-ля	French
аба-ван	French
аба-вуа	French
абажур	French
абакост	French
абандон	French
абес	French
абецедарий	French
абиссаль	French
абонемент	French
абордаж	French
абразив	French
абреже	French
абсанс	French
абсент	French
абсолютизм	French
абстракция	French
аваль	French
авангард	French
аванпост	French
аванс	French
авантюра	French
авантюрист	French
авеню	French
аверс	French
авиация	French
Авиньон	French
автоматизм	French
автомобилист	French
автомобиль	French
автопортрет	French
авторитаризм	French
авуары	French
агат	French
агрегат	French
агрессивный	French
агрессия	French
агути	French
адепт	French
адьё	French
адюльтер	French
ажан	French
ажиотаж	French
азарт	French
азимут	French
Азнавур	French
азот	French
аи	French
акварель	French
аккорд	French
аккордеон	French
аксессуар	French
актриса	French
актёр	French
акушер	French
акциз	French
акционер	French
алло	French
аллонж	French
аллюр	French
альбатрос	French
альбинос	French
альков	French
альпага	French
альпинизм	French
альтруизм	French
альянс	French
алё	French
амбразура	French
амбре	French
амбушюр	French
аморализм	French
амортизатор	French
амортизация	French
ампир	French
амплуа	French
Амур	French
амур	French
Амьен	French
анализ	French
анархист	French
ангар	French
анекдот	French
анкета	French
аннексия	French
аннигиляция	French
анолис	French
анонс	French
анонсировать	French
ансамбль	French
антилопа	French
антоним	French
антракт	French
антреприза	French
антресоли	French
антресоль	French
антураж	French
анфас	French
анфилада	French
аплодировать	French
аплодисменты	French
апломб	French
апостиль	French
апостроф	French
араб	French
арабеск	French
арабеска	French
арбалет	French
арбитр	French
арбитраж	French
арго	French
арманьяк	French
арондисман	French
арсенал	French
артикль	French
артиллерия	French
артист	French
арьергард	French
ас	French
аспирант	French
ассамблея	French
ассортимент	French
ассоциация	French
астения	French
асфальт	French
атака	French
атанда	French
ателье	French
атеросклероз	French
атташе	French
аттитюд	French
афера	French
аферист	French
афиша	French
аш	French
аэрограмма	French
аэродром	French
аэроплан	French
аэропорт	French
аэростат	French
багаж	French
багет	French
база	French
бал	French
баланс	French
балет	French
балет-феерия	French
балкон	French
балл	French
баллада	French
баллон	French
балюстрада	French
бамбук	French
банальный	French
банан	French
банда	French
бандаж	French
бандероль	French
банкет	French
Бар	French
бар	French
барак	French
барельеф	French
баржа	French
барон	French
баррикада	French
барьер	French
бассейн	French
бастион	French
баталия	French
батальон	French
батон	French
батут	French
беж	French
безе	French
бекас	French
бельэтаж	French
бемоль	French
бенефис	French
бенефициар	French
Бенуа	French
берет	French
бетон	French
бефстроганов	French
бивак	French
бивуак	French
бигуди	French
биде	French
бидон	French
бижутерия	French
бизон	French
билет	French
бильярд	French
бинокль	French
бисквит	French
бистро	French
блиндаж	French
блок	French
блокнот	French
блуза	French
боа	French
бокаж	French
бокал	French
бокс	French
боксит	French
болид	French
бомонд	French
бон	French
бонбоньерка	French
бонистика	French
бонмо	French
бор	French
бордо	French
бордюр	French
бот	French
бра	French
бравада	French
бравый	French
браконьер	French
браслет	French
брелок	French
Брест	French
брешь	French
бри	French
брикет	French
брошь	French
брошюра	French
брюнет	French
будировать	French
букет	French
букинист	French
букля	French
бульвар	French
бульон	French
бурбон	French
буржуа	French
буржуазия	French
буржуазный	French
буржуй	French
бурре	French
буссоль	French
бутик	French
бутон	French
бутыль	French
Буш-дю-Рон	French
БЦЖ	French
бюджет	French
бюллетень	French
бюро	French
бюрократ	French
бюст	French
ва-банк	French
вагон	French
ваза	French
вакансия	French
вакантный	French
валет	French
валидол	French
Валь-д'Уаз	French
вальс	French
вампир	French
вандализм	French
вантуз	French
варан	French
вариант	French
варьете	French
васисдас	French
вассал	French
вата	French
велосипед	French
велюр	French
Вена	French
вернисаж	French
Версаль	French
вестибюль	French
визави	French
визаж	French
визажист	French
визионер	French
визир	French
виконт	French
винегрет	French
вираж	French
виртуоз	French
витраж	French
витрина	French
водевиль	French
волан	French
волонтёр	French
вольер	French
вояж	French
вуаль	French
габарит	French
гавот	French
Гавр	French
газ	French
газель	French
газета	French
газон	French
галета	French
галиматья	French
галлицизм	French
гамак	French
гамбит	French
гараж	French
гарантия	French
гарда	French
гардероб	French
гарнизон	French
гарнир	French
гарнитура	French
гарсон	French
гастрит	French
гастрономия	French
гектар	French
гемоглобин	French
гепард	French
герой	French
гетра	French
гид	French
гильотина	French
гиппопотам	French
гланда	French
глиссер	French
глиф	French
гобелен	French
горельеф	French
гравий	French
гравюра	French
Гран-при	French
гран-при	French
Грас	French
грассировать	French
гратен	French
графомания	French
грена	French
гренадер	French
Гренель	French
грим	French
грипп	French
гриф	French
грот	French
гротеск	French
грюйер	French
гуашь	French
гудрон	French
гурман	French
дама	French
дантист	French
дебил	French
дебош	French
дебошир	French
дебют	French
дебютант	French
девиз	French
дегустация	French
дежавю	French
дежурный	French
дезертир	French
дезинфекция	French
декаданс	French
декадент	French
декантировать	French
декольте	French
декор	French
декорум	French
деликатес	French
дельтаплан	French
демарш	French
демобилизация	French
демократизм	French
демонтаж	French
депо	French
дерматин	French
десант	French
десерт	French
деспотизм	French
деталь	French
детерминатив	French
дециметр	French
дивертисмент	French
дивизион	French
диез	French
Дижон	French
дилижанс	French
динамизм	French
диплом	French
дипломат	French
директива	French
директория	French
директриса	French
дирижабль	French
дирижировать	French
диспансер	French
диспашер	French
диссонанс	French
дистанция	French
дож	French
домен	French
донжон	French
досье	French
дофин	French
Дофине	French
драже	French
драп	French
дренаж	French
дублон	French
дубль	French
дубляж	French
дублёр	French
душ	French
дуэль	French
дюжина	French
жабо	French
жавель	French
Жавель	French
жакет	French
жалюзи	French
жандарм	French
жандармерия	French
Жанна	French
жанр	French
жаргон	French
желе	French
жест	French
жетон	French
жилет	French
жираф	French
Жиронда	French
Жозефина	French
жонглёр	French
журнал	French
журналист	French
жюри	French
зенит	French
зеро	French
зефир	French
зоопсихолог	French
Ивелин	French
игрек	French
инвалид	French
индустриализация	French
инициатива	French
интендант	French
интерьер	French
интриган	French
иод	French
ипотека	French
Ипр	French
истерика	French
ихтиоз	French
йод	French
кабаре	French
кабестан	French
кавалер	French
кавалергард	French
Кавказ	French
кадастр	French
кадр	French
кадра	French
кадры	French
каземат	French
каик	French
каламбур	French
Кале	French
калебас	French
калория	French
калька	French
кальмар	French
кальсоны	French
камамбер	French
Камбоджа	French
камрад	French
камуфляж	French
канапе	French
канва	French
канитель	French
канкан	French
канонада	French
кантон	French
капот	French
каприз	French
капсюль	French
каптенармус	French
капюшон	French
карабин	French
карамель	French
карбонад	French
карбюратор	French
кардиограмма	French
каре	French
каркас	French
карнавал	French
карт-бланш	French
картуш	French
карьер	French
каска	French
каскад	French
каскадёр	French
каскет	French
каста	French
кастет	French
каталог	French
катафалк	French
катрен	French
каучук	French
кафе	French
кашалот	French
кашне	French
кашпо	French
квиты	French
кепи	French
километраж	French
киоск	French
киш	French
клавесин	French
кларнет	French
классицизм	French
клерк	French
клише	French
клошар	French
клёш	French
кок	French
кокарда	French
кокетка	French
кокиль	French
коклюш	French
кокон	French
коленкор	French
колибри	French
коллаборационизм	French
коллаборация	French
коллаж	French
колье	French
команда	French
командир	French
комбатант	French
комбинезон	French
комильфо	French
комитет	French
коммерсант	French
коммивояжёр	French
коммуна	French
коммунист	French
коммюнике	French
комод	French
компани	French
компилировать	French
компостер	French
компот	French
конверт	French
конгломерат	French
конструктор	French
консьерж	French
контакт	French
контр-	French
контроль	French
контузия	French
контур	French
конферансье	French
конфитюр	French
конформизм	French
концессия	French
коньяк	French
кордебалет	French
корнишон	French
корсаж	French
корсет	French
кортеж	French
космополит	French
космополитизм	French
костюм	French
Кот-д'Ивуар	French
котлета	French
кофр	French
кошмар	French
креветка	French
крем	French
крем-брюле	French
креол	French
креп	French
кретин	French
криз	French
кристалл	French
кристаллизовать	French
круассан	French
круп	French
крупье	French
крутон	French
ксилофон	French
кузен	French
кузина	French
кулиса	French
кулон	French
кулуары	French
культуризм	French
купе	French
куплет	French
купол	French
купон	French
купюра	French
кур	French
кураж	French
куранты	French
курьер	French
курьёз	French
кутюрье	French
кушетка	French
кювет	French
Ла-Манш	French
лаж	French
ламантин	French
Лансере	French
лансье	French
лассо	French
Ле Пен	French
легитимный	French
Ленне	French
лиана	French
либерализм	French
ливрея	French
ликёр	French
лиловый	French
лимит	French
лимонад	French
лимузин	French
литота	French
литраж	French
ложа	French
локомотив	French
лонжерон	French
лорнет	French
лосьон	French
Лотарингия	French
Луара	French
луидор	French
Лумумба	French
лупа	French
лье	French
люстра	French
магнетизм	French
Магомет	French
мадам	French
мадемуазель	French
мадмуазель	French
маз	French
майонез	French
макет	French
макияж	French
макраме	French
Макрон	French
маман	French
мангуст	French
манеж	French
манекен	French
манера	French
манжета	French
маникюр	French
манкировать	French
мансарда	French
манто	French
маньяк	French
манёвр	French
маргинал	French
маржа	French
маркиз	French
марля	French
мармелад	French
мародёр	French
Марсель	French
марш	French
маска	French
масон	French
массаж	French
массивный	French
мат	French
материалист	French
мебель	French
мемуары	French
меню	French
меренга	French
мерси	French
месса	French
месье	French
метис	French
метр	French
метраж	French
метрдотель	French
метро	French
метрополитен	French
мигрень	French
мизансцена	French
микроскопия	French
миллиард	French
миллиардер	French
миллион	French
мимоза	French
мина	French
минарет	French
минерал	French
минет	French
министр	French
мираж	French
мириада	French
мистик	French
мобилизация	French
моветон	French
мода	French
модель	French
модерн	French
модуль	French
мол	French
моллюск	French
Монмартр	French
монолог	French
Монпарнас	French
монстр	French
монтаж	French
моралист	French
морена	French
морфема	French
мотив	French
мотоцикл	French
мсьё	French
муляж	French
мусс	French
мушкетёр	French
мэр	French
мэрия	French
мэтр	French
наивный	French
Намюр	French
наполеон	French
наполеондор	French
нарвал	French
натурализм	French
натуралист	French
натюрморт	French
неврология	French
неглиже	French
негр	French
негроид	French
ненюфар	French
неофит	French
непотизм	French
ниша	French
ноктюрн	French
Нор	French
Нормандия	French
нувориш	French
нуга	French
нумизмат	French
нумизматика	French
ню	French
нюанс	French
О-де-Сен	French
о-пер	French
о-пэр	French
огр	French
ода	French
одеколон	French
окуляр	French
оливье	French
Олланд	French
омар	French
омлет	French
опак	French
опера-феерия	French
операнд	French
оппозиция	French
оранжевый	French
оранжерея	French
организм	French
отель	French
Отёй	French
официант	French
па	French
Па-де-Кале	French
павильон	French
паж	French
пакет	French
палантин	French
палитра	French
пальто	French
пандус	French
паника	French
панно	French
пансион	French
пансионат	French
панталоны	French
пантомима	French
папа	French
папье-маше	French
парадиз	French
паразит	French
парашют	French
пардон	French
пари	French
парик	French
парк	French
паркет	French
парламент	French
пармезан	French
партизан	French
парфюм	French
паскаль	French
паспорт	French
пассаж	French
пассатижи	French
Пасси	French
пастила	French
пасьянс	French
пат	French
патрон	French
патронаж	French
патруль	French
пацифизм	French
педант	French
педикюр	French
пейзаж	French
пейзан	French
пейзанин	French
пелерина	French
пенсионер	French
пенсне	French
пеньюар	French
перкаль	French
перрон	French
персонаж	French
пессимизм	French
пессимист	French
пик	French
пике	French
пикник	French
пилотаж	French
пилюля	French
пинцет	French
пирога	French
пируэт	French
писсуар	French
пистолет	French
плагиат	French
план	French
планшет	French
планёр	French
плато	French
плафон	French
плацдарм	French
плюрализм	French
плюш	French
пляж	French
Полетт	French
поликлиника	French
Полина	French
полип	French
политеизм	French
поляризация	French
помада	French
понт	French
понтон	French
попурри	French
портмоне	French
портсигар	French
портупея	French
портфель	French
портье	French
портьера	French
пост	French
потофё	French
почтальон	French
поэт	French
поэтесса	French
президент	French
премьер-министр	French
премьера	French
прерия	French
пресс	French
пресс-папье	French
пресса	French
престиж	French
преферанс	French
примитив	French
принцесса	French
прогноз	French
прожект	French
прожектор	French
пролетариат	French
проституция	French
протеже	French
протеин	French
протекционизм	French
процедура	French
психофизика	French
психофизиология	French
пудра	French
пульверизатор	French
пуф	French
пьедестал	French
пьеса	French
Пэн	French
пэр	French
пюпитр	French
пюре	French
рагу	French
радиальный	French
радикализм	French
радиозонд	French
раж	French
район	French
ракетка	French
ракля	French
рампа	French
рандеву	French
ранжировать	French
рантье	French
рапорт	French
раса	French
расизм	French
рататуй	French
рафинад	French
реванш	French
реваншизм	French
реверанс	French
революционер	French
ревю	French
регби	French
редактор	French
режим	French
режиссёр	French
резеда	French
резерв	French
резервуар	French
резон	French
резонанс	French
результат	French
резюме	French
реклама	French
рекордсмен	French
реле	French
рельеф	French
реляция	French
ремарка	French
ренессанс	French
реноме	French
репер	French
репертуар	French
репортаж	French
респект	French
рессора	French
ресторан	French
ресурс	French
ретироваться	French
ретро	French
ретроспектива	French
риск	French
розетка	French
розетта	French
рокфор	French
роль	French
роман	French
романс	French
романтик	French
рон-де-жамб	French
рояль	French
Руан	French
рулет	French
рулон	French
рутина	French
рюш	French
саботаж	French
савант	French
садизм	French
сак	French
саквояж	French
салат	French
салон	French
салют	French
сантименты	French
сапа	French
сапёр	French
саше	French
сеанс	French
сезон	French
секретер	French
селективный	French
Сен-Сен-Дени	French
Сена	French
сенбернар	French
сенешаль	French
сеньор	French
сервиз	French
сержант	French
серпантин	French
сигара	French
сигарета	French
сидр	French
силуэт	French
символизм	French
символист	French
Симье	French
Сингапур	French
синефил	French
синхрония	French
сироп	French
ситро	French
склероз	French
смокинг	French
снобизм	French
содомия	French
солист	French
Сомали	French
сомелье	French
сорт	French
сортир	French
сосиска	French
соус	French
софа	French
социализм	French
спектакль	French
спектр	French
стаж	French
стажёр	French
стеарин	French
стен	French
стриптизёр	French
суаре	French
суверен	French
суп	French
сутана	French
сутенёр	French
суфле	French
суфлёр	French
сюжет	French
сюита	French
сюрприз	French
сюрреализм	French
сюртук	French
табак	French
табах	French
табло	French
табурет	French
таверна	French
такси	French
талия	French
талон	French
тамарин	French
тамплиер	French
танин	French
таро	French
тарт	French
тасовать	French
театр	French
текстиль	French
телесуфлёр	French
тембр	French
терминал	French
террорист	French
тет-а-тет	French
тет-де-пон	French
тик	French
типаж	French
тир	French
тираж	French
тире	French
ток	French
толь	French
том	French
торшер	French
травести	French
травматизм	French
трамвай	French
трамплин	French
транспорт	French
трансферт	French
транш	French
траншея	French
триер	French
трико	French
триколор	French
трикотаж	French
триктрак	French
триолизм	French
тритон	French
тротуар	French
трубадур	French
Трюдо	French
трюк	French
трюмо	French
туалет	French
туер	French
тужурка	French
тукан	French
тур	French
тура	French
турбина	French
турбонаддув	French
туризм	French
турне	French
турникет	French
туфта	French
тюль	French
тюльпан	French
тюрбан	French
увертюра	French
унитарный	French
ураган	French
фантом	French
фара	French
фармазон	French
фарс	French
фарш	French
фас	French
фасад	French
фасон	French
фат	French
фаэтон	French
фаянс	French
федерал	French
феерия	French
фельетон	French
феодал	French
ферма	French
фея	French
филе	French
финьшампань	French
фирма	French
флакон	French
фланг	French
фланёр	French
флибустьер	French
флёр-де-лис	French
фо па	French
фойе	French
фон	French
фонд	French
фондю	French
форма	French
форс-мажор	French
форсаж	French
форт	French
фраза	French
фрак	French
франшиза	French
фрегат	French
фритюр	French
фрондёр	French
фронтон	French
фуа-гра	French
фугас	French
фужер	French
фуникулёр	French
фураж	French
фургон	French
фурнитура	French
фурор	French
фуршет	French
фюзеляж	French
хореография	French
хронометраж	French
целлюлоза	French
цинизм	French
Шайо	French
шалот	French
шампунь	French
шанс	French
шансон	French
шансонье	French
шантаж	French
шантрапа	French
шарабан	French
шарада	French
шарж	French
шарлатан	French
шарлотка	French
Шарлотта	French
Шарль	French
шарм	French
шасси	French
шатен	French
шато	French
шевелюра	French
шеврон	French
шедевр	French
шезлонг	French
шеф	French
шик	French
шинель	French
Ширак	French
шифоньер	French
шифр	French
шовинизм	French
шоссе	French
шофер	French
шофёр	French
эгоист	French
эгоцентризм	French
эгрегор	French
экзистенциализм	French
экипаж	French
экономия	French
экран	French
эксклюзив	French
экспансивный	French
экстраполировать	French
эксцентрик	French
электрификация	French
электрофон	French
эликсир	French
элитизм	French
эмаль	French
эмир	French
эмоция	French
эпизод	French
эпика	French
эпилог	French
эполет	French
эполета	French
эпопея	French
Эрмитаж	French
эскадра	French
эскадрон	French
эскарго	French
эскиз	French
эскимос	French
эскорт	French
Эсон	French
эссе	French
эстакада	French
эстафета	French
эстрагон	French
эстрада	French
этаж	French
этажерка	French
эталон	French
этап	French
этикет	French
этикетка	French
этюд	French
эшафот	French
эшелон	French
абхаз	Georgian
аджапсандали	Georgian
Басилашвили	Georgian
батоно	Georgian
боржоми	Georgian
Боржоми	Georgian
вай	Georgian
Гамсахурдия	Georgian
Гарибашвили	Georgian
Джугашвили	Georgian
дзельква	Georgian
Зурабишвили	Georgian
Иванишвили	Georgian
Ингушетия	Georgian
Кикабидзе	Georgian
кинза	Georgian
козинаки	Georgian
Котрикадзе	Georgian
лари	Georgian
мацони	Georgian
Меладзе	Georgian
нарды	Georgian
пахлава	Georgian
Саакашвили	Georgian
Сакартвело	Georgian
сакля	Georgian
сацебели	Georgian
сациви	Georgian
Сванидзе	Georgian
сулугуни	Georgian
Сухуми	Georgian
тамада	Georgian
тархун	Georgian
Тбилиси	Georgian
Тержола	Georgian
унаби	Georgian
харчо	Georgian
хачапури	Georgian
хмели-сунели	Georgian
Цхинвали	Georgian
чахохбили	Georgian
чача	Georgian
чихиртма	Georgian
Шеварднадзе	Georgian
абвер	German
аберрация	German
абзац	German
абзетцер	German
абитуриент	German
аблаут	German
абонент	German
аборт	German
абрис	German
авто	German
автобан	German
автопарк	German
авторитет	German
адвокат	German
адресат	German
айсберг	German
акация	German
аквамарин	German
аккуратный	German
акцессия	German
акция	German
Альбац	German
англицизм	German
анкер	German
анонсировать	German
аншлаг	German
аншлюс	German
аплодировать	German
артефакт	German
артикул	German
артиллерист	German
арфа	German
архив	German
асиндетон	German
атака	German
аусвайс	German
аутизм	German
ауфидерзейн	German
Аушвиц	German
базировать	German
бак	German
бакенбарда	German
бакенбарды	German
бальзам	German
бан	German
банк	German
банка	German
банкир	German
банкнота	German
банкрот	German
бант	German
барон	German
бастард	German
Бах	German
бедекер	German
беллетрист	German
бенефициар	German
бензин	German
Берлин	German
Берн	German
бетонировать	German
Бетховен	German
бинт	German
биржа	German
блиц	German
блицкриг	German
блок	German
блокада	German
бор	German
бордель	German
бормашина	German
борт	German
боцман	German
брандер	German
брандмауэр	German
Браун	German
бригада	German
бригадир	German
брокат	German
брудершафт	German
бруствер	German
бугель	German
буксир	German
бунт	German
бутерброд	German
буфет	German
бухгалтер	German
бухта	German
бюрократия	German
бюстгальтер	German
вакантный	German
вакса	German
вальдшнеп	German
вампир	German
ванна	German
вата	German
ватт	German
вафля	German
вахмистр	German
вахта	German
вахтёр	German
вексель	German
вергельд	German
Вермахт	German
вермут	German
верстак	German
видеотекст	German
визир	German
винкель	German
вирус	German
вольфрам	German
волюнтаризм	German
вундервафля	German
вундеркинд	German
вымпел	German
галстук	German
Гамбург	German
гантель	German
гарпун	German
гастарбайтер	German
гастроль	German
гауляйтер	German
гауптвахта	German
гаштет	German
Гейдельберг	German
гелендваген	German
гелиотроп	German
гель	German
генерал	German
генерал-лейтенант	German
генералитет	German
гений	German
Генрих	German
георгин	German
герр	German
Герцен	German
герцог	German
герцогиня	German
гестапо	German
гильдия	German
гильза	German
гипертония	German
Гитлер	German
глазурь	German
глицерин	German
глянец	German
горн	German
грабарь	German
грабен	German
гравировать	German
градирня	German
гранат	German
граф	German
гримаса	German
гриф	German
грифель	German
гроссбух	German
грубиян	German
грунт	German
группа	German
гунн	German
гурт	German
девальвация	German
дегенерировать	German
дегустировать	German
дезавуировать	German
декан	German
деканат	German
декель	German
дексель	German
дельфин	German
демократия	German
депеша	German
дефис	German
диалектика	German
дизель	German
дизентерия	German
дилетант	German
директор	German
дисгармония	German
дисквалификация	German
диссертация	German
дисфункция	German
дисциплинировать	German
дифференциал	German
доктор	German
доцент	German
драма	German
дроссель	German
дуршлаг	German
дюбель	German
дюна	German
егерь	German
енот	German
ефрейтор	German
зал	German
залп	German
зарин	German
зенкер	German
зонд	German
зуммер	German
игнорировать	German
изолировать	German
имитировать	German
инбус	German
инвентарь	German
инвестиция	German
инженер	German
интерес	German
ипсилон	German
ихтиология	German
кабель	German
кабинет	German
кавалерист	German
Кавказ	German
кайзер	German
камвольный	German
камергер	German
камердинер	German
камертон	German
камин	German
камрад	German
канифоль	German
кант	German
канцлер	German
капа	German
капель	German
капельдинер	German
капитализм	German
капитулировать	German
капо	German
каппа	German
капут	German
карабин	German
карниз	German
картечь	German
картофель	German
каста	German
кастрюля	German
катедер-социализм	German
кафель	German
каюта	German
квадр	German
квартал	German
кварц	German
кварцит	German
кегельбан	German
кекс	German
кельнер	German
керн	German
кернер	German
кино	German
кирка	German
кирха	German
кирхшпиль	German
китель	German
кича	German
клавиатура	German
клавир	German
клапан	German
клейстер	German
клиент	German
клизма	German
клинкер	German
клуб	German
клякса	German
кнехт	German
книксен	German
кнопка	German
кокос	German
кокс	German
колба	German
колер	German
коллапс	German
комендант	German
комендатура	German
коммунизм	German
компас	German
компилировать	German
компот	German
конверб	German
кондитер	German
конкурент	German
конкуренция	German
констатировать	German
конструктор	German
контакт	German
контактировать	German
контора	German
контракт	German
контрапункт	German
контузия	German
конференц-зал	German
конфета	German
концерн	German
концессия	German
коридор	German
корректор	German
коррумпировать	German
крабб	German
крапп	German
крах	German
кредит	German
крематорий	German
крендель	German
кристалл	German
кронпринц	German
кронштейн	German
куб	German
кунштюк	German
купол	German
курорт	German
курьёз	German
кучер	German
Кёльн	German
Кёнигсберг	German
лавина	German
лагерь	German
лак	German
лакрица	German
ландграф	German
ландскнехт	German
ландшафт	German
латинист	German
лацкан	German
левиафан	German
легионер	German
лейб-кучер	German
лейкемия	German
лейкоз	German
лейкопластырь	German
лейтенант	German
лейтмотив	German
лен	German
Ленне	German
лента	German
лиловый	German
линза	German
лицей	German
лобзик	German
лозунг	German
локон	German
лот	German
Лотарингия	German
лунатик	German
люмпен	German
люмпен-пролетариат	German
лютеранин	German
лёсс	German
мавзолей	German
мавр	German
магазин	German
магнитофон	German
майорат	German
маклак	German
маклер	German
макулатура	German
манер	German
марганец	German
марка	German
маркграф	German
марципан	German
маршал	German
маршрут	German
маска	German
масштаб	German
материалист	German
матрац	German
матрица	German
машина	German
менталитет	German
метеорология	German
милиционер	German
миллионер	German
мина	German
минерал	German
мириада	German
мистерия	German
мистика	German
мольберт	German
монарх	German
мопс	German
мотив	German
музицировать	German
музыкант	German
мундштук	German
муфель	German
мушкетёр	German
Мюллер	German
мюсли	German
нагель	German
надфиль	German
наци	German
нацизм	German
национал-предатель	German
национал-социализм	German
национал-социалист	German
нейтралитет	German
нерв	German
нивелировать	German
ноль	German
номер	German
норматив	German
обертон	German
овал	German
Оппенгеймер	German
орден	German
оркестр	German
офицер	German
официоз	German
павиан	German
павлин	German
пакгауз	German
пакет	German
паккамера	German
панировать	German
паприка	German
парафин	German
парикмахер	German
парировать	German
паритет	German
парк	German
пасквиль	German
пассажир	German
патогенез	German
патрон	German
патронташ	German
пачка	German
пенал	German
пендель	German
пендельтюр	German
пептид	German
перл	German
перламутр	German
перрон	German
пестицид	German
Петришуле	German
пиетет	German
пикельхаубе	German
пикельхельм	German
пикет	German
пират	German
писать	German
плагиат	German
плагиатор	German
плангерд	German
пластик	German
плацкарта	German
пломба	German
поза	German
полиграфия	German
политология	German
полицай	German
полтергейст	German
порей	German
портвейн	German
портрет	German
потенциал	German
почтамт	German
почтмейстер	German
прейскурант	German
препарат	German
принц	German
приоритет	German
проба	German
провиант	German
провизия	German
провоцировать	German
проект	German
проектор	German
проецировать	German
проспект	German
протест	German
профессия	German
профи	German
процент	German
психофизика	German
пудель	German
пульт	German
пунш	German
пупс	German
пурпур	German
путинферштеер	German
путч	German
радиальный	German
радиатор	German
радио	German
ракель	German
ракета	German
рама	German
ранец	German
рапс	German
раритет	German
раса	German
рашпиль	German
ревматизм	German
регент	German
регистратура	German
редуцировать	German
Рейн	German
рейсфедер	German
рейсшина	German
рейтузы	German
рейх	German
рейхстаг	German
рекогносцировка	German
рекрут	German
рентген	German
репетиция	German
рескрипт	German
реферат	German
рефлекс	German
рефлектировать	German
рецепт	German
рецепция	German
ригель	German
розмарин	German
рол	German
роль	German
ротвейлер	German
ротмистр	German
руна	German
рюкзак	German
рёшти	German
саботировать	German
салфетка	German
салют	German
Санкт-Петербург	German
Сансуси	German
селективный	German
селенология	German
серология	German
симпатия	German
симулировать	German
синекура	German
синтетика	German
скальд	German
скандал	German
скандировать	German
слесарь	German
солипсизм	German
спелеология	German
спермацет	German
СС	German
стаксель	German
сталь	German
стамеска	German
статистика	German
стаффаж	German
стеллаж	German
стерлядь	German
страус	German
струбцина	German
суверенитет	German
сфрагистика	German
сцена	German
сценарий	German
сценарист	German
сценография	German
такса	German
тара	German
татуировать	German
текстиль	German
тема	German
тенакль	German
тенденциозный	German
термин	German
техника	German
техникум	German
тигель	German
тиран	German
тонна	German
торф	German
трактат	German
транжирить	German
транспорт	German
трансцендентальный	German
трасса	German
траур	German
тремпель	German
трензель	German
треугольник Ленне	German
трефа	German
тринитротолуол	German
тротил	German
трюфель	German
тумба	German
туш	German
тушь	German
умлаут	German
умляут	German
университет	German
унтер-офицер	German
фаза	German
фазан	German
факел	German
факультет	German
фальцет	German
фальшивый	German
фальшь	German
фамилия	German
фанера	German
фантаст	German
фас	German
фау	German
фашина	German
фейерверк	German
фельдмаршал	German
фельдфебель	German
фельдшер	German
фен	German
фенхель	German
фермер	German
фехтовать	German
фея	German
фиксировать	German
филогенез	German
филогенетика	German
финансировать	German
фиолетовый	German
фланг	German
фланец	German
флейта	German
флигель	German
фольксваген	German
фон	German
фонология	German
формуляр	German
форпост	German
форточка	German
фотоаппарат	German
фраер	German
фраза	German
фрайкор	German
фрак	German
фрау	German
фрахт	German
фрезер	German
Фридман	German
фрикаделька	German
фриц	German
фройляйн	German
фронт	German
фуга	German
фунт	German
фура	German
футляр	German
фухтель	German
фюрер	German
хормейстер	German
хроника	German
цапфа	German
цедешка	German
Цейлон	German
цейтнот	German
цейхгауз	German
целлюлоза	German
цемент	German
цензурировать	German
центнер	German
цеппелин	German
Цеткин	German
цикля	German
цилиндр	German
циник	German
цирк	German
цирконий	German
циркуль	German
циркуляр	German
цирроз	German
цитата	German
цитология	German
циферблат	German
цугцванг	German
Цюрих	German
шабер	German
шаблон	German
шайба	German
шакал	German
шалот	German
шарнир	German
шафер	German
шах	German
шваб	German
швабра	German
швед	German
швейцар	German
швеллер	German
шибер	German
шизофрения	German
шина	German
шиндель	German
шинка	German
ширма	German
шифер	German
шихта	German
шкала	German
шлагбаум	German
шлак	German
шлам	German
шланг	German
шлейф	German
шлиф	German
шлих	German
шлиц	German
шлягер	German
шнапс	German
шнауцер	German
шнелка	German
шнеллер	German
шнелька	German
шницель	German
шнур	German
шоколад	German
Шотландия	German
шпат	German
шпатель	German
шпиль	German
шпинат	German
шпингалет	German
шпиндель	German
шпион	German
шпионаж	German
шпиц	German
шприц	German
шрифт	German
Шрёдер	German
штаб	German
штабель	German
штабс-капитан	German
штакет	German
штамм	German
штамп	German
штанга	German
штангенциркуль	German
штандарт	German
штат	German
штатив	German
штекер	German
штемпель	German
штепсель	German
штиблета	German
штиль	German
штифт	German
штихель	German
шток	German
штокфиш	German
штора	German
штоф	German
штраф	German
штрафовать	German
штрейкбрехер	German
штрек	German
штрих	German
штрудель	German
штурм	German
штурмовать	German
штуф	German
штуцер	German
эдельвейс	German
Эйзенхауэр	German
экватор	German
эквивалент	German
экземпляр	German
эклектика	German
экспедиция	German
экспериментировать	German
экспонент	German
электрофорез	German
элитаризм	German
эмменталь	German
эндшпиль	German
энергетика	German
энергия	German
эрцгерцог	German
эсцет	German
юбилей	German
ювелир	German
юморист	German
юмористический	German
юнга	German
юнкер	German
Юра	German
юриспруденция	German
юрист	German
ярманка	German
яхта	German
аббат	Italian
аббревиатура	Italian
авария	Italian
автострада	Italian
адажио	Italian
амаретто	Italian
Ареццо	Italian
арпеджио	Italian
артель	Italian
артишок	Italian
архипелаг	Italian
бариста	Italian
барокко	Italian
баста	Italian
баталия	Italian
баул	Italian
башня	Italian
белладонна	Italian
Берлускони	Italian
биеннале	Italian
борсетка	Italian
браво	Italian
брускетта	Italian
брутто	Italian
бьеннале	Italian
валюта	Italian
Вена	Italian
вермишель	Italian
вира	Italian
вулкан	Italian
гвардия	Italian
гетто	Italian
гондола	Italian
граната	Italian
граффити	Italian
группетто	Italian
Джульетта	Italian
дива	Italian
дон	Italian
донна	Italian
дуче	Italian
жига	Italian
импресарио	Italian
инкассатор	Italian
инкогнито	Italian
ирредентизм	Italian
кавалер	Italian
кавалькада	Italian
казанова	Italian
казино	Italian
камфора	Italian
каналья	Italian
кане-корсо	Italian
капелла	Italian
картина	Italian
карьера	Italian
касса	Italian
консерватория	Italian
контрабанда	Italian
конфета	Italian
конфетти	Italian
концерт	Italian
корсар	Italian
крещендо	Italian
кьянти	Italian
лазанья	Italian
латте	Italian
либретто	Italian
Ливорно	Italian
лира	Italian
лоджия	Italian
Луиджи	Italian
мадонна	Italian
макароны	Italian
Марио	Italian
маскарпоне	Italian
мафиози	Italian
мафия	Italian
маэстро	Italian
ми	Italian
миниатюра	Italian
модерато	Italian
модуль	Italian
мозаика	Italian
моцарелла	Italian
нетто	Italian
Ницца	Italian
новелла	Italian
опера	Italian
оперетта	Italian
Остия	Italian
папарацци	Italian
партита	Italian
пастила	Italian
Петрарка	Italian
пицца	Italian
пиццерия	Italian
пластилин	Italian
помидор	Italian
престо	Italian
прима	Italian
примадонна	Italian
просекко	Italian
путана	Italian
раса	Italian
речитатив	Italian
ризотто	Italian
рикотта	Italian
Ромео	Italian
сальдо	Italian
сальто	Italian
сальто-мортале	Italian
салями	Italian
синьор	Italian
синьора	Italian
сирокко	Italian
смальта	Italian
солдат	Italian
соло	Italian
сольфеджио	Italian
соната	Italian
сонет	Italian
сопрано	Italian
сорго	Italian
софа	Italian
софит	Italian
спагетти	Italian
спаржа	Italian
стек	Italian
стека	Italian
студия	Italian
тариф	Italian
тирамису	Italian
Тольятти	Italian
торт	Italian
трафарет	Italian
трио	Italian
тромбон	Italian
фагот	Italian
фашизм	Italian
фашист	Italian
фиаско	Italian
фора	Italian
форте	Italian
фортепиано	Italian
фортепьяно	Italian
фуга	Italian
фурор	Italian
цоколь	Italian
цуккини	Italian
чао	Italian
шоколад	Italian
Элеонора	Italian
эспрессо	Italian
Абасири	Japanese
Адати	Japanese
айкидо	Japanese
Айти	Japanese
Акабира	Japanese
Акита	Japanese
аниме	Japanese
Аомори	Japanese
Аракава	Japanese
Асахикава	Japanese
Асибецу	Japanese
Атари	Japanese
атэдзи	Japanese
бива	Japanese
бонза	Japanese
бонсай	Japanese
буккакэ	Japanese
Бункё	Japanese
бусидо	Japanese
бэнто	Japanese
Вакаяма	Japanese
Вакканай	Japanese
васаби	Japanese
гейша	Japanese
Гифу	Japanese
го	Japanese
Гумма	Japanese
гэта	Japanese
даймё	Japanese
Дате	Japanese
джиу-джитсу	Japanese
дзайбацу	Japanese
дзюдо	Japanese
донбури	Japanese
дорама	Japanese
Ибараки	Japanese
Ибури	Japanese
Ивамидзава	Japanese
иваси	Japanese
Ивате	Japanese
иена	Japanese
икебана	Japanese
икэбана	Japanese
Инадзава	Japanese
Иокогама	Japanese
Исикава	Japanese
Исикари	Japanese
Итабаси	Japanese
кабуки	Japanese
Кавасаки	Japanese
Кагосима	Japanese
камикадзе	Japanese
кана	Japanese
Канагава	Japanese
кандзи	Japanese
Канто	Japanese
каппа	Japanese
караоке	Japanese
карате	Japanese
каратэ	Japanese
кароси	Japanese
Касива	Japanese
катакана	Japanese
катана	Japanese
Катори	Japanese
Кацусика	Japanese
кимоно	Japanese
Киото	Japanese
Кита	Japanese
Китами	Japanese
Кобе	Japanese
короккэ	Japanese
котацу	Japanese
Коти	Japanese
Кото	Japanese
Кумамото	Japanese
Кусиро	Japanese
кэндо	Japanese
Майдзуру	Japanese
майко	Japanese
макидзуси	Japanese
Макурадзаки	Japanese
манга	Japanese
мангака	Japanese
меха	Japanese
микадо	Japanese
Минато	Japanese
мисо	Japanese
Митака	Japanese
Миэ	Japanese
Мияги	Japanese
Миядзаки	Japanese
Мияке	Japanese
Момбецу	Japanese
момме	Japanese
Мусасино	Japanese
Муцу	Japanese
Мэгуро	Japanese
Нагано	Japanese
Нагасаки	Japanese
Нагоя	Japanese
Накано	Japanese
Нара	Japanese
Нарита	Japanese
Наруто	Japanese
Наха	Japanese
Наёро	Japanese
Немуро	Japanese
нигиридзуси	Japanese
Ниигата	Japanese
Никко	Japanese
ниндзя	Japanese
но	Japanese
нори	Japanese
нунтяку	Japanese
Нэрима	Japanese
нэцкэ	Japanese
о-миаи	Japanese
оби	Japanese
Обихиро	Japanese
Огасавара	Japanese
Оита	Japanese
Окадзаки	Japanese
Окаяма	Japanese
Окинава	Japanese
окономияки	Japanese
онсэн	Japanese
оригами	Japanese
Осака	Japanese
Осима	Japanese
Ота	Japanese
отаку	Japanese
Отару	Japanese
Охоцуку	Japanese
патинко	Japanese
рамэн	Japanese
ромадзи	Japanese
ронин	Japanese
Румои	Japanese
Рёцу	Japanese
Сага	Japanese
сайра	Japanese
Сайтама	Japanese
саке	Japanese
сакэ	Japanese
самурай	Japanese
Саппоро	Japanese
Сасебо	Japanese
сасими	Japanese
сашими	Japanese
Сендай	Japanese
сенсей	Japanese
Сето	Japanese
Сибуя	Japanese
Сига	Japanese
Сидзуока	Japanese
Сикоку	Japanese
Симане	Japanese
Синагава	Japanese
Синдзюку	Japanese
синкансэн	Japanese
Сирибеси	Japanese
Сорати	Japanese
Соя	Japanese
Сугинами	Japanese
судоку	Japanese
сукияки	Japanese
Сумида	Japanese
сумо	Japanese
суси	Japanese
сэппуку	Japanese
Сэтагая	Japanese
сюрикен	Japanese
сямисэн	Japanese
сёги	Japanese
сёгун	Japanese
Тайто	Japanese
татами	Japanese
темпура	Japanese
терияки	Japanese
Тиба	Japanese
Тиёда	Japanese
Тогане	Japanese
Токати	Japanese
Токио	Japanese
Токусима	Japanese
Томигусуку	Japanese
тонкацу	Japanese
тории	Japanese
Тосима	Japanese
Тотиги	Japanese
Тоттори	Japanese
тофу	Japanese
Тояма	Japanese
тэмакидзуси	Japanese
тэмпура	Japanese
тэнгу	Japanese
тэрияки	Japanese
Тюбу	Japanese
Тюо	Japanese
тян	Japanese
удон	Japanese
фугу	Japanese
Фукуи	Japanese
Фукуока	Japanese
футомаки	Japanese
футон	Japanese
Футю	Japanese
Хабомаи	Japanese
хайку	Japanese
Хакодате	Japanese
харакири	Japanese
Хатидзё	Japanese
хибакуся	Japanese
хикикомори	Japanese
хикки	Japanese
Хино	Japanese
Хиого	Japanese
хирагана	Japanese
Хирадо	Japanese
Хиросаки	Japanese
Хиросима	Japanese
Хияма	Japanese
Хоккайдо	Japanese
Хокуто	Japanese
Хонсю	Japanese
хосомаки	Japanese
цунами	Japanese
шиацу	Japanese
Шикотан	Japanese
Эбецу	Japanese
Эдо	Japanese
Эдогава	Japanese
эмодзи	Japanese
Эхиме	Japanese
юката	Japanese
юри	Japanese
якудза	Japanese
Ямагата	Japanese
Ямагути	Japanese
Яманаси	Japanese
Ямато	Japanese
яой	Japanese
ёкодзуна	Japanese
Ёсида	Japanese
аббатиса	Latin
абдомен	Latin
абдукция	Latin
аблатив	Latin
аблятив	Latin
абориген	Latin
абракадабра	Latin
аброгация	Latin
абсолют	Latin
абсорбировать	Latin
абсорбция	Latin
абстракт	Latin
абстрактный	Latin
авгур	Latin
автономия	Latin
агитация	Latin
аграрный	Latin
адепт	Latin
администрация	Latin
адъективный	Latin
акация	Latin
алиби	Latin
алтарь	Latin
альба	Latin
альма-матер	Latin
альтер эго	Latin
Англия	Latin
анис	Latin
Антон	Latin
анус	Latin
Анхиз	Latin
апелляция	Latin
апертура	Latin
аппетит	Latin
апробация	Latin
арена	Latin
арендатор	Latin
аристократия	Latin
ас	Latin
аспект	Latin
астериск	Latin
атрофия	Latin
аттестат	Latin
аудиенция	Latin
аудитория	Latin
аура	Latin
Ахерон	Latin
Ацест	Latin
бацилла	Latin
бестия	Latin
библия	Latin
Библия	Latin
битум	Latin
бонус	Latin
вагина	Latin
вакуум	Latin
Вакх	Latin
Валентин	Latin
Валерий	Latin
Валерия	Latin
Везувий	Latin
Венедикт	Latin
вето	Latin
Виктория	Latin
вотум	Latin
вульгарный	Latin
габитус	Latin
Гадес	Latin
гемината	Latin
гемма	Latin
генезис	Latin
генералиссимус	Latin
гений	Latin
герань	Latin
гербарий	Latin
Геркулес	Latin
Германия	Latin
герпес	Latin
гидравлика	Latin
гидраргирум	Latin
гипербола	Latin
глобус	Latin
гонор	Latin
градация	Latin
градус	Latin
гран	Latin
графика	Latin
губернатор	Latin
Далмация	Latin
де-факто	Latin
де-юре	Latin
дебитор	Latin
дегенерат	Latin
дегенерация	Latin
декорум	Latin
декрет	Latin
делегат	Latin
деформация	Latin
деци-	Latin
дикция	Latin
динозавр	Latin
дискурс	Latin
дискуссия	Latin
дискутировать	Latin
дисперсия	Latin
диспозиция	Latin
диссекция	Latin
дистрибуция	Latin
доктрина	Latin
доска	Latin
Зенон	Latin
зона	Latin
идиллия	Latin
идиот	Latin
иды	Latin
имаго	Latin
иммунитет	Latin
иммунный	Latin
император	Latin
императрица	Latin
империя	Latin
импетиго	Latin
импотенция	Latin
инверсия	Latin
индивидуум	Latin
индифферентный	Latin
индульгенция	Latin
индустрия	Latin
индюк	Latin
интертриго	Latin
информация	Latin
инцест	Latin
инъекция	Latin
ирония	Latin
кадуцей	Latin
казус	Latin
казус белли	Latin
камера	Latin
кампус	Latin
канал	Latin
канонизация	Latin
капсула	Latin
карцер	Latin
катакомба	Latin
катапульта	Latin
Квинт	Latin
квота	Latin
кедр	Latin
келья	Latin
коитус	Latin
коллега	Latin
коллоквиум	Latin
коммуникация	Latin
комплекция	Latin
композитор	Latin
композиция	Latin
конденсация	Latin
консилиум	Latin
консорциум	Latin
конспирация	Latin
Константин	Latin
конфедерат	Latin
конфедерация	Latin
Конфуций	Latin
концепция	Latin
конъюнкция	Latin
кооптация	Latin
копула	Latin
Корнилов	Latin
корпус	Latin
коррумпированный	Latin
коррупция	Latin
котангенс	Latin
Красс	Latin
кризис	Latin
крокус	Latin
куб	Latin
куколь	Latin
культура	Latin
курьёз	Latin
ларва	Latin
лектор	Latin
либидо	Latin
либрация	Latin
литера	Latin
литература	Latin
Луперк	Latin
Луперка	Latin
люкс	Latin
ляпсус	Latin
лярва	Latin
майор	Latin
Максим	Latin
мальва	Latin
Маргарита	Latin
Марк	Latin
масса	Latin
мастурбация	Latin
мастурбировать	Latin
материал	Latin
материя	Latin
матрона	Latin
медиана	Latin
медик	Latin
мензура	Latin
Мессия	Latin
мета	Latin
металл	Latin
микстура	Latin
минута	Latin
монополия	Latin
мораторий	Latin
Московия	Latin
мотор	Latin
мускул	Latin
мускулатура	Latin
мутация	Latin
натура	Latin
нация	Latin
новатор	Latin
норма	Latin
ноты	Latin
нунций	Latin
обструкция	Latin
оказия	Latin
оккультный	Latin
оккупация	Latin
опиум	Latin
оракул	Latin
оркестр	Latin
осанна	Latin
Остия	Latin
пакт	Latin
пальма	Latin
папа	Latin
патриот	Latin
пауза	Latin
пенаты	Latin
пенис	Latin
персоналия	Latin
пигмей	Latin
Пиренеи	Latin
план	Latin
плантация	Latin
плебей	Latin
плебисцит	Latin
плинтус	Latin
плюс	Latin
подиум	Latin
Полифем	Latin
понтифик	Latin
портик	Latin
потенция	Latin
практикум	Latin
президиум	Latin
препуций	Latin
прерогатива	Latin
прецедент	Latin
привилегия	Latin
принцип	Latin
проблема	Latin
провокатор	Latin
прогресс	Latin
прокламация	Latin
прокуратор	Latin
пролетарий	Latin
прострация	Latin
профан	Latin
радиация	Latin
радиус	Latin
рационал	Latin
регалия	Latin
регенерация	Latin
редуцировать	Latin
резина	Latin
релаксация	Latin
реликт	Latin
репликация	Latin
репозиторий	Latin
республика	Latin
реституция	Latin
ретроград	Latin
рецензия	Latin
ритм	Latin
ротация	Latin
руина	Latin
Савелий	Latin
саламандра	Latin
сатрап	Latin
секрет	Latin
Секст	Latin
секстант	Latin
сектор	Latin
секунда	Latin
семинарий	Latin
семинария	Latin
сенат	Latin
сенатор	Latin
сентенция	Latin
серия	Latin
симулянт	Latin
симуляция	Latin
симфония	Latin
Сириус	Latin
Скандинавия	Latin
скарабей	Latin
соль	Latin
солярий	Latin
сомнамбулизм	Latin
социум	Latin
спаржа	Latin
Спартак	Latin
статус	Latin
статус-кво	Latin
статут	Latin
стибиум	Latin
стимул	Latin
стимулятор	Latin
стипендия	Latin
строфа	Latin
ступор	Latin
субстантивный	Latin
субъект	Latin
сумма	Latin
сцена	Latin
табель	Latin
тангенс	Latin
Татьяна	Latin
терменвокс	Latin
Тит	Latin
тонус	Latin
традиция	Latin
трактир	Latin
трансляция	Latin
трибуна	Latin
туба	Latin
туника	Latin
Тускул	Latin
Улисс	Latin
универсал	Latin
университет	Latin
унитаз	Latin
уния	Latin
унция	Latin
урна	Latin
фабрика	Latin
фабула	Latin
фавус	Latin
Фазания	Latin
фазис	Latin
фактор	Latin
фат	Latin
фиг	Latin
фламин	Latin
Фламиний	Latin
формация	Latin
формула	Latin
фортуна	Latin
форум	Latin
фрагмент	Latin
фракция	Latin
фундамент	Latin
фурункул	Latin
хандра	Latin
хиатус	Latin
хризопраз	Latin
Цезарь	Latin
цезарь	Latin
ценз	Latin
цент	Latin
центр	Latin
центурион	Latin
цирк	Latin
циркуль	Latin
циркумфлекс	Latin
цифра	Latin
эго	Latin
эклиптика	Latin
экскремент	Latin
эксперимент	Latin
экспозиция	Latin
экспонат	Latin
экспрессия	Latin
экспромт	Latin
экстракт	Latin
экстраординарный	Latin
Энеида	Latin
Эней	Latin
эпика	Latin
эрекция	Latin
эрудит	Latin
этимология	Latin
эякуляция	Latin
Юнона	Latin
Япония	Latin
байцзю	Mandarin
баоцзы	Mandarin
вэньянь	Mandarin
гаолян	Mandarin
Гуандун	Mandarin
далеба	Mandarin
жэньминьби	Mandarin
инь	Mandarin
инь-ян	Mandarin
коутоу	Mandarin
кунг-фу	Mandarin
Куньмин	Mandarin
маньтоу	Mandarin
маньхуа	Mandarin
Мао	Mandarin
маотай	Mandarin
Мин	Mandarin
нюй-шу	Mandarin
пипа	Mandarin
путунхуа	Mandarin
Си	Mandarin
Сун	Mandarin
сюнну	Mandarin
Сянган	Mandarin
сянци	Mandarin
Тайвань	Mandarin
Тан	Mandarin
фэншуй	Mandarin
хань	Mandarin
ханьцзы	Mandarin
Харбин	Mandarin
Ху	Mandarin
хуацяо	Mandarin
хунвейбин	Mandarin
хунвэйбин	Mandarin
хуэй	Mandarin
цаошу	Mandarin
цзяньчжи	Mandarin
цзяоцзы	Mandarin
ци	Mandarin
Цин	Mandarin
ципао	Mandarin
Чанша	Mandarin
чжуинь	Mandarin
чжуинь фухао	Mandarin
Чунцин	Mandarin
Чэнду	Mandarin
эрху	Mandarin
юань	Mandarin
Юань	Mandarin
ян	Mandarin
Ян	Mandarin
аба	Ottoman Turkish
абдал	Ottoman Turkish
абдест	Ottoman Turkish
ага	Ottoman Turkish
айва	Ottoman Turkish
аршин	Ottoman Turkish
баклава	Ottoman Turkish
баклажан	Ottoman Turkish
бамия	Ottoman Turkish
бек	Ottoman Turkish
визирь	Ottoman Turkish
Гуджерат	Ottoman Turkish
гяур	Ottoman Turkish
дервиш	Ottoman Turkish
джезва	Ottoman Turkish
джирид	Ottoman Turkish
душман	Ottoman Turkish
закят	Ottoman Turkish
зиндан	Ottoman Turkish
зурна	Ottoman Turkish
изафет	Ottoman Turkish
ираде	Ottoman Turkish
каймак	Ottoman Turkish
калека	Ottoman Turkish
канат	Ottoman Turkish
кафтан	Ottoman Turkish
килим	Ottoman Turkish
кисмет	Ottoman Turkish
кяфир	Ottoman Turkish
марафет	Ottoman Turkish
меджлис	Ottoman Turkish
наждак	Ottoman Turkish
нефть	Ottoman Turkish
парча	Ottoman Turkish
паша	Ottoman Turkish
пашалык	Ottoman Turkish
Пенджаб	Ottoman Turkish
пиала	Ottoman Turkish
рахат-лукум	Ottoman Turkish
ревень	Ottoman Turkish
торба	Ottoman Turkish
фарфор	Ottoman Turkish
фес	Ottoman Turkish
фисташка	Ottoman Turkish
халва	Ottoman Turkish
ханжа	Ottoman Turkish
ходжа	Ottoman Turkish
хурма	Ottoman Turkish
чалить	Ottoman Turkish
шайка	Ottoman Turkish
шафран	Ottoman Turkish
шербет	Ottoman Turkish
Эривань	Ottoman Turkish
янычар	Ottoman Turkish
ясырь	Ottoman Turkish
ятаган	Ottoman Turkish
Абадан	Persian
абдест	Persian
алмаз	Persian
алыча	Persian
аятолла	Persian
бахаи	Persian
бахмат	Persian
бахча	Persian
булат	Persian
Булат	Persian
газ	Persian
гюрза	Persian
джейран	Persian
зимородок	Persian
зиндан	Persian
изумруд	Persian
Иран	Persian
Казвин	Persian
кальян	Persian
караван	Persian
караван-сарай	Persian
Кум	Persian
макар	Persian
падишах	Persian
плов	Persian
самшит	Persian
сарай	Persian
тахта	Persian
турша	Persian
фил	Persian
чайхана	Persian
чоха	Persian
шаль	Persian
шаровары	Persian
шах и мат	Persian
Шахрияр	Persian
абецадло	Polish
абонент	Polish
абсолютный	Polish
автобус	Polish
автор	Polish
авторитарный	Polish
адрес	Polish
аккредитовать	Polish
аккуратный	Polish
альтернатива	Polish
англицизм	Polish
апартамент	Polish
апелляция	Polish
арендовать	Polish
архитектура	Polish
ассигнация	Polish
аттестовать	Polish
барвинок	Polish
башня	Polish
бензель	Polish
бзик	Polish
бляха	Polish
брак	Polish
бутылка	Polish
буханка	Polish
быдло	Polish
вага	Polish
важный	Polish
Валенса	Polish
валторна	Polish
Варта	Polish
вахмистр	Polish
Венгрия	Polish
вензель	Polish
вербовать	Polish
вероломный	Polish
винт	Polish
Вишневский	Polish
Володыёвский	Polish
Вроцлав	Polish
вызволить	Polish
гайдук	Polish
гармония	Polish
гаубица	Polish
гвалт	Polish
гетман	Polish
гимн	Polish
гипербола	Polish
готовальня	Polish
Грабский	Polish
грош	Polish
губернатор	Polish
гурт	Polish
гурьба	Polish
Дания	Polish
делегация	Polish
Дзержинский	Polish
диссертация	Polish
дозволить	Polish
доктор	Polish
доскональный	Polish
драндулет	Polish
дрот	Polish
дупа	Polish
дышло	Polish
ежели	Polish
забияка	Polish
завзятый	Polish
замок	Polish
замша	Polish
заядлый	Polish
злотый	Polish
имбирь	Polish
индифферентный	Polish
инновация	Polish
интерес	Polish
календарь	Polish
каморка	Polish
кампания	Polish
кандидат	Polish
капа	Polish
капитан	Polish
капитуляция	Polish
каплица	Polish
карета	Polish
карта	Polish
Качиньский	Polish
кашкет	Polish
каштан	Polish
киянка	Polish
клавиша	Polish
клянчить	Polish
козлы	Polish
козырь	Polish
колер	Polish
кольчуга	Polish
компания	Polish
конкуренция	Polish
контракт	Polish
кордон	Polish
королева	Polish
костёл	Polish
краля	Polish
крахмал	Polish
кролик	Polish
крыжовник	Polish
ксёндз	Polish
куртка	Polish
кухня	Polish
Кучинский	Polish
лазурь	Polish
лан	Polish
ланцуг	Polish
лата	Polish
латы	Polish
линия	Polish
лютня	Polish
мазурка	Polish
малевать	Polish
мануфактура	Polish
математика	Polish
медицина	Polish
мент	Polish
местечко	Polish
мещанин	Polish
милиция	Polish
миндаль	Polish
минога	Polish
можно	Polish
монархия	Polish
монета	Polish
мужчина	Polish
муровать	Polish
мушкет	Polish
муштра	Polish
навигация	Polish
номинация	Polish
нумеровать	Polish
облигация	Polish
обрамить	Polish
огонэк	Polish
огульный	Polish
окоп	Polish
Освенцим	Polish
отвага	Polish
отповедь	Polish
офицер	Polish
охрана	Polish
палаш	Polish
пан	Polish
паненка	Polish
пани	Polish
панцирь	Polish
папироса	Polish
Париж	Polish
партия	Polish
парша	Polish
пастернак	Polish
паштет	Polish
петрушка	Polish
пижма	Polish
Пилсудский	Polish
плац	Polish
повидло	Polish
подданный	Polish
подданство	Polish
подлый	Polish
поединок	Polish
позволить	Polish
полиция	Polish
полковник	Polish
полька	Polish
поляк	Polish
пончик	Polish
поручик	Polish
порция	Polish
посполитый	Polish
почта	Polish
поэзия	Polish
предместье	Polish
предмет	Polish
представить	Polish
приватный	Polish
проба	Polish
провизия	Polish
разруха	Polish
рама	Polish
рацея	Polish
ревизия	Polish
революция	Polish
реестр	Polish
рейка	Polish
рекрут	Polish
ректор	Polish
религия	Polish
репетиция	Polish
рисовать	Polish
рисунок	Polish
ровесник	Polish
рубрика	Polish
рынок	Polish
рыцарь	Polish
рычаг	Polish
сбруя	Polish
секвестр	Polish
секретарь	Polish
симпатия	Polish
ситуация	Polish
скарб	Polish
скромный	Polish
смак	Polish
Собчак	Polish
спина	Polish
столяр	Polish
сума	Polish
таблица	Polish
танец	Polish
таран	Polish
термин	Polish
титул	Polish
трактир	Polish
трактовать	Polish
Троцкий	Polish
туз	Polish
тюрьма	Polish
уважать	Polish
фальшивый	Polish
фамилия	Polish
фамильярный	Polish
фант	Polish
фасовать	Polish
фасоль	Polish
фиг	Polish
фига	Polish
фигляр	Polish
фольга	Polish
франт	Polish
Франция	Polish
фрукт	Polish
характер	Polish
цель	Polish
цех	Polish
Циолковский	Polish
цирюльник	Polish
цитадель	Polish
частокол	Polish
червонный	Polish
шабаш	Polish
шахер-махер	Polish
швейцар	Polish
Швейцария	Polish
шельма	Polish
шеренга	Polish
шинок	Polish
шкатулка	Polish
школа	Polish
школяр	Polish
шкура	Polish
шлифовать	Polish
шомпол	Polish
шоры	Polish
шпага	Polish
шпагат	Polish
шпаровать	Polish
шпик	Polish
шрам	Polish
штольня	Polish
штука	Polish
штык	Polish
шулер	Polish
экзамен	Polish
Ядвига	Polish
ярмарка	Polish
авокадо	Spanish
альбаака	Spanish
асьенто	Spanish
ауйяма	Spanish
аяуаска	Spanish
баста	Spanish
бомбилья	Spanish
Гарсия	Spanish
гаучо	Spanish
Гватемала	Spanish
Гевара	Spanish
Гипускоа	Spanish
гитара	Spanish
гуано	Spanish
дон	Spanish
дорада	Spanish
дорадо	Spanish
Изабелла	Spanish
каньон	Spanish
каско	Spanish
кастаньета	Spanish
каудильо	Spanish
кесадилья	Spanish
кондор	Spanish
лакей	Spanish
Луго	Spanish
маис	Spanish
Марио	Spanish
матадор	Spanish
мате	Spanish
мачизм	Spanish
мачо	Spanish
мулат	Spanish
мундиаль	Spanish
начос	Spanish
но пасаран	Spanish
нутрия	Spanish
папайя	Spanish
песо	Spanish
ранчо	Spanish
сальса	Spanish
самбо	Spanish
сангрия	Spanish
сельва	Spanish
сеньор	Spanish
сеньорита	Spanish
силос	Spanish
соль	Spanish
сомбреро	Spanish
танго	Spanish
текила	Spanish
Техас	Spanish
тильда	Spanish
томат	Spanish
тукан	Spanish
фокизм	Spanish
хамон	Spanish
херес	Spanish
хунта	Spanish
Эльвира	Spanish
эмбарго	Spanish
эскадрилья	Spanish