ale	English
app	English
bar	English
bat	English
bay	English
bit	English
bol	English
bot	English
box	English
bro	English
bug	English
bus	English
cof	English
emo	English
fan	English
fax	English
fon	English
gag	English
gay	English
gin	English
god	English
gol	English
gym	English
hey	English
hit	English
hub	English
jet	English
kit	English
LCD	English
man	English
mat	English
mod	English
nop	English
off	English
out	English
pay	English
pie	English
pin	English
pro	English
pub	English
rai	English
rap	English
rin	English
rol	English
ron	English
SBK	English
set	English
ska	English
sol	English
spa	English
tip	English
top	English
van	English
VAR	English
vip	English
web	English
wow	English
acre	English
ASMR	English
baby	English
bate	English
BDSM	English
bife	English
blog	English
bluf	English
boba	English
bodi	English
boom	English
bubi	English
byte	English
cake	English
celo	English
chat	English
chip	English
chor	English
chut	English
cian	English
clan	English
clip	English
clon	English
club	English
cool	English
cora	English
crol	English
cuck	English
cuir	English
deal	English
dogo	English
dona	English
dril	English
dron	English
feed	English
film	English
flow	English
folk	English
fuel	English
funk	English
gang	English
geco	English
geek	English
golf	English
gore	English
guao	English
guau	English
hall	English
hard	English
host	English
iglú	English
ISIS	English
jazz	English
jeep	English
jelo	English
kart	English
KF94	English
kiwi	English
kril	English
lady	English
LGBT	English
like	English
link	English
look	English
lord	English
luge	English
mall	English
meme	English
miss	English
mopa	English
navy	English
nerd	English
nude	English
okay	English
open	English
Owen	English
pack	English
pene	English
ping	English
play	English
pole	English
polo	English
poni	English
pony	English
post	English
punk	English
quiz	English
raid	English
rali	English
rave	English
raíl	English
riff	English
ring	English
rock	English
rofe	English
sexi	English
ship	English
show	English
soul	English
spam	English
spin	English
spot	English
step	English
stop	English
surf	English
tabú	English
teme	English
TERF	English
test	English
tofe	English
tory	English
trap	English
trip	English
trol	English
troy	English
tuya	English
vera	English
vial	English
watt	English
wiki	English
wrap	English
yate	English
yela	English
yeyé	English
Yuma	English
yuma	English
zine	English
zulú	English
after	English
amish	English
anión	English
audio	English
bacon	English
bacón	English
bafle	English
bagel	English
bando	English
basar	English
Betsy	English
biker	English
bingo	English
bisté	English
blues	English
blunt	English
bonus	English
break	English
budín	English
bully	English
báner	English
bíper	English
bóxer	English
cabús	English
cache	English
caché	English
cameo	English
caqui	English
chamo	English
chart	English
chilo	English
chita	English
chite	English
choni	English
chute	English
chuto	English
clown	English
coach	English
coala	English
cocoa	English
codón	English
coque	English
corgi	English
cover	English
crack	English
crash	English
crush	English
cuara	English
cuina	English
curio	English
curri	English
curry	English
cámel	English
cómic	English
cúbit	English
cúter	English
daime	English
Daisy	English
dandy	English
derbi	English
dildo	English
diodo	English
dixie	English
dopar	English
doula	English
drone	English
dólar	English
dónut	English
ebook	English
eclís	English
Edith	English
Edwin	English
elepé	English
Elmer	English
Elvis	English
email	English
esmog	English
esnob	English
espín	English
estín	English
Excel	English
exgay	English
ferri	English
ferry	English
filme	English
flash	English
foyer	English
freón	English
friki	English
frizz	English
furni	English
furro	English
galón	English
gamer	English
ganga	English
gluon	English
gravy	English
green	English
greve	English
grill	English
guaya	English
gúgol	English
güija	English
haiku	English
hater	English
Hawái	English
Hazel	English
heavy	English
Henry	English
hertz	English
hippy	English
hobby	English
house	English
hurra	English
husky	English
jaina	English
jazzy	English
jeans	English
joule	English
julio	English
Kevin	English
koala	English
Larry	English
light	English
lobby	English
lunch	English
láser	English
líder	English
malta	English
mango	English
match	English
misis	English
mitin	English
mofle	English
mouse	English
módem	English
nansú	English
Naomi	English
nerdo	English
nicle	English
nilón	English
normi	English
Obama	English
panel	English
panti	English
pants	English
panty	English
paper	English
parna	English
party	English
picop	English
pinta	English
playo	English
polar	English
pudin	English
pudín	English
punki	English
puzle	English
pádel	English
píxel	English
póker	English
pósit	English
quark	English
queer	English
radar	English
raite	English
rally	English
rasta	English
relax	English
remix	English
rifle	English
right	English
robot	English
round	English
rugby	English
rúter	English
score	English
scout	English
sedán	English
selfi	English
share	English
shock	English
short	English
shute	English
sioux	English
skate	English
snack	English
sonar	English
sorry	English
split	English
spray	English
staff	English
stand	English
stent	English
stock	English
suera	English
swing	English
taima	English
tamil	English
tansi	English
tansé	English
tenis	English
thane	English
track	English
tripi	English
troca	English
trole	English
trust	English
tweed	English
twist	English
táper	English
tíner	English
tóner	English
tótem	English
túnel	English
video	English
váter	English
vídeo	English
wafle	English
waifu	English
Wendy	English
yampú	English
yarda	English
yuppy	English
zombi	English
zíper	English
átame	English
ébola	English
íncel	English
ófset	English
Óscar	English
abzima	English
actina	English
adware	English
affair	English
airbag	English
Alaska	English
bacher	English
baipás	English
banear	English
banner	English
barman	English
bazuca	English
beicon	English
bikini	English
biopic	English
bisnes	English
bistec	English
bividí	English
blazer	English
bluyín	English
boicot	English
brandy	English
Brayan	English
Brexit	English
bridge	English
brunch	English
bróder	English
bróker	English
bulear	English
bypass	English
cachar	English
caddie	English
calabó	English
calcio	English
canopy	English
cartel	English
castin	English
chamba	English
champú	English
chance	English
chelín	English
cheque	English
chomba	English
chompa	English
choque	English
chumpa	English
chutar	English
chóped	English
ciber-	English
claxon	English
cloche	English
clínex	English
clóset	English
coltán	English
convoy	English
cookie	English
cowboy	English
creyón	English
cringe	English
cronut	English
cuilta	English
cumear	English
cuásar	English
cóctel	English
córner	English
Dayana	English
dealer	English
deluxe	English
dembow	English
diamat	English
dicdic	English
Disney	English
doodle	English
doping	English
durián	English
Eileen	English
enduro	English
eosina	English
esplín	English
espray	English
esprín	English
estand	English
estent	English
estrés	English
fancam	English
fandom	English
fandub	English
femboy	English
finger	English
flipar	English
friend	English
frizar	English
fútbol	English
gadget	English
gaming	English
gasoil	English
gazebo	English
Gladys	English
gospel	English
greira	English
grilla	English
grogui	English
groove	English
grunge	English
guinea	English
géiser	English
góspel	English
güique	English
hacker	English
hadrón	English
hentai	English
hippie	English
hockey	English
hostel	English
hotdog	English
intear	English
iPhone	English
jersey	English
jonrón	English
josear	English
Joshua	English
jungla	English
jáquer	English
kelper	English
kevlar	English
lagear	English
lamero	English
laptop	English
Leslie	English
likear	English
living	English
locker	English
lonche	English
mapear	English
mascné	English
medley	English
Melvin	English
milord	English
mopear	English
Muppet	English
máster	English
médium	English
míster	English
nailon	English
napalm	English
Nelson	English
neocon	English
neocón	English
nocaut	English
noodle	English
online	English
oocito	English
outlet	English
overol	English
oyodín	English
Pamela	English
panqué	English
parole	English
parsec	English
petrel	English
pichar	English
pickup	English
picnic	English
pijama	English
pinate	English
pirsin	English
plugin	English
plóter	English
pomelo	English
ponche	English
ponqué	English
popper	English
puchar	English
puzzle	English
pársec	English
pícher	English
póquer	English
póster	English
púlsar	English
quelpo	English
queque	English
racial	English
radfem	English
radián	English
random	English
reboot	English
reggae	English
remake	English
resort	English
retuit	English
ridear	English
ripear	English
rocker	English
romcom	English
rookie	English
rosbif	English
router	English
runner	English
Rusbel	English
récord	English
réferi	English
réflex	English
saloon	English
selfie	English
septum	English
setear	English
Sheila	English
single	English
sitcom	English
sketch	English
sorche	English
stream	English
stress	English
strike	English
suéter	English
tablet	English
tackle	English
target	English
teibol	English
tespio	English
Tetris	English
ticket	English
timing	English
tipear	English
tomboy	English
toples	English
torcha	English
torque	English
traila	English
trance	English
tunear	English
tuning	English
tándem	English
UNESCO	English
utopía	English
Vanesa	English
vegano	English
versus	English
waffle	English
whisky	English
widget	English
yanqui	English
yonqui	English
yóquey	English
zapear	English
accesar	English
aeróbic	English
Alfredo	English
ansible	English
auditar	English
baitear	English
balasto	English
bichote	English
Big Ben	English
Big Mac	English
bitcoin	English
bitcóin	English
bizarro	English
blogger	English
blondie	English
blíster	English
bolardo	English
bowling	English
brasier	English
brownie	English
bulldog	English
bumerán	English
béisbol	English
bísquet	English
búrguer	English
cameral	English
camping	English
canguro	English
casting	English
charter	English
checkin	English
cheddar	English
chicanx	English
chonque	English
chutney	English
chárter	English
clipero	English
clúster	English
cosplay	English
country	English
crayola	English
Crismes	English
crucial	English
críquet	English
cupcake	English
cásting	English
cáterin	English
debacle	English
default	English
dippear	English
display	English
domplin	English
Douglas	English
driblar	English
dropear	English
dubstep	English
dugongo	English
dumping	English
epítopo	English
escarfe	English
escáner	English
escúter	English
eslinga	English
eslique	English
eslogan	English
esnifar	English
esprint	English
estatus	English
farmear	English
farmero	English
fashion	English
feeling	English
fixture	English
flexear	English
footing	English
fotingo	English
foxtrot	English
garache	English
gaselín	English
gaélico	English
geoduck	English
gincana	English
Giselle	English
glamour	English
Glasgow	English
glitter	English
gostear	English
grombif	English
guachar	English
Guayuma	English
hashtag	English
hipster	English
hormona	English
hot dog	English
humancé	English
hámster	English
iceberg	English
jazzman	English
Jessica	English
jogging	English
Johnson	English
karaoke	English
ketchup	English
leasing	English
lifting	English
lighter	English
linchar	English
made in	English
magacín	English
magneto	English
malware	English
manager	English
mandril	English
meeting	English
minibar	English
miocito	English
mocasín	English
mánager	English
nerfear	English
nihonio	English
noquear	English
offline	English
offside	English
Ontario	English
outdoor	English
paddock	English
pedigrí	English
penalti	English
pickles	English
pinball	English
pitbull	English
pitcher	English
planing	English
playboy	English
playoff	English
podcast	English
polbero	English
ponchar	English
Premier	English
premium	English
propela	English
pudding	English
pulóver	English
queique	English
quelato	English
rafting	English
raigrás	English
raiting	English
ranking	English
reality	English
referee	English
reversa	English
Richard	English
roaming	English
Ronaldo	English
Rosmery	English
ránking	English
récords	English
scratch	English
secuoya	English
selfiar	English
sexting	English
shampoo	English
sheriff	English
Shirley	English
showbiz	English
silicón	English
siévert	English
siútico	English
skyline	English
slasher	English
snorkel	English
sololoy	English
spammer	English
spoiler	English
sponsor	English
spyware	English
stanear	English
sunroof	English
surfear	English
taclear	English
teacher	English
telefón	English
terrier	English
tiltear	English
tiqueta	English
tomtato	English
top ten	English
topless	English
topping	English
tornado	English
tractor	English
trolley	English
tráiler	English
tsunami	English
turismo	English
turista	English
tíquete	English
Vanessa	English
vintage	English
walkman	English
webinar	English
website	English
western	English
whiskey	English
William	English
Wyoming	English
wéstern	English
yincana	English
YouTube	English
zafacón	English
acalasia	English
aerodino	English
afrobeat	English
afrojazz	English
albatros	English
aldehído	English
aligator	English
aluminio	English
anaconda	English
Anderson	English
armónica	English
atosibán	English
badlands	English
barnacla	English
BB cream	English
blackout	English
bloquear	English
bofetear	English
branding	English
briefing	English
buldócer	English
bullying	English
bungalow	English
bypasear	English
bísquete	English
cacombra	English
carichís	English
catering	English
cederrón	English
champión	English
checkout	English
chequear	English
cheroqui	English
cisexual	English
claymore	English
coaching	English
coconate	English
comodoro	English
concreto	English
conectar	English
confleis	English
craftear	English
crashear	English
críptido	English
curseado	English
cárdigan	English
deletear	English
delivery	English
digoxina	English
disquete	English
dopamina	English
draftear	English
dóberman	English
egotismo	English
epidural	English
esmarfón	English
espamear	English
espónsor	English
estanear	English
estatina	English
estríper	English
estándar	English
estárter	English
Facebook	English
feedback	English
firewall	English
flashear	English
flirtear	English
folclore	English
fracking	English
friquear	English
gameplay	English
gasolina	English
ghostear	English
grocería	English
guiangue	English
gángster	English
güinchil	English
handicap	English
hardware	English
hipnosis	English
hooligan	English
husbando	English
hándicap	English
inocular	English
internet	English
interviú	English
jazzband	English
Jennifer	English
Jonathan	English
Josselyn	English
joystick	English
jumpsuit	English
Labrador	English
lisosoma	English
low cost	English
magnétar	English
marqueta	English
megabyte	English
monokini	English
monopoly	English
notebook	English
oganesón	English
otherkin	English
outsider	English
panfleto	English
parquear	English
Philipps	English
phishing	English
piercing	English
progeria	English
resistol	English
revólver	English
ringtone	English
sayonara	English
sex shop	English
shippear	English
shopping	English
skincare	English
skinhead	English
softball	English
software	English
spinning	English
stalkear	English
standing	English
streamer	English
subdural	English
supermán	English
sándwich	English
tabloide	English
tacklear	English
teenager	English
terrario	English
thriller	English
tiktoker	English
training	English
trávelin	English
ufología	English
urbanita	English
Virginia	English
voleibol	English
vuvuzela	English
windsurf	English
workshop	English
youtuber	English
acid jazz	English
Alexander	English
amerindio	English
baby boom	English
backstage	English
bartender	English
bluegrass	English
bluetooth	English
bobsleigh	English
bodyboard	English
bulldozer	English
bádminton	English
celebrity	English
chac mool	English
chaineado	English
Champions	English
cheescake	English
chocochip	English
citocromo	English
container	English
copyright	English
cortisona	English
cosplayer	English
coworking	English
cuantizar	English
detective	English
docudrama	English
Edimburgo	English
emoticono	English
esnórquel	English
esprínter	English
esterlina	English
estroncio	English
estrógeno	English
Excálibur	English
feng shui	English
flashback	English
focalizar	English
fricativo	English
Galveston	English
gasfitero	English
guachimán	English
Halloween	English
hard rock	English
highlight	English
homofobia	English
identikit	English
Ilocandia	English
infielder	English
isolación	English
Jefferson	English
Jhovinson	English
lemon pie	English
lifestyle	English
macrófago	English
mainframe	English
marketing	English
MediaWiki	English
megapíxel	English
microchip	English
microfilm	English
milkshake	English
Minecraft	English
motilidad	English
nightclub	English
orangután	English
organismo	English
packaging	English
pailebote	English
panelista	English
panqueque	English
parenting	English
patchwork	English
penthouse	English
performar	English
ping pong	English
ping-pong	English
poliéster	English
quinolona	English
sanamagón	English
screening	English
shortstop	English
show room	English
slapstick	English
snowboard	English
socialite	English
spanglish	English
streaming	English
superstar	English
talk show	English
tokenismo	English
touchdown	English
tungsteno	English
veganismo	English
videoblog	English
videoclub	English
warfarina	English
waterpolo	English
Wikipedia	English
xiphonita	English
zettabyte	English
Zinfandel	English
aberración	English
acid house	English
acuaporina	English
adrenalina	English
aminoácido	English
astronauta	English
backgammon	English
bariátrico	English
basquetbol	English
bestseller	English
Bicolandia	English
blockchain	English
bombástico	English
Buffyverso	English
básquetbol	English
calbindina	English
calistenia	English
Canterbury	English
carbapenem	English
cheesecake	English
chikunguña	English
colesterol	English
colostomía	English
contenedor	English
corticoide	English
cosmópolis	English
Cristopher	English
drag queen	English
drogadicto	English
Evangelina	English
golaveraje	English
happy hour	English
hipnotizar	English
influencer	English
interferón	English
internauta	English
kickboxing	English
leprechaun	English
leucocoria	English
linebacker	English
management	English
mandatorio	English
multimedia	English
networking	English
outfielder	English
permafrost	English
presurizar	English
psicodelia	English
randomizar	English
rockabilly	English
schwannoma	English
sex symbol	English
sex-appeal	English
smartphone	English
standupero	English
striptease	English
sufragismo	English
sufragista	English
taikonauta	English
trenchcoat	English
video chat	English
winchester	English
after hours	English
antidumping	English
aquaplaning	English
bequenpaura	English
best seller	English
blockbuster	English
calcitonina	English
categorizar	English
cheerleader	English
compulsorio	English
coronavirus	English
coulrofobia	English
creepypasta	English
dating show	English
dispareunia	English
Dixie Alley	English
esnorkeling	English
especiación	English
frappuccino	English
heavy metal	English
home cinema	English
impeachment	English
implementar	English
instagramer	English
iridiscente	English
jam session	English
latin lover	English
marshmallow	English
match point	English
ocupacional	English
outsourcing	English
parasailing	English
performance	English
Port Isabel	English
presenilina	English
psicodélico	English
quarterback	English
retinopatía	English
rickrollear	English
sanamabiche	English
separatismo	English
separatista	English
sincretizar	English
space opera	English
transferasa	English
underground	English
angiofibroma	English
angiotensina	English
Black Friday	English
carmeltazita	English
colonoscopia	English
cooking show	English
crowdfunding	English
cruelty-free	English
delicatessen	English
drogadicción	English
face to face	English
formaldehído	English
iridiscencia	English
linkbuilding	English
master-class	English
Mickey Mouse	English
parafernalia	English
paratránsito	English
reality show	English
remasterizar	English
reticulocito	English
rockanrolear	English
tetraciclina	English
transaminasa	English
triglicérido	English
brainstorming	English
cummingtonita	English
establishment	English
hip hip hurra	English
inscripturado	English
osteopetrosis	English
walkie-talkie	English
ceruloplasmina	English
efecto Mandela	English
llave stillson	English
trending topic	English
chili con carne	English
fundamentalismo	English
fundamentalista	English
late night show	English
Washington D. C.	English
cultura de la violación	English
abulia	Ancient Greek
acracia	Ancient Greek
acróbata	Ancient Greek
acrópolis	Ancient Greek
acónito	Ancient Greek
acústico	Ancient Greek
aedo	Ancient Greek
afasia	Ancient Greek
afonía	Ancient Greek
afrodisíaco	Ancient Greek
Afrodita	Ancient Greek
afta	Ancient Greek
aféresis	Ancient Greek
Agamenón	Ancient Greek
Agapito	Ancient Greek
agonizar	Ancient Greek
agrónomo	Ancient Greek
Aión	Ancient Greek
Alejandro	Ancient Greek
alfa	Ancient Greek
Altea	Ancient Greek
amaranto	Ancient Greek
ambrosía	Ancient Greek
ameba	Ancient Greek
amnesia	Ancient Greek
amnios	Ancient Greek
amnistía	Ancient Greek
amorfo	Ancient Greek
anacardo	Ancient Greek
anacoluto	Ancient Greek
anacrusa	Ancient Greek
anaforesis	Ancient Greek
anagnórisis	Ancient Greek
analepsis	Ancient Greek
anamorfosis	Ancient Greek
Ananké	Ancient Greek
anemia	Ancient Greek
anestesia	Ancient Greek
aneurisma	Ancient Greek
Anfitrión	Ancient Greek
anhidro	Ancient Greek
anorexia	Ancient Greek
anquilosis	Ancient Greek
antilógico	Ancient Greek
Antioquía	Ancient Greek
antipatía	Ancient Greek
antitético	Ancient Greek
antología	Ancient Greek
antrópico	Ancient Greek
anáfora	Ancient Greek
análisis	Ancient Greek
anástrofe	Ancient Greek
aoristo	Ancient Greek
aorta	Ancient Greek
apocalíptico	Ancient Greek
aporía	Ancient Greek
apotema	Ancient Greek
apraxia	Ancient Greek
arcaico	Ancient Greek
argón	Ancient Greek
Aristófanes	Ancient Greek
Aristóteles	Ancient Greek
aspro	Ancient Greek
asterismo	Ancient Greek
asteroide	Ancient Greek
astrágalo	Ancient Greek
ataraxia	Ancient Greek
ataxia	Ancient Greek
Athanasia	Ancient Greek
automático	Ancient Greek
autonomía	Ancient Greek
autóctono	Ancient Greek
autónomo	Ancient Greek
axiomático	Ancient Greek
Baquílides	Ancient Greek
bato	Ancient Greek
bentos	Ancient Greek
beta	Ancient Greek
bibliografía	Ancient Greek
broma	Ancient Greek
bustrófedon	Ancient Greek
caligrafía	Ancient Greek
calígrafo	Ancient Greek
cardias	Ancient Greek
catarsis	Ancient Greek
catálisis	Ancient Greek
catástrofe	Ancient Greek
Cefalonia	Ancient Greek
celo	Ancient Greek
celoma	Ancient Greek
cerámico	Ancient Greek
chalaza	Ancient Greek
Chronos	Ancient Greek
cica	Ancient Greek
cicloide	Ancient Greek
ciclón	Ancient Greek
cigoma	Ancient Greek
cinético	Ancient Greek
clínico	Ancient Greek
clítoris	Ancient Greek
colimbo	Ancient Greek
colina	Ancient Greek
coma	Ancient Greek
corográfico	Ancient Greek
cosmogonía	Ancient Greek
criptón	Ancient Greek
crisis	Ancient Greek
cronológico	Ancient Greek
Cronos	Ancient Greek
cáncamo	Ancient Greek
cónico	Ancient Greek
delta	Ancient Greek
demagogia	Ancient Greek
demagógico	Ancient Greek
democracia	Ancient Greek
democrático	Ancient Greek
Deméter	Ancient Greek
dialógico	Ancient Greek
dicotomía	Ancient Greek
dicótomo	Ancient Greek
didáctico	Ancient Greek
dinastía	Ancient Greek
dinámico	Ancient Greek
diégesis	Ancient Greek
Dorotea	Ancient Greek
eccema	Ancient Greek
ecúmene	Ancient Greek
efímero	Ancient Greek
elegíaco	Ancient Greek
elíptico	Ancient Greek
emesis	Ancient Greek
enfático	Ancient Greek
Eos	Ancient Greek
epiplón	Ancient Greek
episodio	Ancient Greek
epéntesis	Ancient Greek
epígrafe	Ancient Greek
epílogo	Ancient Greek
eros	Ancient Greek
Escila	Ancient Greek
esotérico	Ancient Greek
esporádico	Ancient Greek
esqueleto	Ancient Greek
estoma	Ancient Greek
estético	Ancient Greek
etiología	Ancient Greek
etmoide	Ancient Greek
etopeya	Ancient Greek
Eubea	Ancient Greek
Euclides	Ancient Greek
eutanasia	Ancient Greek
exégesis	Ancient Greek
Fanes	Ancient Greek
faringe	Ancient Greek
fase	Ancient Greek
fonema	Ancient Greek
fonético	Ancient Greek
galáctico	Ancient Greek
gama	Ancient Greek
gamma	Ancient Greek
Gea	Ancient Greek
gnosis	Ancient Greek
Hades	Ancient Greek
Hefesto	Ancient Greek
hegemonía	Ancient Greek
helenizar	Ancient Greek
helicoide	Ancient Greek
heliotropo	Ancient Greek
Hemera	Ancient Greek
hemerálope	Ancient Greek
Hera	Ancient Greek
Hermes	Ancient Greek
Hestia	Ancient Greek
hetaira	Ancient Greek
heterodoxia	Ancient Greek
hierarquía	Ancient Greek
himenóptero	Ancient Greek
hipocondrio	Ancient Greek
hipocondríaco	Ancient Greek
hipocorístico	Ancient Greek
hipogastrio	Ancient Greek
hipogloso	Ancient Greek
hipotético	Ancient Greek
hipérbola	Ancient Greek
Héctor	Ancient Greek
icor	Ancient Greek
idiomático	Ancient Greek
idiosincrasia	Ancient Greek
idolopeya	Ancient Greek
Inés	Ancient Greek
iota	Ancient Greek
Irene	Ancient Greek
iris	Ancient Greek
Jacinto	Ancient Greek
ji	Ancient Greek
Jonia	Ancient Greek
kerigma	Ancient Greek
koiné	Ancient Greek
laringe	Ancient Greek
licántropo	Ancient Greek
lisis	Ancient Greek
litiasis	Ancient Greek
lotófago	Ancient Greek
macrón	Ancient Greek
Magdalena	Ancient Greek
magnesia	Ancient Greek
manía	Ancient Greek
mayéutico	Ancient Greek
Medusa	Ancient Greek
meiosis	Ancient Greek
meninge	Ancient Greek
mentor	Ancient Greek
mesenterio	Ancient Greek
meteorología	Ancient Greek
meteorológico	Ancient Greek
misantropía	Ancient Greek
misoginia	Ancient Greek
misógino	Ancient Greek
Morfeo	Ancient Greek
nauclero	Ancient Greek
necrópolis	Ancient Greek
nefelibata	Ancient Greek
neumonía	Ancient Greek
nistagmo	Ancient Greek
némesis	Ancient Greek
oclocracia	Ancient Greek
oligarquía	Ancient Greek
orgasmo	Ancient Greek
orgiástico	Ancient Greek
Osiris	Ancient Greek
Ourea	Ancient Greek
palíndromo	Ancient Greek
pandemia	Ancient Greek
Pandora	Ancient Greek
panegírico	Ancient Greek
paralipsis	Ancient Greek
paranoia	Ancient Greek
parasíntesis	Ancient Greek
Paris	Ancient Greek
pathos	Ancient Greek
patológico	Ancient Greek
pedagogía	Ancient Greek
Pegaso	Ancient Greek
Pentateuco	Ancient Greek
pentatlón	Ancient Greek
pericardio	Ancient Greek
pericarpio	Ancient Greek
perifrástico	Ancient Greek
peroné	Ancient Greek
Perseo	Ancient Greek
Perséfone	Ancient Greek
peán	Ancient Greek
piorrea	Ancient Greek
pipo	Ancient Greek
pirosis	Ancient Greek
pitón	Ancient Greek
plasmático	Ancient Greek
plutocracia	Ancient Greek
pléroma	Ancient Greek
poliarquía	Ancient Greek
policromo	Ancient Greek
polifonía	Ancient Greek
polimorfo	Ancient Greek
polis	Ancient Greek
polígloto	Ancient Greek
Ponto	Ancient Greek
pornógrafo	Ancient Greek
Poseidón	Ancient Greek
profiláctico	Ancient Greek
prolegómeno	Ancient Greek
Prometeo	Ancient Greek
proxeneta	Ancient Greek
psicopompo	Ancient Greek
psoas	Ancient Greek
psoriasis	Ancient Greek
páncreas	Ancient Greek
pánfilo	Ancient Greek
pétalo	Ancient Greek
Píndaro	Ancient Greek
pócima	Ancient Greek
quiasma	Ancient Greek
quiasmo	Ancient Greek
quiste	Ancient Greek
rapsoda	Ancient Greek
raquis	Ancient Greek
raquitis	Ancient Greek
raquitismo	Ancient Greek
rho	Ancient Greek
rizoma	Ancient Greek
sarraceno	Ancient Greek
semiótico	Ancient Greek
semántico	Ancient Greek
sepsis	Ancient Greek
seudónimo	Ancient Greek
siderurgia	Ancient Greek
sinalagmático	Ancient Greek
sincretismo	Ancient Greek
sintagma	Ancient Greek
sintonía	Ancient Greek
sintáctico	Ancient Greek
sintético	Ancient Greek
sirte	Ancient Greek
soma	Ancient Greek
somático	Ancient Greek
sándalo	Ancient Greek
Sócrates	Ancient Greek
Sófocles	Ancient Greek
talasofobia	Ancient Greek
tarso	Ancient Greek
teogonía	Ancient Greek
terapeuta	Ancient Greek
terapia	Ancient Greek
terapéutico	Ancient Greek
tetraedro	Ancient Greek
teósofo	Ancient Greek
theta	Ancient Greek
Tomás	Ancient Greek
torácico	Ancient Greek
trauma	Ancient Greek
tricotomía	Ancient Greek
trilogía	Ancient Greek
trismo	Ancient Greek
tritón	Ancient Greek
trocánter	Ancient Greek
trombosis	Ancient Greek
tríptico	Ancient Greek
Tártaro	Ancient Greek
tétanos	Ancient Greek
ureo	Ancient Greek
uréter	Ancient Greek
zeta	Ancient Greek
Zeus	Ancient Greek
Zosimo	Ancient Greek
ácero	Ancient Greek
ácrata	Ancient Greek
ágora	Ancient Greek
ágrafo	Ancient Greek
átono	Ancient Greek
Éfeso	Ancient Greek
Érebo	Ancient Greek
étimo	Ancient Greek
ótico	Ancient Greek
ababol	Andalusian Arabic
abacero	Andalusian Arabic
abenuz	Andalusian Arabic
aceituna	Andalusian Arabic
acemite	Andalusian Arabic
acerola	Andalusian Arabic
acetre	Andalusian Arabic
aceña	Andalusian Arabic
acicate	Andalusian Arabic
acirate	Andalusian Arabic
adarga	Andalusian Arabic
adarme	Andalusian Arabic
adefera	Andalusian Arabic
adive	Andalusian Arabic
adoquín	Andalusian Arabic
adárgama	Andalusian Arabic
ajedrea	Andalusian Arabic
ajenuz	Andalusian Arabic
alarguez	Andalusian Arabic
albacea	Andalusian Arabic
albardán	Andalusian Arabic
albaricoque	Andalusian Arabic
albayalde	Andalusian Arabic
albañal	Andalusian Arabic
albañil	Andalusian Arabic
albornoz	Andalusian Arabic
albricias	Andalusian Arabic
albufera	Andalusian Arabic
alcabala	Andalusian Arabic
alcaicería	Andalusian Arabic
alcancía	Andalusian Arabic
alcanfor	Andalusian Arabic
alcaravea	Andalusian Arabic
alcaraván	Andalusian Arabic
alcarceña	Andalusian Arabic
alcazaba	Andalusian Arabic
alcazuz	Andalusian Arabic
alcoba	Andalusian Arabic
alcohela	Andalusian Arabic
alcor	Andalusian Arabic
alcándara	Andalusian Arabic
alcázar	Andalusian Arabic
aldea	Andalusian Arabic
aletría	Andalusian Arabic
alfeñique	Andalusian Arabic
alfolí	Andalusian Arabic
algarabía	Andalusian Arabic
algarroba	Andalusian Arabic
alguacil	Andalusian Arabic
alhucema	Andalusian Arabic
alicate	Andalusian Arabic
aljofifa	Andalusian Arabic
almadía	Andalusian Arabic
almanaque	Andalusian Arabic
almez	Andalusian Arabic
almizcle	Andalusian Arabic
almohada	Andalusian Arabic
almorávide	Andalusian Arabic
almud	Andalusian Arabic
almáciga	Andalusian Arabic
alpiste	Andalusian Arabic
altramuz	Andalusian Arabic
alubia	Andalusian Arabic
anfión	Andalusian Arabic
arancel	Andalusian Arabic
arracada	Andalusian Arabic
arrelde	Andalusian Arabic
arriate	Andalusian Arabic
arrope	Andalusian Arabic
arráez	Andalusian Arabic
atarazana	Andalusian Arabic
atarjea	Andalusian Arabic
atarraga	Andalusian Arabic
atarraya	Andalusian Arabic
ataúd	Andalusian Arabic
atocha	Andalusian Arabic
atutía	Andalusian Arabic
atún	Andalusian Arabic
azafrán	Andalusian Arabic
azahar	Andalusian Arabic
azalá	Andalusian Arabic
azaque	Andalusian Arabic
azaquefa	Andalusian Arabic
azotea	Andalusian Arabic
azucena	Andalusian Arabic
azumbre	Andalusian Arabic
añil	Andalusian Arabic
badulaque	Andalusian Arabic
barrio	Andalusian Arabic
bellota	Andalusian Arabic
carmesí	Andalusian Arabic
celemín	Andalusian Arabic
cenefa	Andalusian Arabic
citara	Andalusian Arabic
ebanuz	Andalusian Arabic
falleba	Andalusian Arabic
fanega	Andalusian Arabic
galbana	Andalusian Arabic
herreruelo	Andalusian Arabic
holgazán	Andalusian Arabic
jebe	Andalusian Arabic
jerife	Andalusian Arabic
jinete	Andalusian Arabic
joroba	Andalusian Arabic
laúd	Andalusian Arabic
limón	Andalusian Arabic
majara	Andalusian Arabic
mamarracho	Andalusian Arabic
maquila	Andalusian Arabic
marchamo	Andalusian Arabic
maroma	Andalusian Arabic
matalahúva	Andalusian Arabic
mejunje	Andalusian Arabic
mohíno	Andalusian Arabic
nesga	Andalusian Arabic
orozuz	Andalusian Arabic
pata	Andalusian Arabic
pato	Andalusian Arabic
rincón	Andalusian Arabic
ronzal	Andalusian Arabic
sopaipa	Andalusian Arabic
tabique	Andalusian Arabic
tambor	Andalusian Arabic
taracea	Andalusian Arabic
tarima	Andalusian Arabic
tarro	Andalusian Arabic
toronjil	Andalusian Arabic
zaga	Andalusian Arabic
zagua	Andalusian Arabic
zaranda	Andalusian Arabic
álcali	Andalusian Arabic
aba	Arabic
abadí	Arabic
abalorio	Arabic
abarraz	Arabic
abasí	Arabic
abenuz	Arabic
acebibe	Arabic
aceituna	Arabic
acendría	Arabic
acetre	Arabic
aceña	Arabic
achacar	Arabic
acicalar	Arabic
acidaque	Arabic
acémila	Arabic
acíbar	Arabic
adalid	Arabic
adarga	Arabic
adefera	Arabic
adelfa	Arabic
adhan	Arabic
ador	Arabic
aduar	Arabic
al-Ándalus	Arabic
alacena	Arabic
alambique	Arabic
alauí	Arabic
albacar	Arabic
albardán	Arabic
albaricoque	Arabic
albañal	Arabic
albañil	Arabic
albornoz	Arabic
albufera	Arabic
albéitar	Arabic
albérchigo	Arabic
alcaide	Arabic
Alcalá	Arabic
alcana	Arabic
alcaravea	Arabic
alcaraván	Arabic
alcarceña	Arabic
alcarraza	Arabic
alcatraz	Arabic
alcazaba	Arabic
alcazuz	Arabic
alcoba	Arabic
alcohela	Arabic
alcorque	Arabic
alcorza	Arabic
alcándara	Arabic
alcántara	Arabic
alcázar	Arabic
alfeñique	Arabic
alficoz	Arabic
alfil	Arabic
Algol	Arabic
alhelí	Arabic
alicate	Arabic
alioj	Arabic
aljaba	Arabic
aljez	Arabic
Almadén	Arabic
almadén	Arabic
Almería	Arabic
almiar	Arabic
almidana	Arabic
almotacén	Arabic
Almudena	Arabic
almuecín	Arabic
almuédano	Arabic
almáciga	Arabic
alquequenje	Arabic
Alá	Arabic
arar	Arabic
Argelia	Arabic
argolla	Arabic
arjorán	Arabic
arrayán	Arabic
arrezuz	Arabic
atabal	Arabic
atanor	Arabic
ataúd	Arabic
azahar	Arabic
azalá	Arabic
azaque	Arabic
azote	Arabic
azucena	Arabic
azuche	Arabic
azud	Arabic
azufaifa	Arabic
azófar	Arabic
añil	Arabic
bajá	Arabic
baladí	Arabic
balaj	Arabic
balaje	Arabic
baldragas	Arabic
baobab	Arabic
basmala	Arabic
benjuí	Arabic
bereber	Arabic
berenjena	Arabic
bonito	Arabic
Borja	Arabic
bulbul	Arabic
cajel	Arabic
calabaza	Arabic
calamón	Arabic
Calatayud	Arabic
candil	Arabic
carcax	Arabic
carmen	Arabic
Catar	Arabic
cenefa	Arabic
cerbatana	Arabic
cerracatín	Arabic
Ceuta	Arabic
ceutí	Arabic
cica	Arabic
Cid	Arabic
cifra	Arabic
cofín	Arabic
Corán	Arabic
Cádiz	Arabic
Córdoba	Arabic
cúrcuma	Arabic
dahír	Arabic
dársena	Arabic
dírham	Arabic
escaque	Arabic
espinaca	Arabic
falafel	Arabic
fanfarrón	Arabic
Fatah	Arabic
fatua	Arabic
Fez	Arabic
Fomalhaut	Arabic
fonda	Arabic
Fulano	Arabic
Fátima	Arabic
gacel	Arabic
galbana	Arabic
garroba	Arabic
garrofa	Arabic
gis	Arabic
Granada	Arabic
guademecí	Arabic
guay	Arabic
guitarra	Arabic
hach	Arabic
hachís	Arabic
hacino	Arabic
hadiz	Arabic
he	Arabic
hiyab	Arabic
Huelva	Arabic
ifrit	Arabic
inshalá	Arabic
intifada	Arabic
jabalí	Arabic
jaez	Arabic
jaima	Arabic
jaraíz	Arabic
jarcha	Arabic
jareta	Arabic
jarra	Arabic
jeta	Arabic
jábega	Arabic
kufiya	Arabic
latón	Arabic
laúd	Arabic
limón	Arabic
madrasa	Arabic
majara	Arabic
marcasita	Arabic
Marrakech	Arabic
matalahúva	Arabic
mazmorra	Arabic
mazorca	Arabic
mengano	Arabic
morabito	Arabic
mozárabe	Arabic
mudéjar	Arabic
mulá	Arabic
Mustafá	Arabic
Málaga	Arabic
márfega	Arabic
naranja	Arabic
noria	Arabic
Nájera	Arabic
Omar	Arabic
orozuz	Arabic
patache	Arabic
patilla	Arabic
rabel	Arabic
racha	Arabic
Ramala	Arabic
rauda	Arabic
regaifa	Arabic
rejalgar	Arabic
resma	Arabic
retama	Arabic
Riad	Arabic
rial	Arabic
rija	Arabic
rincón	Arabic
Saladino	Arabic
sandía	Arabic
Sevilla	Arabic
sifrino	Arabic
suní	Arabic
tabaco	Arabic
tahalí	Arabic
taifa	Arabic
talaq	Arabic
talco	Arabic
telliz	Arabic
toronja	Arabic
truchimán	Arabic
turquí	Arabic
vacarí	Arabic
Yamileth	Arabic
Yeda	Arabic
yihad	Arabic
zafio	Arabic
zafra	Arabic
zagua	Arabic
zaino	Arabic
zalea	Arabic
zaquizamí	Arabic
zaratán	Arabic
Zia	Arabic
zoco	Arabic
agá	French
aló	French
erg	French
fez	French
gel	French
lis	French
sud	French
sur	French
tas	French
abra	French
Agda	French
agir	French
anís	French
aval	French
azur	French
baca	French
bala	French
bata	French
baya	French
baúl	French
bebé	French
beis	French
bidé	French
bies	French
bloc	French
boga	French
bota	French
brie	French
buró	French
cadí	French
café	French
capó	French
caíd	French
cebú	French
chal	French
chef	French
chic	French
cinc	French
clac	French
crac	French
crep	French
cutí	French
dama	French
Dion	French
domo	French
Eloy	French
este	French
fila	French
flan	French
flux	French
frac	French
gato	French
hurí	French
izar	French
jade	French
jocó	French
lamé	French
lila	French
liza	French
lote	French
lupa	French
mala	French
mamá	French
mate	French
melé	French
menú	French
mina	French
moda	French
mote	French
mupi	French
naif	French
nata	French
naíf	French
neto	French
oboe	French
obús	French
papá	French
paré	French
paté	French
país	French
plen	French
pose	French
puré	French
rada	French
ragú	French
rajá	French
rapé	French
relé	French
reno	French
René	French
ruta	French
salú	French
sepa	French
slip	French
sofá	French
tisú	French
tour	French
tren	French
tufo	French
tuna	French
tupé	French
tutú	French
vero	French
visa	French
yola	French
amida	French
André	French
argot	French
armón	French
arpón	French
avión	French
babor	French
bahía	French
banal	French
banda	French
beige	French
berma	French
bidón	French
biela	French
bisel	French
blusa	French
bocoy	French
borde	French
bordó	French
boîte	French
brear	French
brida	French
bromo	French
bucle	French
bulín	French
buque	French
buqué	French
cable	French
cabás	French
caché	French
calco	French
carné	French
chalé	French
chapó	French
chupa	French
clepe	French
cofre	French
colza	French
copar	French
corsé	French
cotón	French
coupé	French
coñac	French
craba	French
crack	French
crema	French
crión	French
cromo	French
cuplé	French
cupón	French
curio	French
dardo	French
debut	French
djinn	French
dosel	French
droga	French
ducha	French
erina	French
esquí	French
etapa	French
fagot	French
falla	French
farsa	French
ficha	French
filón	French
flete	French
flota	French
forja	French
foyer	French
fresa	French
fular	French
fumar	French
fusil	French
galán	French
galón	French
gamín	French
ganga	French
genio	French
glasé	French
glifo	French
gofre	French
gorja	French
gramo	French
grega	French
gripe	French
grisú	French
guata	French
halar	French
hampa	French
harén	French
horda	French
hotel	French
hucha	French
hulla	French
húsar	French
icono	French
jalea	French
jalón	French
jamba	French
jamón	French
jemer	French
jirón	French
landó	French
liana	French
litro	French
lonja	French
lunel	French
macla	French
macró	French
Maine	French
malla	French
mamut	French
marea	French
marta	French
mecha	French
metro	French
minué	French
mitón	French
morsa	French
Moscú	French
motín	French
muaré	French
mufla	French
munir	French
norte	French
oblea	French
oeste	French
ojiva	French
orgía	French
panda	French
patín	French
perla	French
pinza	French
piñón	French
placa	French
plasa	French
plató	French
plena	French
polca	French
puela	French
punzó	French
pívot	French
radio	French
rampa	French
rango	French
rapel	French
razia	French
remís	French
rondó	French
rular	French
sacre	French
satén	French
savia	French
simún	French
sonda	French
sosón	French
sucra	French
suflé	French
suite	French
talla	French
talle	French
talud	French
tamiz	French
tapiz	French
tarja	French
tarta	French
toesa	French
trape	French
treta	French
tropa	French
truco	French
turba	French
usina	French
vagón	French
valet	French
verja	French
visar	French
visón	French
vualá	French
yogur	French
zuavo	French
élite	French
óxido	French
abazón	French
abonar	French
adosar	French
afiche	French
alemán	French
alerón	French
alevín	French
aligot	French
alijar	French
ambigú	French
ampere	French
avisar	French
bacará	French
badián	French
bagaje	French
balada	French
ballet	French
balota	French
baremo	French
barloa	French
barril	French
bayuco	French
bezoar	French
billar	French
bisoñé	French
bistró	French
blasón	French
blondo	French
bloque	French
bobina	French
bombón	French
bonete	French
botica	French
brasca	French
brecha	French
bretón	French
brocha	French
broche	French
bufete	French
buffet	French
butica	French
cabaré	French
cabina	French
calesa	French
califa	French
camión	French
Canadá	French
canapé	French
canica	French
caolín	French
capote	French
carmín	French
casete	French
caviar	French
chacal	French
chalet	French
chamuz	French
chamán	French
chance	French
chapeo	French
charpa	French
chasis	French
Chipre	French
chocar	French
chofer	French
chotis	French
chófer	French
civeta	French
claque	French
cliché	French
colisa	French
comble	French
comité	French
cordón	French
crayón	French
crevar	French
croché	French
cuilta	French
culote	French
dejavú	French
demodé	French
dolmen	French
dosier	French
dovela	French
dragar	French
drenar	French
druida	French
Dufour	French
edecán	French
editar	French
epatar	French
equipo	French
estepa	French
faceta	French
faisán	French
festín	French
filete	French
flambó	French
flanco	French
fletán	French
flotar	French
fondue	French
forjar	French
forrar	French
franja	French
frotar	French
furgón	French
futesa	French
gaceta	French
garaje	French
garzón	French
Gastón	French
gavial	French
glamur	French
Godard	French
goleta	French
gotelé	French
grabar	French
gragea	French
grilla	French
gripar	French
guiñol	French
Gurulé	French
hangar	French
Haydée	French
Hebert	French
Jacmel	French
jardín	French
kermés	French
kiosco	French
Landry	French
lebrel	French
Leroux	French
levita	French
librea	French
lipasa	French
litote	French
llanta	French
lustre	French
lutier	French
madame	French
maison	French
manteo	French
maquis	French
marabú	French
marrón	French
masaje	French
masivo	French
matiné	French
matraz	French
melaza	French
menhir	French
mentón	French
merlot	French
merode	French
metilo	French
morfar	French
morgue	French
mousse	French
muflón	French
omelet	French
palier	French
parque	French
parqué	French
peatón	French
peluca	French
percal	French
periné	French
petisú	French
petrel	French
picnic	French
pillar	French
Piquet	French
pivote	French
plafón	French
plisar	French
pochar	French
poesía	French
poison	French
potaje	French
potasa	French
péplum	French
pícnic	French
Quebec	French
quepis	French
quiche	French
quilla	French
radio-	French
ranura	French
refrán	French
Renaud	French
ribete	French
ruleta	French
rutina	French
savate	French
serval	French
somier	French
sondar	French
sunita	French
taller	French
tampón	French
tartar	French
timbre	French
toisón	French
tolete	French
triaje	French
tricot	French
trineo	French
trotar	French
troupe	French
turnar	French
uremia	French
vedete	French
velour	French
vianda	French
vinaza	French
vitral	French
viñeta	French
voyeur	French
wapití	French
zigzag	French
éclair	French
aerobio	French
affaire	French
alminar	French
amarrar	French
amateur	French
anfíbol	French
anverso	French
aplique	French
arcabuz	French
armañac	French
Armañac	French
atelaje	French
atelier	French
atrapar	French
au pair	French
autobús	French
autocar	French
aviador	French
babuino	French
balance	French
bardana	French
barroco	French
batería	French
bauprés	French
beduino	French
berlina	French
betabel	French
biberón	French
biciclo	French
billete	French
birreta	French
bisagra	French
bisturí	French
blandir	French
blandón	French
blindar	French
bordura	French
botella	French
Boucher	French
bouchri	French
boutade	French
brebaje	French
brigada	French
brioche	French
briquet	French
bulevar	French
burlete	French
báscula	French
cabujón	French
calibre	French
caniche	French
capotar	French
carbono	French
carcasa	French
carpeta	French
carrete	French
chaflán	French
chalana	French
chalote	French
chalupa	French
champán	French
chancro	French
chanson	French
chantre	French
chapeau	French
chicana	French
chicote	French
chodrón	French
chucrut	French
chándal	French
cianuro	French
cizalla	French
clarión	French
cobarde	French
cocaína	French
colibrí	French
collage	French
complot	French
compota	French
confeti	French
confort	French
consomé	French
control	French
coqueto	French
corbeta	French
cotizar	French
coulant	French
coulomb	French
crampón	French
cretino	French
croquis	French
cruasán	French
crupier	French
cuartel	French
cubismo	French
debacle	French
derrota	French
detalle	French
devenir	French
dolomía	French
dossier	French
drapear	French
drenaje	French
edredón	French
emoción	French
enclave	French
endosar	French
entente	French
equipar	French
espeque	French
estiaje	French
evaluar	French
falbalá	French
fetiche	French
finanza	French
fondant	French
footing	French
forfait	French
formaje	French
forraje	French
foulard	French
franela	French
fricasé	French
fruncir	French
fuagrás	French
galante	French
galleta	French
garrote	French
ginebra	French
glaciar	French
gourmet	French
guindar	French
habitué	French
hematíe	French
heraldo	French
hidrato	French
higiene	French
imantar	French
impasse	French
jarrete	French
Laporte	French
Laurier	French
lavanda	French
Lebarón	French
Leblanc	French
Legrand	French
lingote	French
lotería	French
límbico	French
macabro	French
macramé	French
maillot	French
maniquí	French
maratón	French
marchar	French
marinar	French
marmita	French
marmota	French
marsopa	French
masacre	French
mascota	French
mashina	French
metraje	French
micosis	French
moqueta	French
neceser	French
neurona	French
orfebre	French
organdí	French
oxígeno	French
paladín	French
paquete	French
parcela	French
parkour	French
parquet	French
pelotón	French
peluche	French
petardo	French
petipuá	French
pionero	French
pirueta	French
pitanza	French
pivotar	French
plancha	French
platina	French
plumier	French
polaina	French
polisón	French
polizón	French
popurrí	French
premier	French
probeta	French
pularda	French
pupitre	French
quinqué	French
Quintín	French
quiosco	French
ralentí	French
raqueta	French
ratafía	French
reclame	French
regalar	French
reineta	French
Renault	French
resorte	French
rorcual	French
saxofón	French
silueta	French
smoking	French
sondaje	French
sopanda	French
sorbete	French
sunnita	French
suvenir	French
sísmico	French
tartufo	French
tatuaje	French
terraza	French
tiqueta	French
tobogán	French
turbina	French
tártaro	French
vampiro	French
vitrina	French
vodevil	French
volován	French
wawarón	French
ómnibus	French
acaparar	French
acústica	French
agiotaje	French
alemanda	French
amotinar	French
anécdota	French
apátrida	French
arandela	French
asamblea	French
autostop	French
aviación	French
Bachelet	French
baguette	French
balandra	French
balotaje	French
banquete	French
banquisa	French
bayoneta	French
bechamel	French
berbiquí	French
beterava	French
bloquear	French
Bolduque	French
bonhomía	French
boutique	French
cabotaje	French
calambre	French
calambur	French
canotier	French
carabina	French
casquete	French
chantaje	French
chaqueta	French
charnela	French
cineasta	French
cinzolín	French
citadino	French
colágeno	French
conserje	French
coquilla	French
corchete	French
croqueta	French
derrapar	French
desertar	French
desfilar	French
destacar	French
devaluar	French
diatriba	French
eclosión	French
eglefino	French
emprenta	French
encuesta	French
ensemble	French
entrecot	French
entrenar	French
entrever	French
epatante	French
equipaje	French
escalada	French
escalope	French
esmoquin	French
esquimal	French
estampar	French
estragón	French
etiqueta	French
explotar	French
fantoche	French
fauvismo	French
ferralla	French
flambear	French
Fontaine	French
Fontenot	French
fricandó	French
fuselaje	French
gallarda	French
gallardo	French
garantir	French
gelatina	French
gendarme	French
glorieta	French
glucemia	French
gorgorán	French
gratinar	French
grimorio	French
grisalla	French
griñotar	French
grocería	French
grosella	French
guepardo	French
histeria	French
hugonote	French
imprenta	French
instalar	French
jabalina	French
jurásico	French
Lapointe	French
Le Barón	French
lentilla	French
limusina	French
ludoteca	French
Luisiana	French
Malvinas	French
mangosta	French
manicura	French
manivela	French
mansarda	French
Marechal	French
masacrar	French
mayonesa	French
merengue	French
metileno	French
metralla	French
microbio	French
minarete	French
mitómano	French
musulmán	French
Napoleón	French
narguile	French
nematodo	French
nicotina	French
obertura	French
odalisca	French
palmarés	French
pantalón	French
pantufla	French
parterre	French
patriota	French
Paulette	French
pedalier	French
persiana	French
petipuás	French
pingüino	French
Pinochet	French
piridina	French
pistacho	French
plaqueta	French
plastrón	French
playback	French
princesa	French
racémico	French
reclutar	French
restorán	French
revancha	French
Rousseau	French
sabotaje	French
semáforo	French
sionismo	French
sorpresa	French
souvenir	French
sudoeste	French
sumiller	French
suspense	French
Syldavia	French
taburete	French
talismán	French
teodicea	French
tiroides	French
tirolina	French
trapista	French
travesti	French
tricotar	French
trolebús	French
trávelin	French
utilizar	French
utillaje	French
veleidad	French
vendaval	French
abandonar	French
abarbetar	French
abigarrar	French
acoquinar	French
aeronauta	French
aeroplano	French
agronomía	French
alienista	French
altruismo	French
amerizaje	French
anglófono	French
anhedonia	French
apatridia	French
arbotante	French
arribista	French
autoclave	French
avalancha	French
bachiller	French
balaustre	French
barricada	French
beguinaje	French
bergantín	French
bermellón	French
betarraga	French
bicameral	French
bicicleta	French
bisutería	French
Blanchard	French
boulevard	French
brasserie	French
bricolaje	French
Broussard	French
camuflaje	French
champiñón	French
chantillí	French
chimpancé	French
clorofila	French
comunismo	French
confitura	French
constatar	French
contralor	French
controlar	French
cornamusa	French
cosmético	French
croissant	French
deflación	French
depresivo	French
derrochar	French
desabillé	French
distrofia	French
Dunkerque	French
embrollar	French
encuestar	French
escorbuto	French
espionaje	French
estratega	French
etalonaje	French
evolución	French
expertise	French
explosivo	French
Fierabrás	French
fierabrás	French
filosofía	French
financiar	French
foie gras	French
frambuesa	French
galvánico	French
garzonier	French
glicémico	French
glucósido	French
gratuidad	French
hemiciclo	French
hidrogeno	French
hidrógeno	French
ingeniero	French
La Coruña	French
limítrofe	French
luisianés	French
macedonia	French
mandolina	French
maquillar	French
marchante	French
margarina	French
marioneta	French
martinete	French
Mondragón	French
monociclo	French
nectarina	French
neoplasia	French
nitrógeno	French
optimismo	French
optimista	French
ordenador	French
organizar	French
pacifista	French
panteísta	French
papillote	French
paralizar	French
parapente	French
pasaporte	French
pasaportú	French
pastorela	French
patrullar	French
personaje	French
pesimismo	French
pesimista	French
petimetre	French
pistolete	French
pleuresía	French
prototipo	French
Prudhomme	French
repechaje	French
rotisería	French
sacabuche	French
sauvignon	French
simbólico	French
sommelier	French
surmenage	French
taxonomía	French
taxímetro	French
terraplén	French
tirabuzón	French
tirafondo	French
travestir	French
trinquete	French
turmalina	French
antisepsia	French
Archibeque	French
argentafín	French
artillería	French
bezoárdico	French
carrocería	French
chardonnay	French
cremallera	French
decadencia	French
desafectar	French
diplomacia	French
escafandra	French
escamotear	French
fotogénico	French
francmasón	French
francófono	French
galimatías	French
guantelete	French
guillotina	French
intendente	French
Jacqueline	French
Lafourcade	French
maquillaje	French
martingala	French
mastodonte	French
merovingio	French
mersí bocú	French
metabolito	French
mistificar	French
mosquetero	French
parisienne	French
partenaire	French
patafísica	French
petit pois	French
peyorativo	French
plataforma	French
profiterol	French
propulsivo	French
ribadoquín	French
sacralizar	French
serigrafía	French
servilleta	French
soporífico	French
sorprender	French
supremacía	French
teleférico	French
torniquete	French
unicameral	French
velocípedo	French
acromegalia	French
alternativo	French
bolchevique	French
charcutería	French
contradanza	French
cosmopolita	French
filibustero	French
fraternizar	French
helicóptero	French
informático	French
lansquenete	French
minoritario	French
motocicleta	French
numismático	French
pretencioso	French
puntillismo	French
requisición	French
restaurante	French
sincronizar	French
Supervielle	French
telegrafiar	French
acrocianosis	French
astronáutica	French
astronáutico	French
cortometraje	French
departamento	French
espondilosis	French
estetoscopio	French
filete miñón	French
hieroglífico	French
motociclismo	French
pterodáctilo	French
rocambolesco	French
trompe-l'œil	French
Vaillancourt	French
cinematógrafo	French
fantasmagoría	French
francmasónico	French
glicoproteína	French
quimioterapia	French
cinematografía	French
electroforesis	French
francmasonería	French
pasteurización	French
Costa de Marfil	French
existencialismo	French
a capela	Italian
abate	Italian
acampar	Italian
acuarela	Italian
adagio	Italian
aggiornar	Italian
aguantar	Italian
aguatinta	Italian
alabarda	Italian
alarma	Italian
alerta	Italian
Alessandro	Italian
alora	Italian
altoparlante	Italian
alíscafo	Italian
Amalfitano	Italian
andante	Italian
apartamento	Italian
apoyar	Italian
apoyatura	Italian
arabesco	Italian
archipiélago	Italian
aria	Italian
arlequín	Italian
arpegio	Italian
arquitrabe	Italian
arquivolta	Italian
arrabiata	Italian
arrivederchi	Italian
arte povera	Italian
artesano	Italian
asalto	Italian
aspaventar	Italian
atacar	Italian
atrezzista	Italian
atrezzo	Italian
avoceta	Italian
Aída	Italian
añoloti	Italian
bachiche	Italian
bagatela	Italian
balcón	Italian
bancarrota	Italian
baqueta	Italian
barda	Italian
bastión	Italian
Bataglia	Italian
Battaglia	Italian
batuta	Italian
baza	Italian
bazofia	Italian
beca	Italian
Bianca	Italian
Bianchi	Italian
bicoca	Italian
birra	Italian
bisoño	Italian
boceto	Italian
bocha	Italian
boleta	Italian
Bonifacio	Italian
bravata	Italian
bravo	Italian
brigante	Italian
brillar	Italian
brocado	Italian
bronce	Italian
bruschetta	Italian
brusco	Italian
brócoli	Italian
bróculi	Italian
bufo	Italian
bufón	Italian
busto	Italian
Cacciatore	Italian
cagliaritano	Italian
calepino	Italian
calma	Italian
camerino	Italian
campeón	Italian
canalla	Italian
canelón	Italian
canjear	Italian
cannoli	Italian
cantata	Italian
cantina	Italian
capelo	Italian
capo	Italian
capocómico	Italian
caporal	Italian
cappuccino	Italian
capricho	Italian
caprichoso	Italian
capuchino	Italian
capucho	Italian
caricatura	Italian
caricia	Italian
carmelita	Italian
carnaval	Italian
carpaccio	Italian
carroza	Italian
carroña	Italian
cascada	Italian
casino	Italian
cassata	Italian
catafalco	Italian
chabacano	Italian
chaleco	Italian
chao	Italian
chapata	Italian
charlar	Italian
charlatán	Italian
chinchín	Italian
chinela	Italian
chulo	Italian
cháchara	Italian
cicerone	Italian
cimitarra	Italian
Cipolletti	Italian
colina	Italian
Colonna	Italian
comandar	Italian
concertino	Italian
confeti	Italian
contrabando	Italian
corbata	Italian
cortejar	Italian
cortejo	Italian
cortesano	Italian
credencia	Italian
crescendo	Italian
crédito	Italian
cuarteto	Italian
cucaña	Italian
culata	Italian
cuneta	Italian
cáspita	Italian
cúpula	Italian
Danilo	Italian
Dante	Italian
diaspro	Italian
diletante	Italian
diocuarde	Italian
dioguarde	Italian
diseñar	Italian
diseño	Italian
divertimento	Italian
do	Italian
driza	Italian
déspota	Italian
embestir	Italian
empatar	Italian
empresa	Italian
en base a	Italian
ensalada	Italian
equilicuá	Italian
esbatimento	Italian
esbelto	Italian
esbirro	Italian
esbozar	Italian
escabiar	Italian
escabio	Italian
escala	Italian
escalinata	Italian
escaramuza	Italian
escarola	Italian
escarpa	Italian
escarpín	Italian
escayola	Italian
escollo	Italian
escolta	Italian
escoltar	Italian
escopeta	Italian
escorzar	Italian
escorzonera	Italian
esdrújulo	Italian
esfumar	Italian
esgrafiar	Italian
esgrima	Italian
esguazar	Italian
espadachín	Italian
espagueti	Italian
espineta	Italian
espresso	Italian
esquiraza	Italian
estafa	Italian
estafar	Italian
estafeta	Italian
estrambote	Italian
estropear	Italian
estuco	Italian
estufa	Italian
facha	Italian
fachada	Italian
fachenda	Italian
fascismo	Italian
festón	Italian
fianchetto	Italian
fiasco	Italian
filigrana	Italian
finta	Italian
fistol	Italian
focaccia	Italian
folleto	Italian
Fornasari	Italian
forte	Italian
foso	Italian
fracasar	Italian
fracaso	Italian
fragata	Italian
fumarola	Italian
gaceta	Italian
gaetano	Italian
gamba	Italian
Gamba	Italian
garbo	Italian
gatopardo	Italian
gaveta	Italian
gelatería	Italian
Gema	Italian
Gianluca	Italian
Giannuzzi	Italian
Giovanny	Italian
Giusti	Italian
Gonzaga	Italian
graffiti	Italian
grafiti	Italian
granito	Italian
grisín	Italian
grotesco	Italian
grupo	Italian
gueto	Italian
góndola	Italian
güelfo	Italian
Imelda	Italian
impronta	Italian
influenza	Italian
jenízaro	Italian
jirafa	Italian
Jovanni	Italian
laburo	Italian
Lapadula	Italian
lasaña	Italian
lavanda	Italian
lazareto	Italian
letame	Italian
leñame	Italian
linguini	Italian
lira	Italian
Livorno	Italian
logia	Italian
Longaretti	Italian
Los Ángeles	Italian
macarrón	Italian
maceta	Italian
madona	Italian
madrigalesco	Italian
mafia	Italian
mafioso	Italian
malandrino	Italian
malandrín	Italian
malato	Italian
Malta	Italian
mandorla	Italian
Mandriotti	Italian
manejar	Italian
maqueta	Italian
marcar	Italian
marrasquino	Italian
mascarada	Italian
matachín	Italian
mazacote	Italian
mazapán	Italian
medalla	Italian
Medici	Italian
mercancía	Italian
merlón	Italian
mesana	Italian
mezcolanza	Italian
mezzosoprano	Italian
millón	Italian
Milán	Italian
minestrone	Italian
minga	Italian
miniatura	Italian
mistela	Italian
modelo	Italian
mofeta	Italian
moho	Italian
monocromo	Italian
morra	Italian
mosaico	Italian
mostacho	Italian
mozzarella	Italian
mufa	Italian
muralla	Italian
máscara	Italian
nematodo	Italian
nerazzurro	Italian
neto	Italian
nigromante	Italian
novela	Italian
ocarina	Italian
Ofelia	Italian
opereta	Italian
Orlando	Italian
ossobuco	Italian
palavolo	Italian
palazzo	Italian
palco	Italian
panatela	Italian
panetone	Italian
panetón	Italian
pantano	Italian
papable	Italian
paparazzi	Italian
paragonar	Italian
parapeto	Italian
Parodi	Italian
parola	Italian
partitura	Italian
pasarela	Italian
pastafrola	Italian
pasticho	Italian
payaso	Italian
Pellegrini	Italian
penacho	Italian
pesto	Italian
peto	Italian
pianissimo	Italian
piano	Italian
piastra	Italian
piccolo	Italian
pichón	Italian
pillar	Italian
piloto	Italian
pista	Italian
pistacho	Italian
Pistoya	Italian
pizza	Italian
pizzería	Italian
piñata	Italian
plastrón	Italian
poltrona	Italian
poltrón	Italian
Porciúncula	Italian
predela	Italian
premura	Italian
presto	Italian
pérgola	Italian
pícolo	Italian
póliza	Italian
quinoto	Italian
Randazzo	Italian
raqueta	Italian
ravioli	Italian
raza	Italian
Regio Esercito	Italian
reja	Italian
remolacha	Italian
retrato	Italian
ricota	Italian
rimbombar	Italian
romanza	Italian
rosticería	Italian
rufián	Italian
rúcula	Italian
salami	Italian
salchicha	Italian
saldar	Italian
saldo	Italian
saltimbanqui	Italian
Sandra	Italian
Sanguineti	Italian
Schiavone	Italian
selvático	Italian
semifrío	Italian
serenata	Italian
sobrasada	Italian
soda	Italian
sofito	Italian
sofión	Italian
soldado	Italian
solfatara	Italian
sonata	Italian
soneto	Italian
soprano	Italian
Soprano	Italian
sorbeto	Italian
sordina	Italian
sorpasso	Italian
sotana	Italian
Spadaro	Italian
stiletto	Italian
tacaño	Italian
tafetán	Italian
talla	Italian
tallar	Italian
tallarín	Italian
Tamborini	Italian
Tamburini	Italian
Tarantini	Italian
Tarantino	Italian
Tasso	Italian
tempo	Italian
tenor	Italian
terracota	Italian
terremoto	Italian
tesitura	Italian
tiramisú	Italian
toca	Italian
torso	Italian
Toselli	Italian
tozo	Italian
traficar	Italian
trampolín	Italian
transportín	Italian
Traversa	Italian
Trincavelli	Italian
trinchera	Italian
Trobbiani	Italian
Troisi	Italian
tromba	Italian
trombón	Italian
Tropea	Italian
trotar	Italian
Trotta	Italian
troza	Italian
tráfago	Italian
tráfico	Italian
turbante	Italian
tute	Italian
tómbola	Italian
valija	Italian
variopinto	Italian
vaya	Italian
vendetta	Italian
venturina	Italian
Verdi	Italian
vespa	Italian
viola	Italian
violonchelo	Italian
violín	Italian
virtuoso	Italian
Vivaldi	Italian
volcán	Italian
vía ferrata	Italian
vóngole	Italian
zuquini	Italian
ñoqui	Italian
ópera	Italian
aikido	Japanese
akita	Japanese
anime	Japanese
Arakaki	Japanese
bento	Japanese
bonsái	Japanese
caqui	Japanese
catana	Japanese
daimio	Japanese
dashi	Japanese
emoji	Japanese
emoyi	Japanese
Fujimori	Japanese
Fujiwara	Japanese
gacha	Japanese
geisha	Japanese
geta	Japanese
hamachi	Japanese
haraquiri	Japanese
Higuchi	Japanese
Hirano	Japanese
Honda	Japanese
Ishii	Japanese
Ishikawa	Japanese
kabuki	Japanese
kamikaze	Japanese
karaoke	Japanese
karate	Japanese
karateka	Japanese
kawaii	Japanese
Keiko	Japanese
kendo	Japanese
Kenji	Japanese
kimono	Japanese
Kimura	Japanese
kintsugi	Japanese
kokoro	Japanese
kudo	Japanese
Kumiko	Japanese
kárate	Japanese
manga	Japanese
mangaka	Japanese
Matsumoto	Japanese
miso	Japanese
Miyagawa	Japanese
Miyamoto	Japanese
Mori	Japanese
Nakamura	Japanese
Naomi	Japanese
nipón	Japanese
Ogawa	Japanese
origami	Japanese
otaku	Japanese
ramen	Japanese
sake	Japanese
sakura	Japanese
Sakura	Japanese
samurái	Japanese
Sapporo	Japanese
seiyu	Japanese
sensei	Japanese
shiitake	Japanese
Shimabukuro	Japanese
Shizuko	Japanese
shogún	Japanese
sogún	Japanese
Subaru	Japanese
sudoku	Japanese
sumo	Japanese
sushi	Japanese
Taira	Japanese
Takayama	Japanese
tamagochi	Japanese
tatami	Japanese
tempura	Japanese
tokusatsu	Japanese
Uehara	Japanese
wangiri	Japanese
wasabi	Japanese
Watanabe	Japanese
Yamaguchi	Japanese
yen	Japanese
yudo	Japanese
acazanate	Nahuan
acocil	Nahuan
acuespali	Nahuan
amate	Nahuan
cacalosúchil	Nahuan
caucel	Nahuan
chanate	Nahuan
chapote	Nahuan
chicle	Nahuan
chicuate	Nahuan
chilamate	Nahuan
Chilpancingo	Nahuan
chía	Nahuan
Coatzacualcos	Nahuan
cojolite	Nahuan
coyote	Nahuan
cuautuza	Nahuan
Cuernavaca	Nahuan
guatemalteco	Nahuan
icpal	Nahuan
Ixmiquilpan	Nahuan
jalmichi	Nahuan
jicote	Nahuan
Juchitán	Nahuan
Juxtlahuaca	Nahuan
mayate	Nahuan
mecate	Nahuan
metate	Nahuan
mezcal	Nahuan
Mixquiahuala	Nahuan
mixteco	Nahuan
necuazal	Nahuan
nejayote	Nahuan
Panixtlahuaca	Nahuan
papalomé	Nahuan
petate	Nahuan
petazolcoate	Nahuan
pochote	Nahuan
sacamiche	Nahuan
tacamachín	Nahuan
tachicón	Nahuan
talaje	Nahuan
Tehuantepec	Nahuan
tepeaguacate	Nahuan
tepeamate	Nahuan
tepecamote	Nahuan
tepehuaje	Nahuan
tepemechín	Nahuan
Tepenixtlahuaca	Nahuan
Tepoztlán	Nahuan
Tetelcingo	Nahuan
Tlacoachistlahuaca	Nahuan
tlacuache	Nahuan
Tlaxiaco	Nahuan
totomostle	Nahuan
Totonicapán	Nahuan
tuza	Nahuan
zapalote	Nahuan
zapote	Nahuan
achira	Quechua
achura	Quechua
acullico	Quechua
Andes	Quechua
apa	Quechua
apancora	Quechua
arracacha	Quechua
ayahuasca	Quechua
cachina	Quechua
callampa	Quechua
callana	Quechua
cancha	Quechua
carpa	Quechua
caucho	Quechua
causa	Quechua
cañari	Quechua
chaco	Quechua
chacra	Quechua
chala	Quechua
Chalco	Quechua
chamcua	Quechua
charqui	Quechua
charquicán	Quechua
chasqui	Quechua
china	Quechua
chirimoya	Quechua
choclo	Quechua
choro	Quechua
chulco	Quechua
chullo	Quechua
chupe	Quechua
chuño	Quechua
chúcaro	Quechua
coca	Quechua
combo	Quechua
Cori	Quechua
coronta	Quechua
coto	Quechua
cucayo	Quechua
cuy	Quechua
Cuzco	Quechua
cóndor	Quechua
guacho	Quechua
guagua	Quechua
guampa	Quechua
guanaco	Quechua
guano	Quechua
guaro	Quechua
huaca	Quechua
huacatay	Quechua
huambra	Quechua
Huamán	Quechua
huaso	Quechua
Huayta	Quechua
huincha	Quechua
humita	Quechua
inca	Quechua
Inti	Quechua
lampa	Quechua
llama	Quechua
llapingacho	Quechua
locoto	Quechua
locro	Quechua
longo	Quechua
lúcuma	Quechua
maca	Quechua
mate	Quechua
minga	Quechua
mitimae	Quechua
molle	Quechua
mote	Quechua
máchica	Quechua
nana	Quechua
oca	Quechua
ocote	Quechua
ojota	Quechua
olluco	Quechua
opa	Quechua
otorongo	Quechua
pacay	Quechua
paco	Quechua
paico	Quechua
pallar	Quechua
palta	Quechua
pampa	Quechua
papa	Quechua
Paracas	Quechua
patarashca	Quechua
pirca	Quechua
pisca	Quechua
pisco	Quechua
poncho	Quechua
porongo	Quechua
poroto	Quechua
pucho	Quechua
puma	Quechua
puna	Quechua
pupo	Quechua
pututu	Quechua
Páucar	Quechua
quena	Quechua
quincha	Quechua
quino	Quechua
quinoa	Quechua
quinua	Quechua
quipu	Quechua
quirquincho	Quechua
Quispe	Quechua
rocoto	Quechua
runa	Quechua
Rímac	Quechua
sambo	Quechua
simpa	Quechua
suncho	Quechua
sute	Quechua
tala	Quechua
tambo	Quechua
tincar	Quechua
toco	Quechua
tuco	Quechua
vicuña	Quechua
Vilca	Quechua
vizcacha	Quechua
wiphala	Quechua
yachak	Quechua
yaguarlocro	Quechua
yapa	Quechua
yapar	Quechua
yunga	Quechua
yuyo	Quechua
zapallo	Quechua
ñapa	Quechua
ñaña	Quechua
ñaño	Quechua
ñusta	Quechua
Anapa	Russian
Baba Yaga	Russian
Brézhnev	Russian
Chaikovski	Russian
cosmonauta	Russian
domovói	Russian
Dubinsky	Russian
estepa	Russian
gulag	Russian
Irina	Russian
Iván	Russian
Kamchatka	Russian
kikimora	Russian
Koschéi	Russian
kvas	Russian
mazurca	Russian
Olga	Russian
perestroika	Russian
pogromo	Russian
politburó	Russian
rasputín	Russian
sambo	Russian
Sokolsky	Russian
Trajtenberg	Russian
Ulán Bator	Russian
vodka	Russian
vodník	Russian
yurta	Russian
zar	Russian
Zemfira	Russian
action	English
ads	English
adult	English
angel	English
app	English
App	English
apps	English
art	English
Art	English
Audio	English
audio	English
badwill	English
banks	English
banners	English
Bansky	English
Batch	English
batch	English
beboppers	English
Benching	English
benching	English
best	English
bestseller	English
beta	English
betting	English
big	English
Bike	English
bird	English
Bitcoin	English
bitcoin	English
bitcoins	English
black	English
blockbuster	English
blockbusters	English
blockchain	English
bluetooth	English
Bluetooth	English
board	English
bobbies	English
body	English
booktubers	English
boom	English
bot	English
bots	English
boxes	English
brainstorming	English
breakers	English
bro	English
brunch	English
Brushing	English
brushing	English
building	English
bungalows	English
business	English
businessman	English
call	English
camping	English
campings	English
capacity	English
cartoon	English
caster	English
casting	English
center	English
centers	English
chatbot	English
chatbots	English
check	English
cherry	English
claim	English
claims	English
classroom	English
click	English
clickbait	English
clickers	English
clipping	English
Cloud	English
cohousing	English
coliving	English
colonialsplaining	English
commerce	English
cookies	English
cooking	English
Cooking	English
copyright	English
core	English
cost	English
coworking	English
coworkings	English
crack	English
crash	English
crew	English
crime	English
crowdfunding	English
crush	English
cyberpunk	English
cyborgs	English
dance	English
data	English
deep	English
Deepfakes	English
deepfakes	English
Demand	English
doomscrolling	English
doomsurfing	English
driver	English
dropshipper	English
dropshippers	English
dropshipping	English
dual	English
ebooks	English
edgy	English
eighties	English
email	English
emails	English
Energy	English
energy	English
equity	English
eSports	English
exits	English
fair	English
fake	English
fakes	English
family	English
fanzine	English
fanzines	English
fast	English
featuring	English
feedback	English
fill	English
film	English
fintech	English
fitness	English
flag	English
flipped	English
flyer	English
flyers	English
followers	English
fooding	English
fracking	English
freak	English
freelance	English
friendly	English
friendy	English
from	English
funk	English
funnel	English
gadgets	English
gaming	English
gap	English
gatekeepers	English
gay	English
ghost	English
Ghosting	English
ghosting	English
greenwashing	English
grill	English
growth	English
guidance	English
hacker	English
hackers	English
hall	English
handbag	English
handwich	English
hardware	English
hashtag	English
hip	English
Hip	English
hobbies	English
hobby	English
homeschoolers	English
homeschooling	English
homtel	English
hop	English
Hop	English
horror	English
hostel	English
hostels	English
hot	English
how	English
hype	English
identity	English
impeachment	English
incel	English
incels	English
indie	English
influencer	English
influencers	English
Influencers	English
input	English
jam	English
jams	English
jet	English
jets	English
know	English
lag	English
landing	English
laptop	English
laptops	English
Lawfare	English
lawfare	English
leaks	English
learning	English
light	English
like	English
likes	English
line	English
live	English
lives	English
lobbies	English
lobby	English
look	English
loot	English
Low	English
low	English
made	English
mail	English
mails	English
majors	English
maker	English
makers	English
malware	English
man	English
mansplaining	English
market	English
marketing	English
marketplace	English
merchandising	English
mic	English
microinfluencers	English
middle	English
millennials	English
mind	English
mindfulness	English
Mirrorless	English
mirrorless	English
mix	English
momentum	English
monster	English
movie	English
movies	English
naming	English
nerds	English
news	English
newsletters	English
notebook	English
notebooks	English
off	English
office	English
offices	English
offline	English
one	English
online	English
open	English
options	English
pack	English
packs	English
paper	English
parking	English
parkings	English
perfomances	English
performance	English
performances	English
performer	English
performers	English
phishing	English
phising	English
picking	English
places	English
playlist	English
podcast	English
podcaster	English
podcasters	English
podcasts	English
pole	English
pop	English
porn	English
portfolio	English
post	English
posters	English
posts	English
premium	English
private	English
pro	English
puenting	English
pull	English
pulp	English
punch	English
push	English
puzzle	English
quad	English
queer	English
ranking	English
rankings	English
Rankings	English
real	English
reality	English
rednecks	English
regulation	English
remake	English
remakes	English
remote	English
retail	English
revenge	English
riders	English
riffs	English
ring	English
road	English
rock	English
sci	English
scouts	English
scratch	English
self	English
selfie	English
seller	English
session	English
sessions	English
sexcoach	English
sexploitation	English
shareholders	English
Sharing	English
ship	English
shock	English
show	English
showman	English
shows	English
simulator	English
simulators	English
single	English
Sitges	English
skate	English
skin	English
slams	English
slasher	English
smart	English
smartbus	English
smartphone	English
smartphones	English
social	English
socialwashing	English
software	English
spaining	English
Spaining	English
spam	English
spoiler	English
sponsors	English
spot	English
stakeholders	English
stand	English
standing	English
star	English
start	English
startup	English
startups	English
stock	English
stocks	English
stories	English
storyboards	English
streaming	English
street	English
Street	English
style	English
syllabus	English
tablet	English
tablets	English
tank	English
tanks	English
target	English
tech	English
ten	English
testers	English
the	English
theatrical	English
think	English
thriller	English
thrillers	English
tier	English
tiktokers	English
token	English
tokens	English
top	English
toys	English
trade	English
trading	English
Trafficker	English
trafficker	English
traffickers	English
troll	English
trolls	English
trustees	English
ultrabooks	English
underground	English
ups	English
usual	English
utilities	English
Video	English
walking	English
Walking	English
wearable	English
wearables	English
webcams	English
welfare	English
workers	English
young	English
Yourself	English
youtuber	English
youtubers	English
zombie	English
zombieing	English
zoom	English