Κωδικός Προϊόντος: 92670 Αδιάβροχη τσάντα με κλείσιμο με κλικ και προσαρμόσιμο λουρί.	145.27499389648438
Ηχοσύστημα Θα υπάρξει χρόνος για πάρτι και χρόνος για απαλή μουσική!	107.69589233398438
Σε μπολ αναμειγνύουμε τη σάλτσα με τα ζυμαρικά.	105.09830474853516
Στο μπάνιο περιλαμβάνονται στεγνωτήρας μαλλιών, πετσέτες και προϊόντα περιποίησης.	107.80713653564453
Ο ετεροφυλόφιλος γάμος είναι κάτι πάρα πάνω από σεξουαλική οικειότητα, και όποιος είναι παντρεμένος για αρκετό διάστημα θα σας πει πως το σεξ είναι το πρώτο πράγμα που εξαφανίζεται όταν χαθεί ή παραβιασθεί η πνευματική και συναισθηματική οικειότητα.	266.38531494140625
Τα άτομα που δεν έχουν εμφανίσει ποτέ συμπτώματα ή δεν έχουν εμφανίσει συμπτώματα για τουλάχιστον 2 ημέρες μπορούν να τερματίσουν την περίοδο αυτοαπομόνωσής τους μετά από 5 ημέρες, εάν εκτελέσουν αρνητικό αποτέλεσμα σε μοριακό τεστ ή σε ένα γρήγορο τεστ αντιγόνου.	273.32574462890625
Η απάντηση φωλιάζει στις παιδικές αυτές δημιουργίες, συνιστά το χαρούμενο και φωτεινό μυστικό, που επιτρέπει σε μας τους ενήλικες να πούμε, παρέα με τους μικρούς δημιουργούς: Ναι!	236.1908721923828
Η τεχνητή νοημοσύνη και το ίντερνετ των πραγμάτων έχουν ενισχύσει σημαντικά την συνδεσιμότητα μεταξύ ανθρώπων και συσκευών.	123.82421112060547
Σε όλους όσοι τερματίσουν, θα δοθεί αναμνηστικό μετάλλιο και δίπλωμα του αγώνα, το οποίο θα έχουν την δυνατότητα να το κατεβάσουν από την ιστοσελίδα του αγώνα μετά την ανάρτηση των επίσημων αποτελεσμάτων.	184.62669372558594
Αν μιλάτε καλά αγγλικά και έχετε φιλοδοξίες να συνεχίσετε μια καριέρα σε μια ξένη χώρα, η Ιρλανδία θα ήταν η καλύτερη επιλογή το 2020.	140.4374237060547
Η φαρδιά λωρίδα υποστήριξης στο κάτω μέρος του σουτιέν υποκαθιστά επαρκώς τις μπανέλες και τα σύρματα που προσφέρουν έξτρα υποστήριξη και ανόρθωση του στήθους.	225.83935546875
Ο ρόλος που διαδραματίζει στο χώρο του εμπορίου είναι αναμφισβήτητα σημαντικός, όχι μόνο σε εθνικό αλλά και σε παγκόσμιο επίπεδο.	115.21968841552734
Επικοινωνία Στείλτε μας τις απόψεις και τις ερωτήσεις σας συμπληρώνοντας την παρακάτω φόρμα και θα επικοινωνήσουμε μαζί σας.	106.93004608154297
Ποιότητα εφάμιλλή των ΟΕ: η γκάμα μας με περισσότερα από 25.000 εξαρτήματα συμπληρώνεται από την εγγύηση ότι κάθε προϊόν πληροί τις ΟΕ προδιαγραφές.	231.4743194580078
Ειδικότερα, το πρόγραμμα στοχεύει στο να προσφέρει στην ολοκλήρωσή του: α) μία περιγραφή των τρεχουσών δυσκολιών που βιώνουν τα παιδιά όπως αυτά αποτυπώνονται στη σχολική φοίτηση (σύμφωνα με τις αναφορές των διευθυντών των σχολείων), β) μια λεπτομερή και παρουσίαση των καλών πρακτικών των εκπαιδευτικών όπως θα αναδυθούν μέσα από ημι-δομημένα πρωτόκολλα συνεντεύξεων, γ) μία ηλεκτρονική πλατφόρμα με εκπαιδευτικό υλικό και εργαλεία διαθέσιμα ως ένα σύστημα υποστήριξης για τους εκπαιδευτικούς με βάση την έρευνα που προηγήθηκε, και δ) μία καλά οργανωμένη διαδικασία διάχυσης και αξιοποίησης των αποτελεσμάτων βασισμένη στη συνεργασία φορέων, δικτύων και εμπειρογνωμόνων έτσι ώστε να εξασφαλιστούν μεγάλης διάρκειας αποτελέσματα.	652.1732177734375
Στερεώστε τη βάση για κούπα στον σκελετό για να έχετε πάντα δίπλα σας καφέ ή άλλα ροφήματα.	143.13226318359375
αίθουσα υποδοχής: χώρος υποδοχής με καθιστικό, πρόσβαση σε υπολογιστές & ασύρματο διαδίκτυο, τηλεόραση μεγάλης οθόνης, γωνιά με θυρίδες ασφαλείας και βιβλιοθήκη όπου μπορείτε ελευθέρα να δανειστείτε βιβλία της αρεσκείας σας	262.4028015136719
Κατοικίδια Τα ζωάκια σας είναι καλοδεχούμενα στο καμπινγκ χωρίς επιπλέον χρέωση, αλλά πρέπει να τα φροντίζετε εσείς και να τα κρατάτε από το λουρί τους.	186.9315948486328
Προσέξτε, τον χυτό σφυρήλατο σίδηρο, που δημιουργεί τον μπαλκόνι (εξώστη).Πορεία στο χρόνο: Κατά τη διάρκεια της οθωμανικής κυριαρχίας, το κτίριο χρησίμευε, για μικρά διαστήματα, ως έδρα του Ελληνικού Προξενείου.	288.5164794921875
2018, Προσθήκη κλειστού χώρου μπάρμπεκιου,χώρου πάρκινγκ και διαμόρφωση περιβάλλοντοας χώρου ιδιοκτησίας Μπουζάνη Βιργινίας στον Βόλο.	202.39932250976562
Χρησιμοποιείστε σε καθαρή, νωπή επιδερμίδα επαρκή ποσότητα σε πρόσωπο και λαιμό, κάνοντας απαλό μασάζ 2-3 λεπτά, αποφεύγοντας την περιοχή των ματιών.	220.16708374023438
Στην οθόνη θα εμφανιστεί μια λίστα ξενοδοχείων, δίπλα στην οποία θα αναφέρεται το κόστος κράτησης για κάθε ξενοδοχείο.	122.55132293701172
Η Απολογία του Σωκράτη είναι μια ευχάριστη και γεμάτη χιούμορ δραματοποίηση της περίφημης υπεράσπισης του μεγάλου φιλόσοφου και ηθικού δάσκαλου μπροστά στο Αθηναϊκό δικαστήριο το 399 π.Χ.	192.47866821289062
Όταν μπείτε στο καφέ που υπάρχει στο ξενοδοχείο για να πάρετε το κλειδί του δωματίου σας, θα νιώσετε σίγουρα το κύμα ζέστης που προσφέρει το τζάκι που καίει στην άκρη του χώρου, ενώ πίσω απ' το μπαρ θα δείτε την κυρία Μαρία με τον άντρα της Γιώργο να φτιάχνουν τα καφεδάκια των πελατών με μεράκι και χαρά.	312.0145263671875
Το μικρό βάθος κατασκευής και οι λεπτές γραμμές του ορατού προφίλ προσφέρουν τα καλύτερα πλεονεκτήματα για ανακαινίσεις.	139.00804138183594
Γωνιακή μεζονέτα 150τμ στο Λυκαβηττό με απεριόριστη θέα.	102.44892883300781
Είναι μερικώς επιπλωμένη, κατασκευασμένη το 1950 και διαθέτει πανέμορφη θέα στο βουνό, αρκετές εξωτερικές θέσεις στάθμευσης, ενεργειακή κλάση Η, δάπεδα από πέτρα-με μουσαμά.	230.63160705566406
Το ντοκιμαντέρ διαπραγματεύεται τις ιδέες της νησιωτικότητας, κινητικότητας και διαχρονικής ανθρώπινης παρουσίας στο Αιγαίο	125.95655059814453
Αποτελεί για εμάς έναν καινούριο σταθμό από τον οποίο θα είμαστε σε θέση να εξερευνήσουμε επιπρόσθετες δυνατότητες, να υποδεχθούμε και άλλους νέους ανθρώπους στην ομάδα μας, φιλοξενώντας περισσότερο ταλέντο και πάθος για να υπηρετήσουμε ακόμη καλύτερα την αποστολή μας να προσφέρουμε εξαιρετικές υπηρεσίες και προϊόντα ψυχαγωγίας.	283.974853515625
Ένας εκπληκτικός μάρσιπος για να μπορείτε να κινήστε άνετα ενώ κάνετε δουλειές, βόλτα ή ψώνια!	141.0934295654297
Ασκήσεις γρήγορου σκίτσου σε μικρότερα μεγέθη, που επεκτείνονται και σε μελέτες φύσης σε εξωτερικό χώρο, με στόχο να χρησιμοποιείται το σκίτσο ως μέθοδος εξάσκησης στο σχέδιο, ως προπαρασκευαστικό εργαλείο για μεγαλύτερες μελέτες, ως τελικό αυτόνομο έργο, αλλά και ως εργαλείο επίλυσης εικαστικών προβλημάτων.	301.0408020019531
Τα σκεπάζετε με ελαιόλαδο, ανακατεύετε το βάζο και το αφήνετε να μαρινάρεται επί τρεις εβδομάδες.	161.42807006835938
Τα παυσίπονα ή ένα ζεστό μπάνιο πριν από τον ύπνο μπορούν να ανακουφίσουν τον πόνο και τη δυσκαμψία. Το κρεβάτι πρέπει να υποστηρίζει καλά το σώμα και να είναι αναπαυτικό.	213.85169982910156
Το να εργάζεσαι σήμερα σε ένα κανάλι είναι πολύ σημαντικό, όχι μόνο για τη δουλειά που κάνεις εκεί αλλά για αυτό που προσφέρεις στον κόσμο που σε παρακολουθεί.	141.7300567626953
Ιδέα: Μη βλέπεις μόνο δυο επιλογές: μοντέρνος (άρα αποδεκτός) ή ντεμοντέ (άρα μη αποδεκτός). Σκέψου μια τρίτη επιλογή: σίγουρος για τον εαυτό σου και τις επιλογές σου.	214.74642944335938
Τι θα συμβεί αν ο παπαγάλος τρώει κρεμμύδια;	72.22172546386719
Έχουν επίπλωση σε απαλές μοβ αποχρώσεις και μια μικρή κουζίνα με 2 μαγειρικές εστίες, μίνι ψυγείο και τραπεζαρία Πρόσθετες Πληροφορίες	217.2744140625
Με το έργο του αυτό βοήθησε στην ανάπτυξη μιας διακριτής, αγγλόφωνης ποιητικής παράδοσης στην πατρίδα του, η οποία ως τότε εκφραζόταν στα γαελικά, και καθιερώθηκε ως εθνικός βάρδος της Ιρλανδίας.	239.3355255126953
Εάν το σενάριο σας προβλέπεται να εκτελεστεί σε μια εικόνα που έχει επεξεργαστεί, θα θέλετε να το εισάγετε στο μενού του παραθύρου εικόνας.	137.8438720703125
Αν τα σανδάλια ή παπούτσια σας έχουν διακοσμηθεί, κάνετε προσεχτική χρήση, μην φοράτε τα χειροποίητα υποδήματα σας πχ στην παραλία στην άμμο, ενώ κάνετε ποδήλατο, σπορ κτλ	231.0022735595703
Η περιοχή του Παγκρατίου είναι γνωστή για την εύκολη πρόσβαση στο κέντρο της πόλης (σήμερα εξυπηρετείται από τον σταθμό του μετρό Ευαγγελισμός), τα καλά εστιατόρια και τις συνοικιακές ταβέρνες.	172.83282470703125
Φέρει νέο υδροδυναμικό σχεδιασμό, τζάμι μπροστά για τον οπτικό έλεγχο των φίλτρων και χαμηλή τάση λειτουργίας - κατανάλωση ενέργειας.	165.24331665039062
Εδώ πρέπει με προσοχή να εισάγουμε ένα λεπτό ίσιο κατσαβίδι ακριβώς ανάμεσα στο κάθε κλιπ και στο κομμάτι της οροφής και να μετακινήσουμε προς τα κάτω το πλαστικό καπάκι του κλιπ.	222.258056640625
Τον μικρό μαθητή βρήκε σε κατάσταση σοκ η μητέρα του στην αυλή του σχολείου μετά το σχόλασμα.	127.78215789794922
Το προϊόν είναι κατάλληλο για όσους θέλουν να δημιουργήσουν ματ μακιγιάζ με μέτρια αδιαφάνεια.	109.60470581054688
Η καλύτερη στιγμή για να βάλεις ένα εντυπωσιακό ζευγάρι σκουλαρίκια ή ένα ακριβό κολιέ είναι εκείνη που δεν θα νιώθεις και τόσο σπουδαία.	175.09237670898438
Αν και το δολάριο πέρασε και τυπικά το 1900 στον κανόνα χρυσού, η χρήση του κανόνα χρυσού και αργύρου σταμάτησε ντε φάκτο το 1873 όταν ο νόμος περί νομισμάτων του 1873 ανέστειλε την κοπή του αργυρού δολαρίου 412.5 κόκκων, το μόνο νόμιμο χρήμα που μπορούσαν οι κάτοχοι του να το μετατρέψουν από χρυσό σε απεριόριστες ποσότητες αργύρου.[33] Αυτή η απόφαση έγινε την δεκαετία του 1870 όταν ξεκίνησε ο πυρετός του αργύρου.	476.1340026855469
Έργα όπως η προαστιακή σιδηροδρομική σύνδεση με το νέο διεθνές αεροδρόμιο ή το παραλιακό τραμ της πρωτεύουσας, κατασκευάστηκαν μόνο με επιμονή της Διεθνούς Ολυμπιακής Επιτροπής, ενώ στις κατασκευές που θωρακίστηκαν νομικά με ειδικές παρεκκλίσεις ως Ολυμπιακά Έργα περιλαμβάνονται εμπορικά κέντρα που λειτούργησαν... 1,5 χρόνο μετά τους Αγώνες.	370.6495056152344
Το ερώτημα είναι, πρέπει η επιχείρησή σας να επενδύσει τους πόρους της σε μια εσωτερική έναντι εξωτερικής ομάδας; Πλεονεκτήματα Τα πλεονεκτήματα της εσωτερικής ομάδας μάρκετινγκ ή του υπαλλήλου περιλαμβάνουν: Εξοικείωση με τη μάρκα Όταν έχετε μια εσωτερική ομάδα μάρκετινγκ ή έναν υπάλληλο, γνωρίζουν την επωνυμία σας, η οποία ενημερώνει όλες τις αποφάσεις μάρκετινγκ και το υλικό τους.	365.90106201171875
Ανάδειξε τις καμπύλες σου, με ένα ολόσωμο μαγιό με έντονο ντεκολτέ ή ένα μπικίνι με εντυπωσιακό πάνω μέρος και ανοιχτόχρωμα χρώματα.	214.7745819091797
Ακόμα θα χρειαστείτε λιγότερο χρόνο για να ολοκληρώσετε τον καθαρισμό με μια ηλεκτρική σκούπα με επιδόσεις απόδοσης καθαρισμού που θα περιμένατε από μια μεγαλύτερη ηλεκτρική σκούπα.Μπορείτε να ρυθμίσετε εύκολα την ισχύ του μοτέρ αναρρόφησης για να καλύψετε τις συγκεκριμένες ανάγκες καθαρισμού σας και τα με εξαρτήματα τα οποία είναι βολικά αποθηκευμένα επί της σκούπας έχοντας μεγάλη ευκινησία αλλά και ένδειξη αλλαγής φιλτρόσακκου η εργασία του καθαρισμού δεν θα μπορούσε να γίνει ευκολότερη.	479.4850158691406
Έχω την αίσθηση ότι αυτό είναι το καλύτερο άλμπουμ σας εδώ και κάτι χρόνια.	86.81375122070312
Πρακτικά το κεχριμπάρι επιπλέει σε αλατισμένο νερό.	105.36076354980469
Είναι σχεδόν όλοι με ένα ύφος μπλαζέ τύπου α άλλος ένας θάνατος στην οικογένεια, οκ, πάμε για ποτό; (ούτε τα βορειοευρωπαϊκά δράματα έτσι).	234.92127990722656
Το μπουκέτο που παρουσιάζεται περιλαμβάνει 15 κόκκινα τριαντάφυλλα και 9 κλαδιά Λευκών Χρυσάνθεμων.	134.80776977539062
Η σουίτα περιλαμβάνει μπανιέρα υδρομασάζ, δική της τραπεζαρία και ιδιωτικό μπαλκόνι και αξεσουάρ ομορφιάς.	145.153076171875
Χειροποίητα κεντήματα, φλουριά, φούντες, πούλια, μέχρι ολόκληρα σκουλαρίκια και χίντι υφάσματα!	166.9628143310547
Τζιν μπουφάν για ένα κορίτσι.	63.4024658203125
Σάς λένε ότι έχετε μάγια ή κάτι ανάλογο και σάς ζητάνε χιλιάδες ευρώ για να τα λύσουν.	130.68092346191406
Ζεστό και άνετο χώρο αναμονής για να απολαύσετε τον καφέ σας, να δείτε τηλεόραση ή να διαβάσετε ένα περιοδικό, αναμένοντας για το ραντεβού σας ή τον ασθενή που συνοδεύετε.	185.40501403808594
Σε ένα φλιτζάνι ανακατώνουμε το κρύο νερό με τη ζελατίνη. Αφήνουμε 5 λεπτά για να μαλακώσει η ζελατίνη.	155.50462341308594
Όλοι αυτοί είναι εκείνοι που χρεωκόπησαν τη χώρα και την παρέδωσαν στα μνημόνια των πιστωτών ενώ οι πιο δραστήριοι στο σαμποτάζ παριστάνουν τους αρχηγούς της αντίστασης.	202.9782257080078
Τώρα ο κονέκτορας θα βρίσκεται μόνιμα στην θύρα φόρτισης του κινητού σας και το μόνο που θα πρέπει να κάνετε στο εξής είναι να πλησιάζετε την άλλη άκρη του καλωδίου κοντά του ώστε με τον ειδικό μαγνητικό πόλο του να συνδέετε ακριβώς στο σημείο που πρέπει από μόνο του!	333.5362243652344
Ο Χρήστος Αλαβέρας, με μεγάλη δεξιοτεχνία χειρίστηκε το κάρβουνο μέχρι εξαντλήσεως του χαρτιού, αναδεικνύοντας μορφές χωρίς να χάνει την ισορροπία μεταξύ πλήρους και κενού, άσπρου και μαύρου, γραμμής και φόρμας.	277.2432556152344
Το λεύκωμα που κρατάτε στα χέρια σας αποτελεί καλλιτεχνικό ντοκουμέντο μιας χρονιάς-σταθμού για την ανθρωπότητα.	136.1516876220703
Ένα κιτ επείγουσας υγειονομικής περίθαλψης βρίσκεται στη ρεσεψιόν (θερμόμετρο, μικροβιοκτόνο απολυμαντικό / μαντηλάκια για επιφάνειες, απολυμαντικό τζελ, μάσκες προσώπου, γάντια μιας χρήσης, προστατευτική ποδιά μιας χρήσης, σακούλα απορριμμάτων μίας χρήσης), καθώς και πληροφορίες για γιατρούς και νοσοκομεία.	423.1170959472656
Θέλω να συνεχίσω να προπονούμαι με την ομάδα ως το τέλος της σεζόν και να μην τα παρατήσω.	100.0064926147461
Από τη στιγμή λοιπόν που πιάνουν από μόνες τους αρκετό χώρο γιατί να μην τις χρησιμοποιήσουμε; Βάλτε μία επένδυση από χαρτί περιτυλίγματος αν η βαλίτσα είναι παλιά και λίγο αρωματικό λεβάντας για να απομακρύνετε τα έντομα.	318.9592590332031
Η στρατιωτική χούντα είχε προηγουμένως εκδώσει ένταλμα σύλληψής του στις 13 Φεβρουαρίου 2021 λόγω των αναρτήσεων του στα μέσα κοινωνικής δικτύωσης, οι οποίες ήταν επικριτικές για το στρατιωτικό πραξικόπημα της χούντας που έλαβε χώρα λίγες ημέρες πριν.	235.96400451660156
Η βεράντα που διαθέτει το κάθε στούντιο μας θα είναι το καλύτερο μέρος για να χαλαρώσετε και να πιείτε ένα κρασί με θέα μερικά από τα καλύτερα ηλιοβασιλέματα.	175.05870056152344
Τα θερινά σινεμά της πόλης σας περιμένουν κάθε βράδυ με ταινίες για όλα τα γούστα.	108.71965789794922
Ξεκινήστε εύκολα με μια χρεωστική/πιστωτική κάρτα ή ένα ηλεκτρονικό πορτοφόλι.	110.08604431152344
Εκδρομή με καΐκι στην Σαντορίνη	72.19769287109375
Στερεώνεται απευθείας στον τοίχο από γυάλινη κουρτίνα χωρίς αλλαγή της δομής του κτιρίου.	127.4934310913086
Να εξετάζετε κριτικά πώς το ρεπορτάζ ειδήσεων σε διάφορα μέρη του κόσμου διαμορφώνεται από τα διαφορετικά πολιτιστικά, πολιτικά και οικονομικά περιβάλλοντα	143.04612731933594
Εάν παρόλα αυτά τσιμπήσει ο σφήκας, το πρώτο βήμα είναι να θεραπεύσετε αμέσως την πληγή.	137.0500030517578
Το φάσμα των δραστηριοτήτων της Αίθουσας Τέχνης Νέες Μορφές υπήρξε ευρύ: Φιλοξένησε πολλές ατομικές εκθέσεις καθιερωμένων και νέων καλλιτεχνών, καθώς και ομαδικές εκθέσεις, στο χώρο της γκαλερί αλλά και σε άλλα εκθεσιακά κέντρα.	235.25173950195312
Εταζέρα με ντουλάπι και χώρους αποθήκευσης και οργάνωσης.	106.05061340332031
Ο φρέσκος χυμός λεμονιού, καθώς και μια μικρή ποσότητα βιολογικού φυσικού ξυδιού συμπληρώνουν την γευσιγνωστική παλέτα των Ανάλατων ελιών Καλαμών.	240.85134887695312
Υπήρχε σε δύο παραλλαγές: στον ναυτικό με το μαύρο μούσι και τον σκούρο επενδύτη και σε εκείνον με το άσπρο μούσι και την κίτρινη νιτσεράδα.	197.02049255371094
Πειστείτε και μόνοι σας, ακούστε ακόμη περισσότερες ιστορίες και δοκιμάστε το καλύτερο καφέ στο μέρος αυτό, καφέ για κέφι στο κέφι του Χασάν.	181.6294403076172
Από πορτοκαλί ρουζ και κοραλλί κραγιόν μέχρι τιρκουάζ και κίτρινη σκιά.	151.6016387939453
Όταν επικεντρώνουμε το βλέμμα μας σε αντικείμενα κοντινής απόστασης, για μεγάλο χρονικό διάστημα, ενδέχεται να μας οδηγήσει σε οπτική κόπωση. Είτε εργάζεστε κάτω από το καπό του αυτοκινήτου σας, είτε κάνετε κάποια ξυλουργική εργασία, σίγουρα έχετε βιώσει αυτό το αίσθημα.	275.1513977050781
Το λιμάνι, ο κεντρικός σταθμός των λεωφορείων και η πιάτσα των ταξί βρίσκονται 500μ. μακριά, προσφέροντας εύκολη πρόσβαση στους αρχαιολογικούς χώρους της Ρόδου, όπως είναι η μεσαιωνική παλιά πόλη και το λιμάνι του Μανδρακίου.	199.8311004638672
Η κουλτούρα της εταιρείας μας που έχει στο επίκεντρο την κοινωνική ένταξη, το επιχειρηματικό πνεύμα και την ομαδικότητα δίνει καθημερινά κίνητρο στους 34.000 εργαζομένους μας.	173.1766357421875
Το διώροφο κτίριο στο κέντρο της Αθήνας όπου βρέθηκε ο κατάλληλος χώρος για να στεγαστεί το ατελιέ της, αποτελεί μια εναλλακτική πρόταση χώρου υποδοχής της μέλλουσας νύφης.	210.0610809326172
Οι περιπατητές θα έχουν την χαρά να περπατήσουν τα καλντερίμια και τα κρυφά μονοπάτια του Μουρεσίου που μέσα από μηλιές, καστανιές κι ένα πυκνό δάσος οδηγούν σε μια βαθειά κοιλάδα όπου την Άνοιξη δυό ορμητικοί χείμαρροι σχηματίζουν καταρράκτες οι οποίοι δημιουργούν πανέμορφες λιμνούλες ανάμεσα σε τεράστιους βράχους που είναι στολισμένοι με ένα χαλί από μούσκλια.	475.1015319824219
Όταν συναντήσεις κάποιον εχθρό, πήδα έξω από το παπούτσι και ποδοπάτησέ τον για να κερδίσεις περισσότερα νομίσματα!	150.03990173339844
Τα μασίφ δάπεδα παρέχουν πολύ καλή ηχομόνωση, θερμομόνωση, σταθερότητα στην εναλλαγή των καιρικών συνθηκών, μεγάλη διάρκεια ζωής, καθώς επίσης και την δυνατότητα επένδυσης σκάλας για απόλυτη ομοιομορφία.	251.57232666015625
Με λίγα υλικά όπως φρέσκες φράουλες, φυτική κρέμα, κουβερτούρα και μπισκότα, το αποτέλεσμα θα είναι εντυπωσιακό και πεντανόστιμο.	172.66555786132812
Παιδική βιβλιοθήκη με χώρο για βιβλία και κουτιά αποθήκευσης και ντουλάπι σε μοναδικό σχήμα κορώνα, στη λάκα της αρεσκείας σας!	187.4748992919922
Θέλουμε και μπορούμε να παρέχουμε, πάντα, ένα άριστο αποτέλεσμα στο ρεκτιφιέ μηχανών.	130.06942749023438
Οι απαγωγείς θα αφαιρέσουν τηλέφωνα ή άλλες συσκευές (το εμφυτεύσιμο τσιπ εντοπισμού είναι, μέχρι στιγμής, κάτι που υπάρχει σε κατασκοπικές ταινίες μόνο).	210.11346435546875
Φέτος, το φεστιβάλ θα διαρκέσει 5 μέρες και θα είναι χωρισμένο σε 2 μέρη.	85.26411437988281
Η μοναδική στο είδος της εκπαιδευτική ενέργεια φιλοξενεί υπό την ομπρέλα της πανεπιστήμια, ινστιτούτα, μουσεία, πολιτιστικά και εκπαιδευτικά ιδρύματα, αλλά και γνωστές μη κυβερνητικές οργανώσεις με απίθανες βιωματικές και καινοτόμες δράσεις.	253.2623291015625
Για να τις χρησιμοποιήσετε: Για στενά τουφάκια, περάστε την λαβίδα ανάμεσα σε μερικές βλεφαρίδες (περίπου μισό χιλιοστό) και σηκώστε τις από την τρέσα λίγο πιο πάνω από αυτήν.	249.2603302001953
Είναι επίσης ένας όμορφος τρόπος να προσθέσετε μία παιχνιδιάρικη νότα και το προσωπικό σας στιλ στον χώρο.	131.62684631347656
Προσφέρουμε βασικές δυνατότητες ασφαλείας, ανάμεσα στις οποίες και διακόπτες διάταξης προστασίας από πρόσκρουση κτενοειδούς πλάκας και μπουτόν έκτακτης ανάγκης για επιβάτες.	231.4759979248047
Εφαρμόζεται σε μία στρώση με ρολό ή πινέλο χωρίς αραίωση και χωρίς αστάρι.	132.74282836914062
Μπορεί να χρησιμοποιηθεί σε πολλά πιάτα, όπως σε σαλάτες, ως μεζές σερβιρισμένος με κρασί, σε κυρίως πιάτο ή ως συνοδευτικό ή ακόμα και σε επιδόρπια.	200.91969299316406
Χρειάζεται να μπουν ντουλάπες, φρεσκάρισμα στο βάψιμο του σπιτιού, διόρθωση στα ντουλάπια της κουζίνας και καλοριφέρ για όποιον το επιθυμεί.	215.7224578857422
Ποικιλία Βοστυλίδι, η νέα λευκή ντίβα του Ιονίου με τον μαλακό, γλυκόπιοτο και πληθωρικό χαρακτήρα.	173.18685913085938
Η κεκλιμένη βούρτσα εξυπηρετεί ζώα διαφόρων μεγεθών.	91.35591125488281
Απλώστε ομοιόμορφα σε καθαρά, στεγνωμένα με πετσέτα μαλλιά και στη συνέχεια χτενίστε όπως θέλετε.	156.0157470703125
Πολύ όμορφα χειροποίητα στέφανα γάμου που αποτελούνται από μία βέργα από σφυρήλατο μέταλλο σε ασημί χρώμα.	143.86837768554688
Με τα δάχτυλα μας πιέζουμε τις άκρες του φύλλου για να σχηματίσουμε τη μπορντούρα του φύλλου.	115.92337799072266
Στο πεδίο με τα σχόλια να αναφέρετε ότι πρόκειται για αλλαγή καθώς και το νούμερο από την απόδειξη Λιανικής που είχατε λάβει κατά την αποστολή της παραγγελίας σας.	179.68948364257812
Σετ πετσέτες 3 τεμαχίων, μπάνιου, προσώπου και χειρός, από ύφασμα φροτέ, πενιέ, 100% βαμβακερό, με διακοσμητική δαντέλα με κρόσσι.	263.30108642578125
Τα μυρμήγκια του ασιατικού και του αφρικανικού στρατού ζουν πολύ λιγότερο, αλλά είναι γνωστά για τα άλλα ρεκόρ τους.	133.22811889648438
Η πρακτική κουκούλα βοηθά να παραμένει το παιδί σας ζεστό μετά από ένα ωραίο μπάνιο, ενώ διατηρεί την πετσέτα στη θέση της όταν το παιδί κινείται ή τρέχει ολόγυρα.	204.43838500976562
Το πανόραμα του Ευβοϊκού, οι πανέμορφες παραλίες, και το εντυπωσιακό σύμπλεγμα των νήσων Πεταλιών, περιβάλλουν αυτό το πολυτελές καταφύγιο που είναι εμπνευσμένο από τα στοιχεία της ελληνικής φύσης.	210.00619506835938
Όταν έρθει η ώρα να κοιμηθούν, τοποθετήστε τις τσάντες τους στο καρότσι αποσκευών και κυλήστε το στο παιδικό ασανσέρ που θα τους μεταφέρει στα δωμάτιά τους.	205.8765411376953
Μετά το σόου πήγα στο μπαρ του Ντικ Έντουαρντς για λίγο και μετά γύρισα σπίτι.	151.6044464111328
- Ο σεφ του ξενοδοχείου Ορφέας μπορεί επίσης να προετοιμάσει για εσάς οποιοδήποτε διεθνές μενού επιθυμείτε με δική σας επιλογή!	165.0464630126953
Μέχρι στιγμής, το ντεμπούτο έγινε στην Ινδία.	70.05597686767578
Κονίαμα: υγρό ανάμιξης = 2:1 Εφαρμόζεται με βούρτσα 20 περίπου λεπτά πριν πέσει το νέο μπετόν ή κονίαμα	206.74302673339844
Σετ γάμου καράφα κρυσταλλίνης και ποτήρι στολισμένα με κομψά φιογκάκια από σατέν και βαμβακερή δαντέλα μόκα-χρυσή ποσότητα	251.29600524902344
Προσθέστε τα σοταρισμένα λαχανικά, το ξυλάκι της κανέλας, τα φύλλα δάφνης, το κύμινο και την πάστα ντομάτας.	171.7383270263672
Ένα μεγάλο μπράβο στην Παρέα των Φύλλων που για ακόμη μια φορά έφερε την αποστολή της εις πέρας!	122.0552978515625
Οι επίπεδοι υαλοκαθαριστήρες της εταιρείας μας προσφέρουν την τέλεια προσαρμοσμένη εφαρμογή στο παρμπρίζ ενός οχήματος, έτσι ώστε οι οδηγοί και οι επιβάτες να απολαμβάνουν τη βέλτιστη ασφάλεια και απόδοση.	215.65322875976562
Η δημοκρατία - ένα μάλλον πολύπλοκο παζλ στο οποίο θα πρέπει να περάσουν από όλα τα στάδια των εκλογών για να γίνει πρόεδρος.	150.48477172851562
Ξέρουμε πολύ καλά ότι η ευρωπαϊκή σοσιαλδημοκρατία είναι πλέον πειστική μονό όταν μιλάει ταυτόχρονα για παραγωγή, ανταγωνιστικότητα, συνοχή και αναδιανομή.	183.7845458984375
Ήξεραν από χριστιανούς φίλους τους ότι οι μητέρες πήγαιναν να προσευχηθούν ευλαβικά στην Παναγία για τα άρρωστα παιδιά τους ανάβοντας λαμπάδες ίσαμε το μπόι τους!	240.19970703125
Όμως στη συγκεκριμένη περίπτωση παρατήρησα ότι η βίδα που πουλούσαν μαζί με το πόμολο ήταν πολύ ψηλή σε σχέση με το πάχος από το καπάκι του κουτιού.	182.6846923828125
Τόσο οι ντεγκραντέ όσο και οι πολωμένοι φακοί μειώνουν την καταπόνηση των ματιών, αλλά με διαφορετικούς τρόπους.	152.48822021484375
Η εργασιακή ευελεξία κι η ελευθερία από τα δεσμά των οικογενειακών υποχρεώσεων κι ιεραρχικών θεσμών που υποσχόταν η επιχειρησιακή αντικουλτούρα, η οποία έφτασε στο ζενίθ της τη δεκαετία του 1990, αποδείχτηκε να σημαίνει αυξανόμενη επισφάλεια και την πτώση στον πάτο του βιοτικού επιπέδου.	358.7223205566406
Πείτε τους μια κουβέντα ενθάρρυνσης.	77.33338165283203
Εάν παρατηρήσετε οτιδήποτε, (ξεθωριασμένο καλώδιο, γλόμπος που έχει λήξει κ.λπ.) επικοινωνήστε με έναν Βοηθό Εργαστηρίου ή τον Τεχνικό της παραγωγής.	216.9937744140625
Η σούπα από τα βρασμένα κόκαλα με τα ψαχνά αποτελεί το βασικό φαγητό του δείπνου που ακολουθεί. Στο τραπέζι συμμετέχουν όλοι όσοι βοήθησαν στα χοιροσφάγια.	205.70314025878906
Βοήθησέ τους να φορτώσουν τα δεμάτια άχυρο στη σοφίτα του αχυρώνα χρησιμοποιώντας το βίντσι.	157.7829132080078
Ένα καλούπι αποτύπωσης για την κατασκευή ενός ρεαλιστικού φλοιού δέντρου.	105.88860321044922
Οι παίκτες πρέπει να ολοκληρώσουν κάθε πίστα στη σείρα χωρίς παράκαμψη.	99.2287826538086
Η συγκεκριμένη λειτουργία, μετά την απασφάλιση του μηχανικού/ηλεκτρικού χειρόφρενου, συγκρατεί το φρένο για λίγα δευτερόλεπτα όσο ο οδηγός μετακινεί το πόδι από το φρένο στο γκάζι, ώστε να αποφευχθεί η κύλιση προς τα πίσω.	268.8428649902344
Η παραλία Πλατύς Γιαλός είναι η κοσμικότερη πλαζ του νησιού.	98.16943359375
Κατασκευή του 2005 με αρκετά μέτρα βιτρίνα προβολής (τζαμαρία).	115.81302642822266
Άν αποφασίσετε να δώσετε περισσότερες απο 2 ημέρες ρεπό στην ομάδα σας, τότε η ομαλή επανένταξη της θα πρέπει σίγουρα να σας απασχολήσει.	198.19654846191406
Θεωρεί πως άγνωστοι, τού έστησαν παγίδα μέσα στο υπόγειο γκαράζ της πολυκατοικίας όπου έμεναν, τον αιφνιδίασαν και τον εξαφάνισαν.	201.93853759765625
Υπάρχουν δυο διαμερίσματα με δυο υπνοδωμάτια στο ισόγειο (καθένα με διπλό και μονό κρεβάτι), τα οποία περιλαμβάνουν πλήρως εξοπλισμένη κουζίνα (με ψυγείο, τοστιέρα, ηλεκτρικά μάτια, φουρνάκι, καφετιέρα, βραστήρα, κλπ.) και τουαλέτα με ντουζ για κάθε υπνοδωμάτιο.	284.92572021484375
Παγωμένο σιντριβάνι Ο θρυμματισμένος πάγος που εφαρμόζεται μετά από κάθε θερμή θεραπεία προσφέρει απόλυτη αίσθηση δροσιάς	181.44259643554688
Διασχίζουμε το παρτέρι κατά μήκος (με κατεύθυνση ανατολικά).	99.49132537841797
Η θνησιμότητα του είναι περίπου 6% παγκοσμίως και τα τσιμπούρια που διαθέτουν μια τέτοια τοξίνη βρίσκονται επίσης στην Ευρασία, αν και είναι κυρίως ζώα που υποφέρουν από αυτά και τα σημάδια του σπάνια ανιχνεύονται σε ανθρώπους στην Ευρώπη και στο μεγαλύτερο μέρος της Ρωσίας.	307.2582702636719
Τα έβλεπα στους κεντρικούς δρόμους της Θεσσαλονίκης, στο Κολωνάκι, σε μικροσκοπικές μπουτίκ στη Μύκονο, στη Σαντορίνη, στη Μήλο, και φούσκωνα από περηφάνια, γιατί ήξερα ότι υφαίνονται στην ιδιαίτερη πατρίδα μου.	271.1603698730469
Τα πρώτα πούλμαν ξεκίνησαν την Τετάρτη 16 Ιουνίου, προς την Πειραιώς 260.	111.11664581298828
Γιατί όμως το πιπέρι είναι τόσο ξεχωριστό μπαχαρικό με ιδιότητες που θα ζήλευαν και τα βοτανα;	156.63211059570312
Πρόκειται για βιοκλιματική πέργκολα και είναι ένα πρωτοποριακό σύστημα εξ' ολοκλήρου από αλουμίνιο με περιστρεφόμενες περσίδες το οποίο παρέχει προστασία από την ηλιακή ακτινοβολία σε συνθήκες ηλιοφάνειας αλλά και από την βροχή με σύστημα ελεγχόμενης απορροής υδάτων.	304.20904541015625
Ένα ατού αυτής της κατασκευής είναι ότι αφήνει να περνά από μέσα της το φως και τα χρώματα του φυσικού περιβάλλοντος, δίνοντάς της μια όψη χαμαιλέοντα!	202.73062133789062
Μεταξύ αυτών, φορεσιά της κυρα-Φροσύνης, πορτοφόλι της κυρα-Βασιλικής, καριοφίλι του Αλή Πασά, σημαία-λάβαρο από την Ήπειρο, σπάθη του Ζαχομήλιου, πίπα του Αθανασίου Τσακάλωφ, πινακίδα με αναγραφή από τα χέρια του Μάρκου Μπότσαρη.	389.77227783203125
Σε αυτό, μπορείτε όχι μόνο να αλλάξετε την ποιότητα του έφηβη γκέι πορνό βίντεο κατά τη διάρκεια της παράστασης, αλλά και να αλλάξετε την ταχύτητά του εάν μια συγκεκριμένη στιγμή σας φαίνεται βαρετή, αυτή είναι μια εξαιρετικά χρήσιμη λειτουργία.	237.97601318359375
Δεν υπάρχει καμία ένδειξη ότι το άτομο που ανέβασε τηνν παρτιτούρα πήρε/έχει άδεια για να υποβάλλει το αρχείο.	155.74110412597656
Η ενότητα δημόσια έκδοση χρησιμοποιείται συνήθως στην αγορά, με αποτέλεσμα η λάμπα και η μονάδα Η μάσκα να μην ταιριάζουν σοβαρά.	169.52195739746094
Το χειμώνα θα τον βρείτε να αναζητά νέους προορισμούς σκι στην Ελλάδα και στο εξωτερικό.	106.25263977050781
Θα ανέβουν ήρεμα στο ταβάνι και θα αρχίσουν να πηδούν πάνω σου από ψηλά.	124.80350494384766
Σε θρίλερ για γερά νεύρα εξελίσσεται η εξαφάνιση του ταμία στο Δήμο Αρτέμιδος- Σπάτων.	153.11709594726562
Στη φάρμα προσφέρουν αναψυκτικά, καφέ, σνακς, αλλά και παραδοσιακά προϊόντα.	106.34966278076172
Κάθε γυναίκα έχει το δικό της γούστο στα ρούχα, στα αξεσουάρ και τα παπούτσια και παίρνει πληροφορίες από πολλές πηγές.	130.3251953125
Η κόρνα ενεργοποιείται χρησιμοποιώντας το κουμπί στην αριστερή χειρολαβή.	107.64827728271484
Ο βραχίονας ασφαλίζει σταθερά στο ταμπλό ή στο παρμπρίζ του αυτοκινήτου και έτσι μπορεί να καλύψει διαφορετικές ανάγκες και εγγυάται ότι η συσκευή σας θα παραμείνει στην θέση της.	213.81268310546875
Γνωριμία με τα αυτοφυή φυτά της χλωρίδας της Μεσογείου με σημαντική βοτανική και φυτοθεραπευτική αξία.	123.77435302734375
Αφήνουμε το αυτοκίνητο στην είσοδο του χωριού -δεν επιτρέπονται οχήματα εντός του οικισμού- και ακολουθούμε το κεντρικό καλντερίμι που οδηγεί στην πλατεία περνώντας από υπέροχα αναπαλαιωμένα κτίσματα.	247.08692932128906
Χειροποίητο κολιέ με πλακέ αλυσίδα απο μαργαριτάρια και κρυσταλλάκια σε σχήμα φύλλου,σε μπλέ-χρυσή απόχρωση. Χειροποίητα κοσμήματα κατασκευασμένα από ασήμι και ημιπολύτιμους λίθους. Εμπνευσμένα απο την Αντζελίνα.	308.73876953125
Συνήθως απαιτείται ένα μίνιμουμ 10 συνεδριών, για να υπάρξει ουσιαστικό όφελος.	123.78520202636719
Προσφέρεται το μοναδικό σύστημα μετακινούμενου άξονα με κινούμενη παντιέρα για κάθετη λειτουργία ρολλών με μεγάλο ύψος και με μεγάλη διάμετρο.	160.62855529785156
Κατά συνέπεια, εάν ο ιδιοκτήτης του αυτοκινήτου ρίχνει αραιωμένη βενζίνη στη δεξαμενή, αλλά το ποσοστό των απωλειών μπορεί να αυξηθεί.	170.47305297851562
Αυτόνομη θέρμανση, εσωτερικό τζάκι, μπάρμπεκιου και απέχει 30 μέτρα από την θάλασσα με μεγάλη αυλή και μεγάλο μπαλκόνι	168.47300720214844
Αρθρωτός σχεδιασμός για ευελιξία και προσαρμοστικότητα:Αυτός ο ανακλινόμενος γωνιακός καναπές αρθρωτού σχεδιασμού έχει 5 τμχ.	172.7637481689453
Στην δεύτερη περίοδο, ο ΠΑΟΚ είχε το προβάδισμα, βρίσκοντας λύσεις στην επίθεση με τους Βαγγέλη Μαργαρίτη και Λίνο Χρυσικόπουλο, ωστόσο ο Ολυμπιακός έτρεξε ένα σερί 7-0 στο τελευταίο δίλεπτο και έκλεισε το πρώτο ημίχρονο έχοντας προβάδισμα 2 πόντων (36-34).	313.93975830078125
Εύχαντρο κομπολόι από κεχριμπάρι Βαλτικής σε σαμπανιζέ και κονιάκ χρώμα, με εξαρτήματα από ασήμι 925 και χρυσό Κ_9 & Κ_14.	274.7730712890625
6 Νοεμβρίου - Απαρτχάιντ: η Γενική Συνέλευση του Οργανισμού Ηνωμένων Εθνών περνάει ψήφισμα που καταδικάζει τις πολιτικές του απαρτχάιντ στη Νότια Αφρική και καλεί όλα τα κράτη μέλη του Ο.Η.Ε. να διακόψουν τις στρατιωτικές και οικονομικές σχέσεις με τη χώρα.	244.04603576660156
Μιλήστε με σαφήνεια, ελαχιστοποιήστε τη χρήση της φρασεολογίας, εξαλείψτε το αργκό	125.851806640625
Χρώματα: 0400 μαύρο, 2800 ανοιχτό γκρι μελανζέ	107.12899017333984
Ποιος θα φτάσει στο τέλος, εάν κάθε φορά το πιόνι κινείται 1 ή 2 βήματα μπροστά;	116.62041473388672
Έπλυναν όλα τα πράγματα και τα έβαζαν σε σακούλες στο κρύο και μετά έβαφαν ό,τι μπορούσαν με μπογιά που στεγνώνει για 3 μέρες.	187.1900634765625
Όταν η λάμα έρχεται στην ανοικτή θέση το έμβολο ελατηρίου σπρώχνει το ρουλεμάν στην μπροστινή θέση ασφαλίζοντάς την.	194.02215576171875
Το γλέντι συνεχίζεται επί της πλατείας, όπου τα γκρουπ επιδίδονται σε χορευτικές επιδείξεις, ενώ η μεγάλη γιορτή κορυφώνεται με την καύση του βασιλιά καρνάβαλου και τη ρίψη πυροτεχνημάτων.	242.29185485839844
Όπως ήταν αναμενόμενο, σ' αυτή τη χώρα ο αντιτούρκικος σοβινισμός αναδύεται από εθνικιστές κάθε απόχρωσης.	155.40182495117188
Είναι αλήθεια ότι ο μπαμπάς σου και η μαμά σου μπορεί να βλέπουν τα πράγματα από διαφορετική οπτική γωνία.	113.11190795898438
Ο Λένιν εξήγησε ότι ο ιμπεριαλισμός είναι ένα στάδιο του καπιταλισμού στο οποίο έχουν κυριαρχήσει τα μονοπώλια και το χρηματιστικό κεφάλαιο και ο κόσμος έχει μοιραστεί από μία χούφτα αντίπαλων καπιταλιστικών δυνάμεων.	221.95164489746094
Η υπόλοιπη ημέρα πέρασε με κοινές δραστηριότητες, όπως χριστουγεννιάτικες κατασκευές, τουρνουά πινκ πονκ και μουσική.	142.80126953125
Κατά την τοποθέτηση νέου ελαστικού σε ζάντα που απαιτεί τη χρήση αεροθαλάμου, θα πρέπει να τοποθετείται ταυτόχρονα και νέος αεροθάλαμος.	162.68470764160156
Το προβάδισμα πέρασε και πάλι στα χέρια των αντιπάλων (10-13, 7'10''), αλλά Ούκιτς, Διαμαντίδης και Μπράμος ανέτρεψαν την εικόνα, για να διαμορφώσουν το 17-13 (8'45''), ενώ λίγο αργότερα ο Ραμέλ Κάρι έγραφε το 19-15 (9'35'') με σουτ από μέση απόσταση.	348.7100524902344
Αυτό μπορεί να επιτευχθεί αν σε κάθε πρόβα εστιάζεις στο ζέσταμα το οποίο συνιστά τη μετάβαση από την πολυάσχολη καθημερινότητά σου στη δουλειά του χορωδού.	200.5000457763672
Γραβάτα εμπορίου Κόψαμε λοιπόν μια μεταξωτή γραβάτα του εμπορίου για να δείτε τι πραγματικά περιέχουν οι έτοιμες γραβάτες.	175.7043914794922
Ανάλογα με το μέγεθος του κουπ πατ  , βάζουμε την αντίστοιχη ποσότητα γέμισης.	135.69903564453125
Η εμπειρία ήταν ιδιαίτερα πειστική, τόσο που με αποσυντόνισε από τη μάχη και βρήκα την επόμενη οβίδα να με περιμένει.	168.4566192626953
Η υπόνοια της δοσολογίας, επίσης στο δεξί μέρος κάθε Α όψης με τις οριζόντιες γραμμές, ενισχύει την άμεση οπτική κατανόηση του περιεχομένου, χωρίς απαραίτητα να υπάρχει η κλισέ περιγραφική απόδοση της σύριγγας.	274.6546936035156
Κάναμε μια περιοδεία στην Αμερική και μετά κατέληξα να μπαίνω στη μπάντα το 2002 ή 2003.	121.28752899169922
Το ρεζερβουάρ του εν λόγω υγρού, ανάλογα με τον τύπο του οχήματος, βρίσκεται είτε στο χώρο αποσκευών κάτω από τη ρεζέρβα είτε στην άκρη του χώρου αποσκευών είτε δίπλα στο ρεζερβουάρ καυσίμου.	217.57203674316406
Ναι, ο μαέστρος είναι υπεύθυνος, αλλά το τελικό αποτέλεσμα εξαρτάται από κάθε έναν ξεχωριστά μέσα στη χορωδία.	143.17796325683594
Λάβετε μέρος σε ζωντανές κάμερες πορνό, απολαύστε καυτό σεξ ενηλίκων και συνομιλήστε με σέξι γυναίκες!	149.34201049804688
Είναι Παρασκευή απόγευμα, γύρω στις 6:00, και ο 17χρονος Θάνος πάει φουριόζος προς την πόρτα.	166.58375549316406
Δίοδη ηλεκτρομαγνητική βάνα εν ηρεμιά κλειστή μηδενικής πιέσεως φυσικής ροής, εμβόλου άμεσης ενεργοποίησης.	186.19041442871094
Το παραδοσιακό Κυριακάτικο παζάρι προσελκύει τους τουρίστες.	74.70208740234375
Κυρίως χρησιμοποιείται ως υποκατάστατο του ρυζιού(πχ ως γαρνιτούρα με ψάρι ή κρέας, γεμιστές πιπεριές με κεχρί, σπανακοκεχρί, κεχρί με λαχανικά).	254.39468383789062
Παιδικό σετ 2 τεμαχίων για αγόρια το οποίο αποτελείται από μπλούζα με κοντό μανίκι σε λευκή απόχρωση και εντυπωσιακό σχέδιο στο εμπρός μέρος και παντελόνι βερμούδα στο χρώμα της μέντας με ασορτί σχέδιο.	300.188720703125
Δεν ξεχνάμε ανοιχτό το φως στο δωμάτιο που δεν βρισκόμαστε και τους φορτιστές στην πρίζα όταν δεν τους χρησιμοποιούμε.	153.88284301757812
όταν αυτή είναι προϊόν καρτέλ ή/και	81.51399993896484
ΠΑΠΙΑ: Συνθετική με επικάλυψη καμουφλάζ (βάλτου).	116.13336944580078
Από Αθήνα ή Θεσ/νικη με κατεύθυνση προς Λειανοκλάδι και συνεχίζετε με το βαγόνι του Προαστιακού μέχρι τη Στυλίδα.	179.49249267578125
Το 2004 άρχισαν εργασίες ανακαίνισης του Αγίου Γεωργίου και οι ελπίδες ότι θα βρεθεί η καμπάνα με το χρυσό βόλι αναθερμάνθηκαν.	168.88296508789062
Υπάρχουν παιχνίδια που κάνει μια πραγματική κούρσα των δεινοσαύρων - θα πρέπει να εκτελέσετε ένα από τους συμμετέχοντες σε αυτόν τον αγώνα και να το φέρει στην γραμμή τερματισμού πρώτος.	214.1834259033203
Ένα νορμάλ κλειδί συχνά είναι από 1200 έως 1500 γραμμάρια!	96.69603729248047
Οι βραχίονες αφαιρούνται επίσης για να ταιριάζουν με τη στυλιζαρισμένη κάπα στη φιγούρα και, στη συνέχεια, μπορούν να επανασυναρμολογηθούν επανατοποθετώντας τους στη φιγούρα - Περιλαμβάνεται συλλεκτική κάρτα με φωτογραφία φιγούρας στο μπροστινό μέρος και βιογραφία χαρακτήρων στο πίσω μέρος	331.35858154296875
Το κομψό υπόλευκο χρώμα τους σε συνδυασμό με το λίγο πιο σκούρο μπεζ, είναι ο τέλειος καμβάς για να αναδειχθούν οι κόκκινες σόλες.	191.0868682861328
Η Ιστορία επαναλαμβάνεται, λοιπόν, ως φάρσα και ως εφιάλτης.	93.29364013671875
Στη συνέχεια του χορηγείται κουπόνι έκπτωσης 50%, το οποίο μπορεί να χρησιμοποιήσει κατά την ολοκλήρωση της παραγγελίας.	119.74398040771484
Αυτές τις μέρες ο κλασικός χρωματισμός δημιουργείται από οξικό άλας χωρίς σκληρότητα.	129.568115234375
Χρησιμοποίησαν ραντάρ διείσδυσης στο έδαφος και σκύλο ανεύρεσης πτωμάτων κατά τη διάρκεια της έρευνας.	145.3895263671875
Απόφοιτος της Σχολής Τουριστικών Επαγγελμάτων ξεκίνησε να εργάζεται ως μετρ σε αρκετά ξενοδοχεία, σχεδόν σε όλα τα νησιά της Ελλάδος.	142.81521606445312
Ένας μάνατζερ πρέπει να είναι προσανατολισμένος προς την ομάδα του και να τη διοικεί με τη συνολική στήριξη που θα της παρέχει: την ευθύνη των πρωτοβουλιών που θα λάβει, τη βελτίωση των αποτελεσμάτων για το καλό της επιχείρησης, την εκπαίδευση, την επιβράβευση και την αφύπνιση για νέες καινοτόμες ιδέες.	297.302001953125
Να συμμορφώνεστε με τους κανονισμούς ασφαλείας όταν εργάζεστε ή οδηγείτε ποδήλατο, μοτοσικλέτα ή αυτοκίνητο.	109.58405303955078
Το ντοκιμαντέρ σκιαγραφεί το πορτρέτο ενός ανθρώπου, δίνοντας έμφαση σε μια συγκεκριμένη πτυχή του εαυτού του, δηλαδή την ενασχόληση του με την αυτοσχεδιαστική μουσική.	174.41639709472656
Όλα αυτά μαζί τελικά, είναι πάρα πολλά για να χωρέσουν στις συσκευασίες αυτής της νέας σειράς προϊόντων με βάση την ελιά, αλλά έχοντας ζήσει όλη την εμπειρία από κοντά, κάθε φορά που θα χρησιμοποιώ την αγαπημένη μου κολόνια από άνθος ελιάς, θα έρχεται πάντα στο μυαλό μου αυτό το τόσο διαφορετικό διήμερο στη Μεσσαρά της Κρήτης.	398.5010986328125
Η αρχή της εβδομάδας, αλλά και ολόκληρη η χρονιά μέχρι στιγμής, ανήκει αναμφίβολα το βραζιλιάνικο ρεάλ, το αγαπημένο μας από τα νομίσματα των αναδυόμενων αγορών, το οποίο έκανε ακόμη ένα δυναμικό ράλι στον απόηχο της ειρηνικής μεταβίβασης της εξουσίας σε μια μετριοπαθή όπως φαίνεται κυβέρνηση Λούλα.	371.9623107910156
Σιλικονούχος αδιάβροχος σοβάς τελικής στρώσης, σε μορφή πάστας	138.07798767089844
Επίσης υπάρχει η δυνατότητα κατασκευής μονόφυλλης επάλληλης σήτας όπου η κάσα θα καλύπτει ολόκληρο το άνοιγμα και το φύλλο τη μισή διάσταση ανοίγματος.	200.65097045898438
Αυτό το γλυκό κρασί ωριμάζει 17 χρόνια σε βαρέλι και 3 χρόνια σε μπουκάλι δημιουργώντας ζήτηση σε πολλές χώρες παγκοσμίως.	157.59136962890625
Από την άλλη, η χώρα κυβερνάται από μία γραφειοκρατική κάστα υπό την ηγεσία του Κομμουνιστικού Κόμματος της Κίνας (ΚΚΚ), η οποία καταπιέζει την εργατική τάξη και υπονομεύει αυτές τις κατακτήσεις.	200.1025390625
Τα συμπτώματα ποικίλουν σε ένταση από φούσκωμα και δυσφορία που προέρχεται από την κατανάλωση τροφής και ποτού, έως έντονο - σαν κράμπα - κοιλιακό πόνο, που τείνει να εξαπλωθεί σε όλη την κοιλιά.	287.0201416015625
Εάν είναι ακίνητο, καλύψτε το αιχμηρό τμήμα με μαλακό κερί, βαμβάκι, γάζα ή ακόμη και τσίχλα.	164.56008911132812
Εκεί κοντά, κάποιος γείτονας τον χαιρετάει κουνώντας το χέρι του, καθώς σκαλίζει ένα μικρό μποστάνι από το οποίο θα πάρει αγγούρια, φακές, κουκιά, πράσα, ρεβίθια και κρεμμύδια.	260.74444580078125
Η Ελληνογερμανική Αγωγή μας επισκέφθηκε και βοήθησε στην παρασκευή αρτοσκευασμάτων για το μπαζάρ μας.	151.1389617919922
Έγινε παρουσίαση της εκπαιδευτικής δραστηριότητας και της μετάδοσης της ελληνικής παιδείας σε ένα αμάλγαμα εθνικοτήτων.	126.64249420166016
Στην πραγματικότητα, η διατήρηση ενός βέλτιστου μικροκλίματος σε ένα περβάζι δεν είναι εύκολο έργο, παρόλο που δεν φαίνεται τόσο με την πρώτη ματιά.	176.2627716064453
Κτίστηκε μαζί με το ψηλό καμπαναριό το 1795 από τον έμπορο Χατζή-Μάνθο Γκίνη.	154.72946166992188
Αυτή είναι μια αναζήτηση πρώτου προσώπου με στοιχεία τρόμου που επίσης αφηγείται την ιστορία μιας νεαρής κοπέλας που εργάζεται ως νταντά την παραμονή των Χριστουγέννων.	190.96568298339844
Μια απροσδόκητη ανατροπή προσφέρει στον Γκρεγκ την πολυπόθητη ντάμα και αφήνει τον Ρόουλι να κρατάει το φανάρι.	168.8911590576172
Στον απόηχο του οικονομικού κραχ του 2008, η εμπιστοσύνη είναι το παν.	104.2506103515625
Τα μεγάλα, οβάλ μάτια τους πρέπει να συνδυαστούν σε αρμονία με το τρίχωμα τους για να αναγνωριστούν ως περσικά.	155.3848876953125
Αυτή η πούδρα σταθεροποίησης έχει σχεδιαστεί ειδικά για να παραμένει αόρατη στο δέρμα με τις πιο προηγμένες αναλύσεις στα σημερινά μέσα.	168.2257843017578
Ο απόλυτος αλτρουισμός από το φως ξεχυνόταν... τραβούσε αντιμαχόμενο το σκοτάδι στον απόλυτο εγωισμό.	165.0392608642578
Από μπούτι ή χεράκι αρνί με οστό, κομμένο σε μερίδες, καρυκευμένο με κρεμμύδι, σκόρδο, μάραθο, άνηθο, λάδι, αλάτι και πιπέρι, με κομμάτια κεφαλογραβιέρας, τυλιγμένο σε λαδόκολλα.	309.073974609375
Το τελευταίο αντίο θα πουν σήμερα όσοι αγάπησαν τον Παντελή Παντελίδη.	96.08084869384766
Με το εργαλείο μπορείτε να δείτε όλα τα ντεκόρ των προϊόντων μας για δάπεδα είτε στις παρεχόμενες φωτογραφίες δωματίων είτε ακόμα και στο δικό σας δωμάτιο.	164.8694610595703
Αμέσως μόλις οι πρώτες πληροφορίες διασταυρώθηκαν, η Αγγελική Νικολούλη ενημέρωσε την κόρη της και την αδελφή της που βρίσκονταν στο στούντιο για να μεταβούν στο σημείο, μαζί με τον ρεπόρτερ της εκπομπής.	228.80978393554688
Η Λίγκα της Λαϊκής Δημοκρατίας της Κορέας είναι δημοφιλής στη χώρα και τα παιχνίδια της μεταδίδονται συχνά από την τηλεόραση.[201] Η εθνική ομάδα, η Τσολλίμα, συμμετείχε στο Παγκόσμιο Κύπελλο Ποδοσφαίρου το 2010, όπου έχασε όλα τα ματς απέναντι στη Βραζιλία, την Πορτογαλία και την Ακτή Ελεφαντοστού.[232] Η εμφάνισή της το 1966 ήταν πολύ πιο επιτυχημένη, όταν έκανε την έκπληξη κερδίζοντας με 1-0 την Ιταλία και χάνοντας στον προημιτελικό από την Πορτογαλία με 3-5, παρόλο που η Βόρεια Κορέα είχε προηγηθεί στην αρχή με 3-0.[233] Μια εθνική ομάδα εκπροσωπεί το έθνος σε διεθνείς διοργανώσεις καλαθοσφαίρισης.	615.0061645507812
(α) Ποιο ρεφρέν κάνει ξεχωριστό τον Ψαλμό 107; (β) Τι είναι οι λεγόμενοι Ψαλμοί Χαλλέλ;	153.06248474121094
Το νησί Χέντερσον είναι μια ακατοίκητη κοραλλιογενής ατόλη στο νότιο Ειρηνικό Ωκεανό.	139.74476623535156
Η επιχορήγηση σκοπό έχει να χρηματοδοτήσει, μερικώς ή πλήρως, το κόστος υλοποίησης των προτεινόμενων δραστηριοτήτων του προγράμματος.	132.99636840820312
Ιατρική: μαθήματα εξειδίκευσης μικρής διάρκειας σε διάφορες ιατρικές ειδικότητες συμπεριλαμβανομένου του μάνατζμεντ στον τομέα της υγειονομικής μέριμνας	167.64512634277344
Ο ειδικός του μάρκετινγκ θα φροντίσει την αποτελεσματικότητα του σημείου ως μέσου επικοινωνίας και προώθησης στα μέσα ενημέρωσης αλλά και ως μέσου εξατομίκευσης των προϊόντων και των υπηρεσιών της επιχείρησης, τόσο βραχυπρόθεσμα όσο και μακροπρόθεσμα.	208.1219482421875
Το βασικό τέλος όπως και τα τέλη που καταβάλλονται για κάθε κλάση προϊόντων ή υπηρεσιών άνω των τριών είναι διπλάσια για τα συλλογικά στ\\ιατα.	199.0395965576172
Στο Ηνωμένο Βασίλειο, σε τηλεοπτικές σαπουνόπερες έχει παρουσιαστεί το πορτρέτο βασικών χαρακτήρων που κάνουν χρήση ηρωίνης.	165.66981506347656
Εντούτοις, έχουν εντοπιστεί ορισμένα μεμονωμένα παραδείγματα ορθής πρακτικής και πολλά υποσχόμενων καινοτομιών, συμπεριλαμβανομένης της σφυρηλάτησης δεσμών που παρέχουν τη δυνατότητα σε κατά τόπους μειονοτικές ομάδες να δρουν ως πύλες εισόδου στις υπηρεσίες ναρκωτικών με αποτέλεσμα να βελτιώνεται η προσβασιμότητα και να υποβοηθείται η διαμόρφωση παροχών που να αντιστοιχούν στις ειδικές ανάγκες και κουλτούρα των μελών τους.	470.5948791503906
Από την έρευνα διαπιστώθηκε ότι και στις δύο ομάδες μειώθηκε στο ίδιο βαθμό η επισφαλής συμπεριφορά στο σεξ και τη χρήση ενέσιμων ναρκωτικών.	178.55360412597656
Επιδιώκοντας αυτό το στόχο, το 1996, ένα περουβιανό συνδικάτο ναρκωτικών εξαρθρώθηκε με επιτυχία και η συνεργασία με τις μεξικανικές αρχές οδήγησε στη σύλληψη του αρχηγού του καρτέλ του Κόλπου του Μεξικού.	259.6355895996094
Μια άλλη σημαντική παρατήρηση είναι ότι αλλάζει το προφίλ των εργαζομένων.	81.38800048828125
Τότε θα έπρεπε να εμφανίζεσαι στα σύνορα με το πορτοφόλι και τα λεφτά στο χέρι για να πληρώσεις μετρητοίς. 6	150.37632751464844
Στο σημείο αυτό υπήρξαν κάποιες αντιρρήσεις από τις ελβετικές αρχές, οι οποίες αν και υποστήριξαν κατ' αρχάς τη μηχανοργάνωση, εξέφρασαν επιφυλάξεις και έθεσαν ερωτήματα. 7 Έφθασαν μάλιστα στο σημείο να αποστείλουν έγγραφη κριτική σχετικά με την πρόταση αυτή προς την αντιπροσωπεία της εξεταστικής επιτροπής στη Γενεύη και τη Βέρνη.8	373.0647888183594
Όχι μόνο θα ενημερώνονται οι αρμόδιοι φορείς για τη διάπραξη απάτης νωρίτερα αλλά, ακόμη και αν όλα βαίνουν καλώς, οι εγγυοδοτικές υποχρεώσεις θα εκκρεμούν επί πολύ μικρότερο χρονικό διάστημα (πιθανώς μερικές ημέρες αντί για αρκετούς μήνες) και θα χρυσωθεί σημαντικά το εξαιρετικά πικρό σήμερα χάπι που αποτελούν οι εκκρεμούσες εγγυήσεις.	412.38616943359375
Τούτο έχει ως βάση για την ένταξη στη μαύρη λίστα τις προηγούμενες καταδίκες.	118.276123046875
Εντούτοις, τέσσερα πρωτεύοντα ζητήματα που εξετάζονται στην παρούσα έκθεση είναι κατά βάση πολιτικά, κατά το ότι δεν απαιτούν διοικητικές ή τεχνικές μεταρρυθμίσεις αλλά πολιτικές αποφάσεις.	200.02394104003906
Για λόγους δικαιοσύνης, οπιαδήποτε αμνήστευση ή μορατόριουμ θα έπρεπε να είναι γενική και στην κλίμακα ολόκληρης της Κοινότητας.	180.35183715820312
Η Επιτροπή θα πρέπει να περιλάβει ως αναπόσπαστο τμήμα στο πακέτο μεταρρύθμισης του συστήματος διαμετακόμισης, πρόταση για την απαλλαγή των εκκρεμούντων χρεών, όπου προκύπτει ότι αυτά οφείλονται σε λάθη της διοίκησης.	241.83175659179688
Ελέγχεται από τη μαφία και τα κυκλώματα του οργανωμένου εγκλήματος.	89.09693908691406
Το πανόραμα που δίδεται με τα ανωτέρω κατεστράφη ολοσχερώς με την θέση σε ισχύ της ενιαίας κοινοτικής αγοράς.	164.26416015625
Αυτό δεν αποτελεί βέβαιος ευσυνειδησία εκ μέρους τον τελωνειακών υπαλλήλων, συνιστά ωστόσο ένα μοντέλο αντίδρασης, είτε αυτό χαρακτηρίζεται ευσυνείδητο είτε ασυνείδητο, κατά την εκτέλεση του καθήκοντος.	266.00567626953125
Η εν λόγω κατάσταση είχε άμεσες επιπτώσεις για τα πριμ που ζητούν οι ασφαλιστικές εταιρίες για τη διαμετακόμιση αγαθών.	166.35247802734375
Τούτο θα σήμαινε ότι ένα βρετανικό κανάλι που εκπέμπει κωδικοποιημένα θα μπορούσε να αγοράσει τα δικαιώματα μετάδοσης του αγώνα αυτού, αλλά τίποτα δεν θα μπορούσε να εμποδίσει τα γαλλικά κανάλια, δημόσια είτε ιδιωτικά, να μεταδώσουν χωρίς κωδικοποίηση τον αγώνα.	264.4751281738281
Ας αναφέρουμε ορισμένα παραδείγματα: ένα τρένο πρέπει να μπορεί να χρησιμοποιεί το δίκτυο μιας άλλης εταιρείας ή ακόμη να μην καθυστερεί σε κάποια σύνορα εξαιτίας του πλάτους των γραμμών.	200.894775390625
Το Μάιο του 1986 η καταστροφή του Τσερνομπίλ προκαλεί ένα σοκ στην κοινή γνώμη.	105.03681182861328
Τηυ 1η Ιαυουαρίου 1984, οι φόροι εισαγωγής για τα πικάπ απτίυας λέηζερ αυξήθηκαυ από 9,5% σε 19%, ευώ καταργήθηκαυ οι φόροι εισαγωγής για τα μαγυητόφωυα αυοιχτής ταιυίας.	351.5862121582031
Η Κοιβότητα εξέτασε τη δυυατότητα ευαρμόυισης τωυ πέυτε πύριωυ φόρωυ παταυάλωσης που αφορούυ τα απόλουθα προϊόυτα: επεξεργασμέυα παπυά, οιυοπυευματώδη, μπύρα οίυοι παι ορυκτέλαια.	442.21856689453125
Εν συνεχεία, το ΕΚ συζήτησε την Πράσινη Βίβλο και ενέκρινε στις 10 Οκτωβρίου 1985 δύο ψηφίσματα που επηρέασαν σημαντικά το σχέδιο οδηγίας της Επιτροπής για την τηλεόραση χωρίς σύνορα.	214.96002197265625
Σύμφωνα με μια γκάλοπ μεταξύ πολιτών της ΕΟΚ το 1982 σχετικά με τη ρύπανση του περιβάλλοτος, ο θόρυβος είναι το δεύτερο σημαντικότερο πρόβλημα στον εν λόγω τομέα.	210.67503356933594
Η περαιτέρω μείωση, που ζητήθηκε από το Κοινοβούλιο, έχει ήδη προταθεί από την Επιτροπή: έως το 1990 πρέπει να μειωθούν τα αεροζόλ σε 90%, όγκο αναφοράς αποτελεί η χρησιμοποιηθείσα το 1976 ποσότητα 200.211 τόννων.	293.75677490234375
Γερμανικό Μάρκο Ολλανδικό φιορίνι Λίρα στερλίνα Δανική κορώνα Γαλλικό φράγκο Ιταλική λίρα Ιρλανδική λίρα Δραχμή Ισπανική πεσέτα	198.3361358642578
Δεν επιτρέπεται να γίνεται υπερβολική χρήση τεστ καταλληλότητας.	80.95399475097656
Χειροτονήθηκε το 1946 και είναι προτεστάντης ιερέας, συγγραφέας, αρχισυντάκτης και εκδότης.	119.9592056274414
Ο Πρόεδρος της Γαλλικής Ομοσπονδίας Καθολικών Φοιτητών (1958-1959), γενική γραμματέας του παγκόσμιου φεστιβάλ πανεπιστημιακού θεάτρου του Νανσύ (1966-1967).	158.59078979492188
Έχουν επίσης σημειωθεί δύο θάνατοι Αφρικανών που ζητούσαν άσυλο: ένας φόνος το Σεπτέμβριο του 1987 (το ρατσιστικό κίνητρο ουδέποτε αποδείχθηκε) και ο θάνατος, στις 14 Ιανουαρίου 1987, ενός Ζαιρινού που ζητούσε άσυλο και ο οποίος υποχρεώθηκε να επιβιβαστεί σε αεροπλάνο με προορισμό το Ζαΐρ υπό τη συνοδεία 2 αστυνομικών.	366.62506103515625
Επίσης, παραπονούνται ότι δεν τους δίνονται δάνεια από τις τράπεζες που ελέγχει το δημόσιο, ότι δεν τους χορηγούνται άδειες οδήγησης αυτοκινήτων και ότι σπανίως τους χορηγείται άδεια για την οδήγηση τρακτέρ (ω).	253.05502319335938
Ένας δημοσιογράφος που προσφέρθηκε να τους βοηθήσει μπήκε στα δύο κέντρα φορώντας γραβάτα και μπλουτζίν.	159.00936889648438
Εργάζονταν σε προσωρινή βάση με τουριστική βίζα σε πολλές χώρες της Δυτικής Ευρώπης.	107.4511489868164
Όπως και στην περίπτωση της διαδικασίας συνεργασίας η οποία εισήχθη με την Ενιαία Ευρωπαϊκή Πράξη, το Κοινοβούλιο θα πρέπει απαραιτήτως να χρησιμοποιεί την πρώτη του ανάγνωση στο πλαίσιο της διαδικασίας συναπόφασης για να εκφράζει την μάξιμουμ θέση του.	263.1119689941406
Ο ΕΥΡΩΠΑΪΚΟ ΚΟΙΝΟΒΟΥΛΙΟ ΑΝΟΙΚΤΟ ΣΤΟΝ ΚΟΣΜΟ ορωπαϊκή Ένωση, η μεγαλύτερη δημοκρατική και ειρηνική συνένωση κρατών και η κυριότερη οικονομική δύναμη σε παγκόσμια κλίμακα, αποτελεί ολοένα και μεγαλύτερο πόλο έλξης σε έναν κόσμο χωρίς σημεία αναφοράς.	290.552490234375
Οργανα διάθεση εκδόσεων γενικών πληροφοριών, που παράγουν τα παροχή επισήμων εκδόσεων για αναζήτηση πληροφοριών προσφορά χαρτών, πόατερ, κ.λ.π. κατηρτισμένο προσωπικό που δίνει πλ.ηροφορίες προβολές βίντεο προσανατολισμός των ειδικευμένων ερωτήσεων σε κατάλ.λ.ηλες πηγές.	382.4756774902344
Η γκαλερί πάλι πρέπει να εισπράξει τον φόρο προστιθέμενης αξίας και δεν μπορεί να αφαιρέσει τις προκαταβολές φόρου έτσι ώστε να έχουμε ένα κενό στο σύστημα.	178.28602600097656
Θέμα: Έλεγχοι διαβατηρίων στο αεροδρόμιο Βρυξελλών	71.6334228515625
Άλλοι αντιθέτως, ότι προτείνουμε γκέτο για τους συνταξιούχους.	115.4015121459961
Διότι όπως ακριβώς αναφέρεται στην έκθεση και πρόκειται μάλλον για γλωσσική διατύπωση, κατ' αρχή πρόκειται για την υποχρέωση χρησιμοποίησης ζωνών στα λεωφορεία, τραμ και τρένα.	191.54067993164062
Αυτού του είδους ο σοσιαλισμός μου είναι ακατανόητος και δεν μπορώ να τον αντιμετωπίσω, επειδή δεν τον καταλαβαίνω.	112.6670150756836
Τρίτο, ο οικολογικός αγώνας είναι μία σημαντική πλευρά του κοινωνικού αγώνα των εργατών και των αγροτών.	107.05815887451172
Χρόνια τώρα το καθεστώς αυτό είναι μαριονέτα των ΗΠΑ.	92.27043151855469
Και για μια φορά ακόμη θα επαναλάβω ότι η διατροφή με μπιμπερό είναι καλό προϊόν, όμως πρέπει να χρησιμοποιείται μόνον εκεί που δεν είναι εφικτή η παροχή του μητρικού γάλακτος.	198.57472229003906
Δεν πρέπει να συγχέουμε τις παιδικές τροφές με μια μποτίλια οινοπνεύματος ή ένα πυροβόλο όπλο.	154.17037963867188
Στη Γερμανία και στην Ολλανδία τα προϊόντα αυτά πωλούνται σε σουπερμάρκετ ενώ επιτρέπεται η σχετική διαφήμιση.	114.77055358886719
Για να διευκολυνθεί η εφαρμογή των όρων αυτών μπορούν οι πολίτες των κρατών μελών να φέρουν στο εμπρός τζάμι του αυτοκινήτου τους ένα πράσινο δίσκο με ελάχιστη διάμετρο 8 εκατοστών.	218.55149841308594
Και ορίστε εδώ μια φωτοτυπία του διαβατηρίου.	70.100341796875
Τα κράτη που θέλουν πάση θυσία να διατηρήσουν τους απαράδεκτους αγροτικούς κανονισμούς αποδίδουν σήμερα στην τιμή του δολαρίου το φταίξιμο για το χάλι αυτό της ΕΟΚ.	213.94534301757812
Σχηματίζουν ένα πλήρες μενού και θα πρέπει να δεχθούμε όλα τα πιάτα γιατί κανένα από αυτά δεν πουλιέται μόνο του.	150.5511932373047
Όταν το παιδί είναι κρυωμένο και βγαίνει έξω, οι γονείς του βάζουν ένα πουλόβερ παραπάνω για να μην αρρωστήσει.	142.91387939453125
Μας διδάσκει επίσης ότι απαιτείται πλέον ειλικρίνεια και διεθνής συνεργασία διά μέσου όλων των πολιτικών μπλοκ και των κοινωνικών συστημάτων.	157.44259643554688
Επί παραδείγματι, το ραντάρ αποτελεί εφεύρευση που ήταν αποτέλεσμα στρατιωτικών ερευνών.	130.4086456298828
Κατά γενικότερο τρόπο, οι τεχνικές λύσεις που πρόσφερε η διεθνής χρηματοδοτική κοινότητα επέτρεψε απλώς την αποφυγή ενός δημοσιονομικού κραχ από το οποίο θα πλήττονταν όλα τα ενδιαφερόμενα μέρη.	226.10386657714844
Προσδοκούμε από τη Νέα Ζηλανδία ότι θα συμμορφωθεί προς τις μίνιμουμ τιμές για το βούτυρο.	130.03941345214844
Πλησιάζουμε, αν θέλετε, στο μεγάλο ραντεβού της Ευρώπης.	75.87083435058594
Επίσης, ο διεθνής καταμερισμός εργασίας τον οποίο δημιούργησε ιστορικά ο καπιταλισμός και που καταδίκασε τις χώρες του Νότου στις μονοκαλλιέργειες, στην εξόρυξη πρώτων υλών, στην βιομηχανική καθυστέρηση.	238.81802368164062
Δεν θέλουν πια, όπως λέει ένας από τους μεγαλύτερους ποιητές του Τρίτου Κόσμου, να χορέψουν το χορό του θανάτου στο καρναβάλι των άλλων.	163.4450225830078
Και στην Ευρώπη, σε πολλές κυβερνήσεις, υπερίσχυσε ο ατομικισμός αντί της θέλησης για έναν ειλικρινή διάλογο.	148.12490844726562
Η πραγματοποίηση του τούνελ της Μάγχης φαίνεται ότι κυριαρχείται από διαμάχες και αυτό σίγουρα δεν είναι καλό παράδειγμα.	143.33180236816406
Δεν θέλουμε να γράφουμε τζάμπα γράμματα στο προεδρείο και θα θέλαμε μια απάντηση.	117.48824310302734
Στην μαγνητοφωνημένη κασέτα που άφησε, λέει: Αποφάσισα να διαμαρτυρηθώ για όλους τους αγρότες της Ελλάδας.	142.41506958007812
Ένα λουλούδι στο πέτο του σακκακιού στολίζει, βέβαια πολύ ωραία, αλλά δεν αντικαθιστά και ένα λιβάδι.	158.70062255859375
Αλλά το χειρότερο είναι ότι τόσο η Εκτελεστική Επιτροπή όσο και το Συμβούλιο ασκούν αυτή την πολιτική, όχι σαν μέσο εξυγίανσης της αγοράς και στήριξης των γεωργικών εισοδημάτων, αλλά σαν πλατφόρμα πολιτικών και οικονομικών ισορροπιών.	228.94000244140625
Προσπαθούν να εξαπατήσουν τον ίδιο τον εαυτό τους καθώς και μας, κύριε πρόεδρε, ότι μπορεί κανείς να διαπραγματευθεί έναν ισόρροπο πολυμερή πυρηνικό αφοπλισμό ακόμα και όταν έχει παραδόσει όλα τα πυρηνικά του ατού προτού ακόμα ξεκινήσει.	301.23895263671875
Συμφωνούμε με την ιδέα του να μην κόβεται το γκάζι και το ηλεκτρικό ρεύμα τον χειμώνα.	123.88668823242188
Ένα τέτοιο οικονομικό σύστημα, στο οποίο η οικονομία και η οικολογία εναρμονίζονται μεταξύ τους, μπορεί να αναπτυχθεί μόνο σε ένα φυλελεύθερο πλαίσιο.	150.15228271484375
Το πρόβλημα είναι ότι η ιστορία που διδάσκεται στην, Τουρκία μοιάζει μ' εκείνες τις σταλινικές φωτογραφίες όπου περισσεύει έναι παπούτσι γιατί έχει σβηστεί ένα πρόσωπο.	218.27793884277344
Δεν περιμένετε, φαντάζομαι, από εμένα να βγάλω αυτή τη στιγμή από το καπέλο τον μακρύ κατάλογο των	129.7819061279297
Έτσι στην ουσία εδώ πρόκειται για το ίδιο πιάτο που του έχουμε προσθέσει καρυκεύματα για να το κάνουμε πιο νόστιμο.	147.8466033935547
Ι. κανονισμού για την επεξεργασία και την εμπορία οίνων λικέρ κοινοτικής παραγωγής και	124.28648376464844
Στην άποψη αυτή στηρίζεται άλλωστε η Συμφωνία του Λούβρου, όπου αποφασίστηκε ότι η νομισματική σταθερότητα θα επιβληθεί με το ζόρι με νομισματικά και οικονομικά μέτρα.	182.10794067382812
Δίκαια πριν από χρόνια επισημάνθηκε ότι ο μικροεπεξεργαστής θα δράσει όπως η μαγιά μέσα στη ζύμη του κοινωνικού προϊόντος.	171.16525268554688
Η άποψη ότι το τσιπ θα προκαλούσε την εξαφάνιση πολλών θέσεων εργασίας που υπήρχαν αποδείχθηκε εσφαλμένη, αν λάβουμε υπόψη τις συνολικές οικονομικές εξελίξεις.	198.65406799316406
συνελήφθη για κάποια εκδήλωση ανόητης συμπεριφοράς, που κανονικά θα έπρεπε να αντιμετωπισθεί με χιούμορ και η όλη ιστορία να ξεχασθεί.	167.06956481933594
Για περισσότερες πληροφορίες, προσθέτω ότι η εν λόγω αφίσα υπογράφεται από το Εθνικό Μέτωπο.	107.63135528564453
Από τότε όμως έχει αρχίσει ένα αληθινό ανατολίτικο παζάρι και οι διάφορες εθνικές κυβερνήσεις ανταγωνίζονται να ξεπεράσει η μια την άλλη στην προσφορά επιδοτήσεων και παραχωρήσεων, φορολογικών απαλλαγών και τα	241.60757446289062
Εύχομαι σ' όλους σας χαρούμενο και ευτυχές το νέον έτος 1988.	86.01014709472656
Θα ήταν, όμως, μεγάλο λάθος να παραμείνουμε σ' αυτή την κατάσταση κοιτάζοντας με ικανοποίηση τα όσα συμβαίνουν: η κατσαρόλα ίσως δεν εκραγεί, υπάρχει περίπτωση όμως να ξεχειλίσει.	229.70933532714844
Χωράει άνετα στην τσέπη του στήθους, στην τσάντα καθώς και στην πίσω τσέπη του παντελονιού.	121.63326263427734
Εμπρός λοιπόν, συνάδελφοι, ας προσπαθήσουμε να βγούμε από τη ρουτίνα των τελευταίων ετών.	112.33634948730469
Είναι συνηθισμένο φαινόμενο να προσδιορίζει η Επιτροπή τις ομάδες κεφαλαίου ανάλογα με το θρήσκευμα ενός εκ των μάνατζερ ;	168.3459930419922
Και εκεί, υπάρχουν άλλα κλισέ που συχνά διαιωνίζονται ακόμη.	99.84697723388672
Ο πιλότος σκοτώνεται και η εκδήλωση συνεχίζεται.	62.02145004272461
Ο κιμάς είναι κάτι που χρησιμοποιείται σε ολόκληρη την Ευρώπη, από τα λουκάνικα έως τη σάλτσα μπολοναίζ και από το μουσακά έως τις κρεατόπιτες.	186.1981658935547
Παρ' όλα αυτά, δεν εγκατέλειψαν τα πόστα τους αυτό το εκτιμώ πολύ.	107.17948150634766
Η μαρμελάδα που παρασκευάζεται στη Δανία περιέχει κατά μέσον όρο μόνον 50 ο/ο ζάχαρη, πράγμα που εξασφαλίζει από θρεπτική άποψη καλύτερο προϊόν.	210.3480224609375
Σήμερα, η Γη ολόκληρη, με τις πέντε ηπείρους της του προσφέρεται, και την κοιτάζει καθισμένο στην πολυθρόνα του.	170.5328826904297
Το σινεμά και η τηλεόραση είναι σημαντική και ισχυρή πηγή πληροφόρησης σχετικά με τον τρόπο ζωής, τις συνήθειες και τα έθιμα άλλων χωρών.	135.618896484375
Είναι βαρετός γιατί δεν είχαμε μεγάλους καυγάδες, είναι βαρετός γιατί δεν είχαμε τα καθιερωμένα μπαγιάτικα σάντουιτς και τον κρύο καφέ κατά τις πρώτες πρωινές ώρες.	206.76170349121094
Δεν είναι ιδεολογική φαντασμαγορία ότι Αραβες ρίχνονται από τις πόρτες τραίνου!	137.7216796875
Ένας πολιτιστικός ιμπεριαλισμός δηλαδή, με στόχο την Ένωση.	79.90872955322266
87/178 για την κλινική εξέταση και την πληροφόρηση των γυναικών για τη στοματική λήψη φαρμάκων.	121.09959411621094
Από μέρους της, η Επιτροπή έχει αρχίσει την εξέταση του τομέως των ταξί προκειμένου να αποφασίσει τι είδους ενέργειες θα πρέπει να γίνουν σε κοινοτικό επίπεδο.	174.00765991210938
Δεν είμαστε καβάλα στο άσπρο άτι να νομίζουμε ότι πρέπει να τα κάνουμε εμείς όλα, αλλά επιδιώκουμε ευσυνείδητα την κατάργηση των εσωτερικών αυτών συνόρων.	198.59341430664062
Αυτό είναι το λάβαρο μας, και αυτό είναι το λάβαρο της σημερινής Γερμανίας.	77.53385162353516
Να ποιοι είναι εκείνοι με τους οποίους κάνουν παρέα οι ΗΠΑ.	88.71173095703125
Βασική της τακτική είναι να βάλει πάση θυσία τα γαλλικά υπερπόντια διαμερίσματα στο ισοπεδωτικό καλούπι της ενιαίας αγοράς του 1993.	214.33274841308594
Γιατί η κ. Επίτροπος λέει ότι από αυτή την ρεζέρβα των ταμείων που είναι και μικρή, υπάρχει καταρχήν σκέψη να δοθεί κάτι, μετά από αίτημα της ελληνικής κυβέρνησης, για να γίνει μελέτη.	233.4632568359375
Οι περικοπές αυτές αφορούν τον Αχελώο, τους αυτοκινητόδρομους (Αθήνα-Θεσ/νίκη, Γευγελή και Αθήνα, Κόρινθο και Πάτρα), το μετρό της Αθήνας, το αεροδρόμιο στα Σπάτα και τη ζεύξη Ρίου-Αντιρρίου.	252.92945861816406
Όπως το αξιότιμο μέλος θα ενθυμείται, ο βακαλάος ήταν το κύριο είδος αλιείας, στο οποίο αναφέρονταν τόσο η συμφωνία της Πορτογαλίας με τον Καναδά, όσο και της Κοινότητας με τον Καναδά.	243.51060485839844
Ο μπελάς είναι ότι η αύξηση αυτή του εισοδήματος που διαπιστώνει η Επιτροπή δεν είναι παρά μια μέση αύξηση.	140.89376831054688
Στην Πορτογαλία, ξέσπασε πρόσφατα ένα τρομερό σκάνδαλο, διότι αγράμματοι μηχανικοί γκαράζ συμπλήρωναν αιτήσεις για να παρακολουθήσουν μαθήματα επαγγελματικής κατάρτισης του Κοινωνικού Ταμείου.	224.29122924804688
Νομίζω ότι αυτό αποτελεί πρεμιέρα για το Σώμα.	64.1097183227539
Ο ευγενικός Γκορμπατσώφ πέταξε τη μάσκα του.	92.15982818603516
Οι καταληψίες με ποικίλους τρόπους έδειξαν ότι κίνητρο τους ήταν ο θρησκευτικός φανατισμός και η μισαλλοδοξία.	137.70108032226562
Η Επιτροπή έχει καταδικασθεί σήμερα ως ο λακές του συστήματος.	92.28620147705078
Θέμα: Κίνδυνος επαναμετατροπής της εκκλησίας της Αγίας Σοφίας της Κωνσταντινούπολης σε τζαμί	105.5107421875
Είναι καιρός να αντιδράσουμε και να στηριχθούμε στη συνθήκη της περιφρούρησης των δικαιωμάτων του ανθρώπου και των βασικών ελευθεριών και σεβόμενοι πάντοτε, εννοείται, τελείως και απολύτως, τις ελευθερίες αυτές, να θεσπίσουμε ότι στις χώρες μας, στην Ευρώπη μας, ο ρεβιζιονισμός δε θα πρέπει να θεωρείται πλέον ως μια απλή γνώμη αλλά ως αδίκημα.	373.7176818847656
Διότι δεν επιτρέπεται να τους επιβάλουμε τις δικές μας ιδέες περί ανάπτυξη, παρόλο που σε μερικά σημεία της έκθεσης παρουσιάζεται η τάση, μα να τους επιτρέψουμε να σκιαγραφήσουν τη δική τους γκάμα αναγκών.	242.57293701171875
Στη κουβέντα αυτή, κύριε πρόεδρε, συνάδελφοι, οφείλουμε να μιλήσουμε απερίφραστα, έχει σήμερα νέα σημασία.	147.56417846679688
Είναι βέβαια δυνατόν να αναστρέψει κανείς μια πυραμίδα και να βάλει την κορυφή της κάτω, η ισορροπία αυτή όμως δεν κρατά πολύ.	148.27110290527344
Οι εκθέσεις που συζητάμε σήμερα εδώ και η οποίες αξίζουν την πλήρη υποστήριξη μας, παρότι διακρίνονται από κάποια υπερβολή ανθρωπολογικής καθαρότητας ή από κάποια δόση αδικίας απέναντι στη θέση της νέας βραζιλιάνικης κυβέρνησης στο θέμα αυτό, μας έδωσαν την ευκαιρία να θέσουμε το δάκτυλο στην πληγή και να προχωρήσουμε πιο βαθειά τη λάμα της σκέψης μας.	391.6017761230469
Το σκίτσο είναι χωρίς αμφιβολία, σαφέστατα αντισημιτικό.	89.53701782226562
Αυτό θα το πετύχουμε μόνον αν ληφθούν μέτρα για να καταστεί η επικουρικότητα Ευρωπαϊκή πραγματικότητα, κι όχι χάλι στα χέρια των Ευρωπαίων γιακωβινιστών.	219.299072265625
Ωστόσο, θα πρέπει να σημειωθεί ότι το προϊόν στο οποίο αναφέρεται η ερώτηση του είναι ο πελτές τομάτας (με περιεκτικότητα μάζας τομάτας άνω του 12%) και όχι ο τοματοπολτός που περιέχει περισσότερο χυμό τομάτας.	267.6325378417969
Στην ίδια εφημερίδα υπάρχει κι ένα ρεπορτάζ από την πατρίδα σας την Έσση.	100.26551055908203
Θα θέλαμε, η αχίλλεια αυτή φτέρνα να φορέσει τη μπότα του παπουτσωμένου γάτου.	140.13430786132812
πολιορκεί το κάστρο των πλουσίων και το οποίο παρακινούμενο από την πείνα και την απελπισία καταφεύγει στη βία.	149.73333740234375
Κι ομολογώ ότι κάθε φορά που διαπιστώνω ένα τέτοιο περιστατικό, χαλάει το κέφι μου.	115.30548858642578
Αρκεί για έναν νεαρό 18άρη να σπάσει το πόδι του ή να πάθει διάστρεμμα για να τελειώσει η καριέρα του. Πρέπει να το σκεφτούμε.	166.8074188232422
Παλαιστίνιες γυναίκες και ισραηλινές γυναίκες, μπράβο σας!	79.86064910888672
Θα ήθελα πάντως να επισημάνω ότι θα πρέπει να υπάρξει μια διάκριση μεταξύ της χορήγησης αδειών και του καθορισμού πλαφόν: το μόνο πλαφόν που έχει οριστεί απ' την Κοινότητα αναφορικά με το ψάρεμα του σολομού είναι για αλιεύματα στη Βαλτική.	285.9493103027344
Η βοήθεια που θα τους χορηγηθεί για τις εξαγωγές πρέπει επίσης να τους επιτρέψει να ξεσφίξουν την μέγγενη του εξωτερικού χρέους τους, που παραλύει μέχρι σήμερα την οικονομική τους ανάπτυξη.	203.9188690185547
Αυτός ο βολονταρισμός που δεν θέλει να περιορίσει τους ορίζοντες μας μόνο στο εμπορικό πεδίο μας αρέσει.	130.51756286621094
Και μπορώ να σας διαβεβαιώσω πως κάνοντας μια βόλτα με το ποδήλατο στο Πεκίνο ακούς πράγματα που διαφέρουν πολύ από όσα διατείνονται οι επίσημες αρχές.	198.9746551513672
Δεν έχω πάρει ούτε μια πένα απ' αυτές τις βιομηχανίες.	85.68217468261719
Δεν αποτελεί δημοκρατικό γνώρισμα το να πρέπει ο πολίτης να προσλαμβάνει ιδιωτικό ντεντέκτιβ για να μάθει ποιος είναι υπεύθυνος και για ποια απόφαση στην Ευρωπαϊκή Κοινότητα.	183.27960205078125
Ο Κόσμος μικραίνει σαν μπαλόνι που χάνει αέρα.	85.5338363647461
Το είδαμε αυτό με τις συμφωνίες για το καλαμπόκι και το σόργο.	102.25279998779297
Μετά το πρώτο πάνελ το 1991, η Κοινότητα τροποποίησε το προηγούμενο σύστημα ενίσχυσης των ελαιούχων σπόρων.	146.8861083984375
Η βία οφείλεται κατά το μεγαλύτερο μέρος στην ίδια την εξουσία, κάτω από διάφορα καμουφλάζ και παρακλάδια.	152.63536071777344
Σήμερα, ο εμίρης ξαναγύρισε στο χαρέμι του, χωρίς η δημοκρατία να έχει κερδίσει το παραμικρό.	151.61538696289062
Για το λόγο αυτόν οργανώνω σχετική δοκιμή στις 8 Φεβρουαρίου 1983 στο αεροδρόμιο Στρασβούργου-Εντσχαϊμ.	152.44667053222656
σμου. Η σοσιαλδημοκρατία καταστρέφει τη Γαλλία.	76.38330841064453
Η Κοινότητα δεν είναι και δεν πρέπει να γίνει ένα βάζο με μαρμελάδα, διαφορετικά κάθε επιχείρηση που κινδυνεύει θα τρέχει να ζητήσει βοήθεια από τις Βρυξέλλες.	178.69805908203125
Ο μακάβριος χορός του θανάτου, κύριε Πρόεδρε, και το γαϊτανάκι των θανατηφόρων συμφερόντων εκείνων που διευθύνουν την προγραμματισμένη εξολόθρευση της ανθρωπότητας είναι πολύ ιδιότροπα και πολύ κυνικά.	243.364990234375
Ζητώ συγγνώμη από το Σώμα που δεν ακομπανιάρω κι εγώ με ένα μικρό γιουκουλέλε.	143.1825408935547
Τούτο συμβαίνει βέβαια επειδή όλοι οι παραγωγοί πρόσθεσαν στις καλλιέργειες τους και την πατάτα λόγω της χαμηλής τιμής των άλλων προϊόντων τους.	153.81944274902344
Στη μεγάλη αυτή φάρμα του κόσμου συμβαίνει ακριβώς το ίδιο: όλοι οι λαοί, τυπικά, είναι ίσοι.	130.9202423095703
Αυτά πρέπει να γίνουν, αλλιώς αυτή η τροποποίηση θα ήταν μια τρύπα στο νερό, ίσως μια σικέ επιχείρηση.	135.86538696289062
Μη μου ζητάτε να ποντάρω σε μία μέθοδο κατ' αποκλειστικότητα. Δεν θά' ταν	119.47953033447266
στη Βοσνία, αλλά δεν υπάρχει επίσης κανένας που νά'χει πατέντα για το μόνο σωστό μέτρο, ούτε ηθική, ούτε πολιτική, ούτε στρατιωτική πατέντα.	189.67446899414062
Και τις φανερές μεταφυσικές της ρίζες είτε το παραδέχεται ο μοντέρνος άνθρωπος είτε όχι.	130.7134552001953
Οποιοσδήποτε φονταμενταλισμός που πνίγει την ελευθερία της έκφρασης, απ' όπου και αν προέρχεται και με οποιδήποτε κίνητρο, δεν μπορεί να περάσει απαρατήρητος.	195.42628479003906
Θα πρέπει δηλαδή .να δούμε ποιος θα είναι εκείνος ο οργανισμός που θα σπρώξει αυτό το νέο βαγόνι του τρένου.	152.0953369140625
τότε μία πρόταση ώστε να απαλειφθεί ο κορμοράνος από τον κατάλογο των προστατευομένων ειδών.	140.6495361328125
Δεύτερον, θα ήθελα να διαμαρτυρηθώ κατά μιας τσεχικής έκθεσης στο φουαγιέ του Κοινοβουλίου, που αποτελεί στρέβλωση της ιστορίας, μια και αρνείται την επί 800 χρόνια θετική συμβίωση των Τσέχων με τους Γερμανούς στα κράτη της Βοημίας, καθώς και την ενάντια στο διεθνές δίκαιο, βίαια εκδίωξη 3,5 εκατ.	384.87603759765625
Αφετέρου, η Γερμανία και οι χώρες που ευθυγραμμίζονται με το γερμανικό μάρκο, το φιορίνι, το βελγικό ή λουξεμβουργιανό φράγκο και το αυστριακό σελίνι δεν προτίθενται να φτάσουν στο ενιαίο νόμισμα μέσα σε μία κατάσταση νομισματικής αστάθειας, μακροοικονομικής και πολιτικής απόκκλισης.	359.24066162109375