关税 虽然 会 对 出口 有 一定 影响	66.98355102539062
花樣 年華應 該 不是 1994 年 的 作品 吧 ?	101.57015991210938
中國 在 北極 地區 尋求 更 大 影響力	64.43121337890625
世界 是 需要 被 调侃 的	58.636295318603516
* 曾 有 在 注射 后 数分钟 发生 严重 背部 痉挛 或 疼痛 的 报告	116.8500747680664
這些 營養 迷思 可能 害到 你 !	74.40354919433594
坦克 的 发展 历程	48.801448822021484
你 可能 是 个 假 的 素鸡 粉	72.55424499511719
具备 一定 的 数学 背景	51.33172607421875
路线 方案 尚需 验证	62.752479553222656
蚂蚁 博客	33.688133239746094
喇嘛 诵经 并 开放 贝子庙 各殿	95.11426544189453
文法 俱乐部 1993 年	56.032379150390625
3 .   支付 与 市场 基础设施 委员会	81.7264404296875
物理 引擎	37.17415237426758
宸 沁 電話 商行 的 營業 項目	92.78080749511719
您 还 可以 取消 激活	52.15470886230469
幽默 是 化解 尴尬 的 良药   149	90.08252716064453
夫妇 和 浪漫	45.90919494628906
晚餐前 喝 饮料 的 好 地方	60.14630889892578
合作 与 融合 是 未来 之 路	60.63825988769531
叮噹貓 , 多謝 你 美麗 的 聖誕 咭 .	93.87216186523438
德雷 在 自己 的 酒吧 弹唱	69.80583190917969
大家 都 去 坐 巴士   !	62.757667541503906
松下 冰箱 质量 怎么样 2004 年	74.3596420288086
对 种族隔离 博物馆 的 入口	63.72355651855469
生命 生而 例外	54.489463806152344
克里斯布朗  陷入 性丑闻   女性 在 其 主办 派对 上 遭强奸	121.88409423828125
这家 中国 电池 制造商 的 产量 将 很快 超过 特斯拉	77.7262191772461
解放 工作人员	41.46449661254883
银行 账户 毫无 理由 被 关闭	60.45838928222656
7   西方 的 反應	57.90744400024414
朱古力 銀行	44.44584274291992
使用 季節 食材 所 製 成 的 日本料理	77.15008544921875
芝加哥 小组 宣布 决定 致命 的 2014 年 警察 射击	95.77625274658203
碳 強度 在 2005 年 的 基準 上 降低 60 - 65%	95.98635864257812
俄羅斯 電子 商務 市場	43.11098098754883
更 真实 的 一个 卡波特	62.30591583251953
沙龙 365   专题	57.8758430480957
其中 包括 对阵 塞维利亚 的 两条 欧洲 冠军联赛 以及 与 前 四大 对手 切尔西  和  利物浦 的 联赛	159.001220703125
所有 关于 阿根廷 探戈	54.83824157714844
在 弹 着 吉他 吗 ?	66.84354400634766
3 . 質量 比例 的 流行病	70.89529418945312
克拉花 原来 我们 已经 见 过 了	74.07612609863281
 意大利乙	42.07160186767578
 世界  營銷 大師 米爾頓 ?	78.5862045288086
最少   3   年 臨床 經驗	63.86759948730469
200 克 樱桃 番茄 , 切成 两半	84.4148941040039
日本 從 臺 灣獲 得 300 噸 鮪 魚捕 撈量 配額	118.35498809814453
你 有 多少 粉丝 ?	45.66716384887695
2014 年 被 谷歌 以 4 億英 鎊 收購	71.38457489013672
新年 秀 !	42.561065673828125
雪 预算案 赤字 提高	69.01229858398438
萨克拉门托 获得 了 自己 的 深夜 脱口秀 节目	81.38831329345703
不 推 嗎 !	51.15409851074219
第 176 爹地 吃醋 了	77.52750396728516
迷你 小 相机	43.64374542236328
大使 閣下 的 料理 人 17 .	77.57974243164062
番外 第 19 章   新 的 方向	67.0462417602539
金本秀夫   [ 野球 選手 ]   [ 1942 年 5 月 1 日 ]	97.28262329101562
越来越 多 的 人 喜欢 在 冬天 吃 冰淇淋 !	66.1279525756836
德國 有 機會 在 這 方面 采取 關鍵 立場 ?	97.2914810180664
为什么 叫 的士	47.4017219543457
進化 的 故事	41.026485443115234
嘉年华   100	46.64299774169922
那么 侃爷 的 演唱会 肯定 能 让 你 嗨 起来 啦 !	106.9954605102539
绝望 的 铁路 通勤 者 徒劳地 挣扎 着 拯救 一个 在 繁忙 的 车站 遭受 心脏 骤停 的 孩子	153.51895141601562
只有 在 拜拜 或是 特殊 的 時候 ...	86.83319091796875
價值 組合 ,	47.47307205200195
訂購 金額 滿 250 元 或 便當 4 個 以上 即可 外送	114.13526153564453
17 年 10 月 18 日 你 知道 如何 吃 三文鱼 吗 ?	85.89321899414062
抽象 和 几何	36.219635009765625
如何 去 维多利亚 与 艾伯特 博物馆	64.18877410888672
每個 圖片 上 都 說明 了 該 服裝 適穿 的 場合	105.8546142578125
摩根大通  黑客 案给 白宫 和 华尔街 敲响警钟	93.12687683105469
卫生 研究 迈克尔 史密斯 基金会	62.248592376708984
夏季 俱樂部	36.373600006103516
吉米 巴特勒  在 输球 方面 得到 26 分	94.59309387207031
教 你 怎么 选购 最 适合 你 的 麦克风	68.73370361328125
为何 中国 正在 领导 着 比特 币 的 全球性 崛起   |   巴比特   资讯	117.08729553222656
大韩民国 总统 抵达 塔什干	57.59784698486328
5 .   歌舞伎 以前 是 由 男性 扮演	82.44001007080078
这种 需要 谈论 我 或 你 的 妈咪 吗 ?	87.1673812866211
怎麼 可能 不 辦個 趴踢  呢 !	91.25819396972656
我 想 试试 蹦极 .	62.49821853637695
* 請 自備 化妝品 和 座 枱 鏡	86.82653045654297
这是 一个 大规模 歇斯底里 的 例子 吗 ?	73.11450958251953
加拿大 樹林 拍 到 詭異 的 人形 怪物	85.07642364501953
下 一页   :   欧盟 对 电力电缆 卡特尔 罚款 4.16 亿美元	138.26699829101562
7   校园 霸凌	56.175575256347656
姐 家庭式 的 經營 方式 , 卻 讓 我們 更 感受 到 不同 於 其他 民宿 的 地方 ..	134.07826232910156
豬哥 會社 ( 10 月 10 日 )	67.97339630126953
7 .   搖滾 這個 國家 巡演 拉開 帷幕 月   5 ,   2015   在 西雅圖 ,   華盛頓 和 到 十月 跑   27 ,   2015   基洛 納 ,   不列 顛哥倫 比亞省 ,   加拿大 .	266.186279296875
首届 康巴什  金融 经济 论坛 举行	80.7082290649414
壽司 吧 請 人	56.947509765625
到 處 都 是 比基尼	49.39524841308594
再说 了 , 我 也 不至于 傻到 完全 拷贝 呀 !	109.23291778564453
1981   -   摩登 保鑣	73.75701904296875
費城 造幣 廠樣 本 沒 有 鑄造 標記	101.45790100097656
美国 金融 史 -- 从 克里斯托弗 . 哥伦布 到 强盗 大亨 ( 第一卷 )	121.4591064453125
回顧 - 越戰 的 悲劇 與 教訓	65.18907928466797
可愛的 郵便局	43.36812210083008
咖啡 專賣 ( 9101 )	61.07905960083008
很棒 的 披薩 以及 很棒 的 經歷	69.81584930419922
# 25   剎那	44.16912078857422
逼 退國 安部 長 不能 解決 非法 移民 問題	89.81122589111328
查看 更 多 关于   法国 吐司 图片   素材	85.325927734375
她 就是 为 芭蕾 而生 的	61.77293395996094
最受 歡迎 日間 時段 脫口秀 主持人 -   2012 ,   2013 ,   2014	112.550048828125
07 . 我 不是 援交 妹	68.05531311035156
著到 好似 忍者 咁 嘅 單 車 郵 差	111.64949798583984
紐約 有 全 北美 最大 亦 係 最慢 嘅 巴士 團隊	115.00476837158203
當你 伸手 去 攞 嗰 一 塊 朱古力	93.74822235107422
我地 依家 知道 想像力 同長 期規劃 能力 嘅 大 腦 電 路 系 統	147.40554809570312
對 另 一個 人 嘅 浪漫 愛意	68.24274444580078
即使 我 一個 自稱 女權 主義 者 嘅 人 內 心 都 接受 咗 男權 主義	118.54306030273438
呢種 逐步 改良 嘅 方法 最 終會令 你 整到 一個 好 嘅 引擎	125.92681884765625
治療 完 之 後 嘅 一 個 禮 拜 佢 會 覺 得 迷茫	118.33942413330078
我 哋 博客 上面 嘅 人 之 後 會 再 問 你	97.92013549804688
事實 上 好似 空中巴士 呢種 公司 宜家 認真 咁 研究 市區 空中 的士 講明 咗 一 啲 事	201.12818908691406
就算 你 唔 鍾 意 官僚 主義你 都 可以 用 佢 黎 製 造 幽默	131.86868286132812
於 是 決定 創作 一本 漫畫 書書 中 嘅 卡通人物 會 扮演 呢 啲 故事 用 有趣 同 搞笑 的 方法 敎 識 佢 哋	205.33511352539062
講到 連 繫 其他人 你 哋 都 知 我 鍾 意後葉 荷爾蒙	138.5060577392578
所以 非常 酷 嘅 構 想 係 而 你 下 載 製 造 某 個 分子 嘅 有 機 化 學 藍 圖 然 後 你 按 著 個 藍 圖 喺 部 機 度 製 造 個 分子	232.76100158691406
你 可以 將抗 胰島素 諗 成細胞 獲取 能量 嘅 能力 下降 當我 哋 攝取 卡路里 嘅 時 候 我 哋 會 將 部分 消耗 同 部分 儲存	225.63970947265625
飛船上 嘅 空 間 同 資 源 都 受到限制	109.4945297241211
如果 你品 嘗 當地 小型 啤酒 廠 嘅 一 種 啤酒 都 係 一種 微生物 嘅 產 物	134.1731719970703
我 哋 唔 係 生出 嚟 就 淨食 三文治 或者 彩虹 糖	125.26429748535156
甜品 就 係 響 出面 買 嘅 雪糕 或者 曲奇 餅	123.01197814941406
幾 年前 當我去 其中 一個 俱樂部 時 我 見 到 一個 十三 歲 嘅 男仔 對 於 自己 嘅 遊 戲	142.28892517089844
帶 埋 相片 旅行 貼士	74.77706909179688
呢 啲 系 我 幫襯 過 嘅 一部分 士多 因 為 佢 地 想 知道 我 去 過 邉	167.8821563720703
佢 嘅 沟通 同 社交 不可思议 嘅 提升 到 可以 去 正常 嘅 学校 返 学 佢 甚至 变成 咗 一个 空手道 嘅 冠 軍	211.47129821777344
我 今日 呢 個 故仔 呢 我 曾 經有個 學生 呢   佢 係 一 個 巴士 狂 嚟 嘅	165.05242919921875
我 唔 相信 波斯 尼亞有 女性 從事 商業       但 路口 附近 就       有位 女士 賣 芝士	171.0298614501953
佢 係 售 賣 朱古力 嘅	68.41236114501953
你 可以 將抗 胰島素 諗 成   細胞 獲取 能量 嘅 能力 下降   就 好似 我頭 先 提到   當我 哋 攝取 卡路里 嘅 時 候	238.8423309326172
每个 人 都 能 有 自己 的 博客 或者 聚友 网 的 页面   每个 人 都 拥有 表达 自己 的 途径   所以 现在 的 问题 不是	155.92054748535156
我們 花 了 幾年 去 得到 成像 引擎   在 那裡 我們 可以 真正 建立 一個 好 的 應用 程序 以及 運輸	162.37355041503906
埃及 學家 早就 知道 伊塔 威 嘅 大概 位置   約 莫位 於 兩個 法老 所 起 嘅 呢 個 城 嘅   金字塔 附近   就 係 圖 中紅色 圈裡邊	277.9788818359375
我 哋 唔 係 生出 嚟 就 淨食 三文治 或者 彩虹 糖	125.26429748535156
就 好似 你 哋 幻想 中 浪漫 嘅 歐 洲 咁 樣	111.84671783447266
甜品 就 係 響 出面 買 嘅 雪糕 或者 曲奇餅 	124.57593536376953
所以 非常 酷 嘅 構 想 係   我 哋 想 有 一個 通用 嘅 墨水 匣   可以 將 佢 放 落 打印 機	189.55665588378906
你 喺 麥 當 勞 見 到 嘅 沙律   就 係 我 哋 嘅 成果	126.13178253173828
摩托 車 到底 是 啥 啊 ?	64.02742004394531
他 喜愛跳 彈簧床 ,   扮 忍者 ,   還有 跳舞	110.48521423339844
幾 年前 當我去 其中 一個 俱樂部 時	71.36927795410156
我講 拜拜 啦	50.086814880371094
又 欢迎 1997 年 6 月 11 日至 13 日 在 曼谷 举行 的 第二次 亚非 论坛 所 取得 的 成果 , 认为 是 加强 南南合作 的 一种 机制 , 以及 欢迎 第二次 非洲 发展 问题 东京国际 会议 将 于 1998 年 10 月 在 日本 召开 , 同时 吁请 国际 社会 重申 其 对 支持 非洲 发展 努力 的 承诺 ,	314.7170104980469
考虑 到 瓦斯 纳尔 协议书 成员国 和 其它 武器 生产国 十分 积极 的 态度 , 其 内容 是 建议 在 西非 就 轻武器 实施 暂停 的 提议 ;	224.79800415039062
纳粹 没有 幽默感 , 那么 为什么 他们 想要 的 电视 吗 ?	111.84237670898438
同时 你 可能 会想 了解 一些 基督教 历史 :	85.29216003417969
为什么 我们 不像 去年 夏天 我们 在 一起 , 在 你 的 大 的 研究 中 , 蓝色 的 沙发 上 , 机密 的 沙发 吗 ?	170.50714111328125
如果 我 是 免费 的 , 为什么 这些 酒吧 和 门 ?	95.761962890625
这是 一个 理由 足以 让 他 不要 把 他 的 眼睛 , 因为 她 有点 年轻 吗 ?	123.5848388671875
清高 的 安拉 说 : 的 子孙 啊 !	102.21370697021484
真的 是 太 容易 相信 , 我们 只是 选择 了 正确 的 从 数十亿 的 甲板 卡 吗 ?	148.587890625
如果 我们 想要 赢得 反对 激进 伊斯兰教 的 战争   -   而且 在我看来 它 应该 是 西方 和 穆斯林 世界 的 头号 优先 事项   -   我们 需要 称之为 它 的 本质 ...	187.84947204589844
如果 他 可以 在 扑克 界 改变 点 什么 :   也 是 改变 自己 的 年纪	127.67411041259766
希望 我们 可以 得到 它 在 悉尼 !	68.26172637939453
094   單選題   柴油 引擎 康敏式 (	109.37565612792969
2020 年 葡萄牙 将 拥有 19 家新 的 私立 医院	84.03942108154297
4 不 做 的 事情 如果 你 想 平衡 你 的 荷尔蒙	83.50951385498047
蓮心園 的 便當   是 阿嬷 的 生活 的 支柱	114.47592163085938
似乎 每 一个 优秀 的 技术 极客 有 一个 除了 我 !	104.28661346435547
一些 媒体 也 开始 报道 ( 我 仍然 喜欢 那种 冰淇淋 ) :	105.91050720214844
一项 关于 瑜伽 的 新 研究 可能 有 一些 答案	77.1296615600586
我 想 这 就是 为什么 你 会 看到 缺乏 一些 非常 大 的 现实 / 无 脚本 系列	137.9114227294922
这 家伙 有 雷达 或 什么 ?	67.46482849121094
更 多 阅读 妇女 政策 行动 坦克 .	84.96744537353516
你 有 一个 很 性感 的 走 ,   你 不是 一个 时尚 模特 ?	104.96586608886719
但 什么 是 经验 , 鸦片 在 哪里 ?	78.04744720458984
为什么 机器人 很快 会 采摘 柔软 的 水果 和 沙拉	93.1685791015625
为 那些 希望 探索 为什么 我们 有 的 拷贝 是 可靠 的 ,   检查 文章 在 以下 链接 :	138.39361572265625
外国人 被 问及 他们 是否 认为 英格兰队 将 赢得 2010 年 世界杯   -   那些 不会 开始 歇斯底里 地笑 的 人 将 被 送 回家	183.73483276367188
谁 会 让 我 一件 新 夹克 吗 ?	79.09857177734375
一位 穆斯林 说 他 不会 碰 你 旅行车 里 的 比基尼	106.8406982421875
它 开始 看起来 像 一个 三重 麦克风 !	75.9168930053711
親愛的 兄弟姐妹 們 ,   我 希望 分享 我謙遜 的 哲學 ~ ~   這是 奠基 於 愛 之上 的 .	154.8193817138672
吃掉 一至 四块 朱古力 但别 吃 了 最后 的	98.77482604980469
以下 是 大 曼彻斯特 的 所有 皇家 婚礼 街头 派对	95.3177719116211
丁克 夫妻 从未 举行 了 人质 , 他们 吗 ?	114.9777603149414
大 菩萨 到 娑婆 世界 ?	72.49627685546875