Автор: Питер Лион Тех, кто получают извещения о том, что происходит в мире сегодня из печати и дальновидения, нужно простить за то, что они не видят в ООН ничего кроме Совета безопасности и Общего собрания , также, что проводимые там действия касаются только бесконечных и бесплотных обсуждений, периодически прерываемых запретами Совета безопасности, и что не происходит сдвигов, нет движения вперед, никакие положительные действия не предлагаются, не планируются и не кажутся возможными.	423.36541748046875
Общее собрание является ядром Учреждения Объединенных Народностей, в которые входят государства, не важно - большие или маленькие; и эти государства обладают равными правами, и у них  право есть ровно на один голос.	197.19509887695312
Влияние и полномочия Чиновнического Отдела зависят (в определенной степени, но не так сильно, как это принято считать) от возможностей и одаренности всего одного человека - а именно, Главного Чиновника.	168.67025756835938
Некоторые люди, которые составляли Устав ООН, полагали, что Главный Чиновник будет обычным чиновником, выполняющим все приказы сверхдержав; другие считали, что он мог бы стать руководителем, по желанию и действиям которого, все Великие державы будут зависеть от него.	204.03787231445312
На данный момент трудность мира остается нерешенной. ООН, вместо того чтобы решать ее, продолжает играть в детский сад.	109.7465591430664
Тех, кто узнает о мировых событиях из печати или ТВ новостей, можно простить за то, что они думают, что ООН включает в себя только Совет Безопасности и Общее собрание, что единственное, что там происходит - это бесконечные, ни к чему не приводящие, обсуждения, решению которых, время от времени, препятствует использование СССР права запрета, что там нет никакого развития, а также предложений, намерений и возможностей или одобрительных действий.	336.02264404296875
1. Заместитель главы государства	40.89442443847656
Думаю, что ваше сообщество нуждается в моих услугах и поэтому я мог бы приступить к работе в любое время.	88.72257995605469
Уважаемый господин Кейс,	37.58134078979492
На предыдущем месте работы, в область моих обязанностей входило управление отделом разработок и исследований организации Харрингтон Кемикл Ко , который проводил изыскания по вопросам использования теплоядерной мощности, лазерного излучения, опытно-конструкторскую работу с состоящим из частиц водородом, а также вычислительный разбор тритийных соединений.	299.3682556152344
Я окончил среднее учебное заведение и работал в отделе исследований и разработок.	63.30618667602539
Зигфрид, разряд Иллинойс	61.426151275634766
Также выяснилось, что в личных целях служебную сеть используют 61 из ста опрошенных, и время, затраченное на это составляет примерно 3,1 часа в неделю или четверть всего рабочего времени.	172.76539611816406
По данным дальнослухового опроса, заказанного службой Вебсенс , которая занимается созданием программного обеспечения для отслеживания и просеивания данных, поступающих через сеть, каждый четвертый служащий просматривает или слушает межсетевые новости со своего рабочего места, по крайней мере, раз в неделю. А 18% загружали и хранили многосредственные данные несвязанные с работой.	317.8323974609375
Защита исследовательского доклада на соискание степени ученого наук пройдет в высшем учебном заведении Упсала, в читательском зале 9, в пятницу, 12 студня, 2003, в 10:15.	174.885009765625
Словарные данные извлекаются из совокупности записанной речи при помощи выравнивания по границе слова.	107.3979721069336
Йорг Тидеманн, подраздедние лингвистики, высшее учебное заведение Уппсала, Виллавеген 4, помещение 527 751 20 Уппсала	186.10595703125
Если в течение следующего года положение резко не изменится, безработица станет сложностью числом один на предстоящих выборах главы государства.	131.03350830078125
Домоводы Милтон Фридман и Эдмунд Фелпс вынесли это построение на первое расположение в 1960х гг., хотя, как и большинство современных домоводческих идей, она была узнаваема в различных видах задолго до того, как они ее определили.	222.50616455078125
Одни из них питают нереальные ожидания; другие ощущают себя стесненными пожеланиями их супругов; третьи имеют достаточно сбережений и могут позволить себе быть более привередливыми , чем другие, при выборе работы. Некоторые уклоняющиеся несогласные переезжать.	244.00454711914062
Переезд, как правило, обходится дорого и часто чувственно труден, особенно для детей. Текущее затянувшееся переломное состояние на рынке жилья делает переезд особенно непривлекательным для одних.	154.5518035888672
Другой вид естественной безработицы едва различим, но вполне реален.	87.70194244384766
Частные страховые организации, которые могут предложить данный вид страхования, могли бы, как и все страховщики, предпринять меры по сокращению случаев неблагоприятного отбора (наклонность, состоящая в том, что страховку покупают те лица, для которых опасность наступления страхового случая более высок) и недобросовестного поведения.	215.39352416992188
Но теперь законом им предоставлены особые поблажки, в основном поблажка принимать участие в делах по рассмотрению случаев насилия или принуждения.	152.64768981933594
Таким образом, некоторые люди просто забывают включить в свой послужной список степень ученого. Безработица и общее домохозяйство государственная деятельность	146.7750244140625
Самая большая сложность, связанная с состоянием безработицы, не ее нечеткость, а, как и ВВП, скрытый смысл, что несут данные: мысль в том, что правительство может и должно активно пытаться справляться с безработицей.	202.89036560058594
Предположение, казалось, работало некоторое время, но развалилось в 1970х гг., когда появилось определение стагфляция .	120.5728988647461
Только те, кто услышав слово искусство хватаются за оружие (такие как покойный судящий Герр Доктор Йозеф Геббелс) могут невзлюбить Чарли Чаплина, чьи работы сегодня в Нью-Йорке переживают второе рождение. В это знойное время я воспользовался случаем и пересмотрел его Новые Времена .	323.2705078125
Я только могу сказать, что эта лента остается произведением искусства и является образцом глубокого осуждения современной жизни США.	110.81245422363281
Я не могу припомнить ни одного писателя короткого рассказа или научного очерка, или если уж на то пошло, ученого по человеческому обществу, летописца, обозревателяили рабочего подвижника, который так же ярко смог передать жизненные условия своего времени, как живо это сделал Чаплин.	279.5657958984375
Наше время с насмешкой показывает нам времена, где наладочное развитие переплетается с безработицей.	128.6066131591797
Напоминаю, что лента снята в середине тридцатых годов. Использование дальновидения, как властного разведчика, ожидало глубокий отклик для начала тридцатых годов в успешно продаваемой книге, писатель которой Ванс Пэкард.	245.68080139160156
В ленте есть этот завершающий отрывок с затемнением, когда он со своей барышней идет по дороге навстречу рассвету. Это действо можно считать обычным, а можно посмотреть с другой стороны.	182.9047088623047
В Японии, например, построение отношений в общине является наиболее важным. Огромное количество денег, а именно 40 млрд. долларов от затрат на продвижение товаров уходит на служебные развлечения каждый год.	173.18637084960938
Известные мошенники, Международное заемно-торговое учреждение, действительно специализировались на подслащивании наиболее ценных для них пользователей, в числе которых были международные преступники, наркобароны и жесткие властители третьего мира, оплачивая их кутежи в Лондоне и предоставляя многочисленные займовые возможности игорным домам Лас-Вегаса.	315.67022705078125
Несколько лет назад гостиница Риц, признающая, что основной вклад в доходы их столовых вносит проведение деловых встреч, учредили премию делового едока года По их словам, эта премия учреждена в честь представителей предпринимательства, которые больше других содействуют восстановлению народного хозяйства, обедая в столовыхгостиницы.	286.2226867675781
Являются ли выставка искусств предприятия Фиат , используемая для особых поездок с покупателями, или отдел по устройствуморских путешествий по средиземному морю немецким предприятием Некерман прибыльными? Это остается под вопросом.	265.6053466796875
В Австрии, где служебные развлечения освобождаются от налогов, празднование Моцарта для любителей звукового творчества, и альпийская здравница для горнолыжников - хорошее вложение денег.	178.58460998535156
Там он решил открыть свой переносной вычислительный прибор и отправить жене сетевое письмо в Миннеаполис.	117.44873046875
Но поистине недобросовестный руководитель служебных вечеринок - это относительно редкое явление.	103.3472671508789
К Вашим услугам: управляющие переездов; полный набор упаковочных услуг; знающие и доброжелательные сотрудники; широкий выбор упаковочных товаров; бесплатное составление сметы; страхование от всех опасностей; предоставление оборудования для внешнего подъема имущества с 1 по 12 уровни.	244.8603973388672
К вашим услугам: высокознающие и приветливые умельцы полный набор услуг по упаковке ваш личный управляющий переезда, который будет работать с вами на протяжении всего хода действия широкий выбор упаковочных товаров гибкие способы оплаты полная страховка подъем со 2-го по 13-й уровень внешним подъемным К вашим усл	332.30255126953125
Мы предлагаем услуги от двери до двери на пространстве Европы и грузовые перевозки по всему миру.	80.58329772949219
Английский язык, как ногомяч и другие виды телесных упражнений, зародился в Великобритании и распространился по всему миру.	109.76807403564453
Сегодня значимость английского языка признана во всем мире, все больше стран включают его как основной предмет в предписание начального образования.	108.0087661743164
И я планирую, что в ближайшие 10 лет, по крайней мере, 1 миллиард человек смогут пользоваться запасами и товарами Великобритании.	105.32833862304688
Переезжая в Великобританию, люди соглашаются на выполнение определенных обязательств, благодаря которым их положение гражданина страны может считаться по праву заслуженным.	117.17103576660156
Таким образом, одним из самых надежных способов развития в общественном, воспитательном и домохозяйственном плане является уверенное понимание того, что все мы - не просто команда ничем не связанных людей, а целая страна.	165.81948852539062
Это не шовинизм (ура-любовь к родине), а подлинный, разумный и целенаправленный - и, следовательно, я убежден, в высшей степени британский вид любви к родине. Любовь к родине несет в себе смысл все мы , а это больше чем каждый из нас и определяет народность не по племенной или родовой принадлежности, а видит нас частью единой задумки, из которой мы все извлекаем выгоду и в который вносим свой вклад.	379.1804504394531
Я уверен, что задумка гражданства основана на совместно-разделяемых ценностях, которые определяют нрав и склад мышления нашей страны. На самом деле, построению безопасного и процветающего будущего нашего народа помогут не только общепринятые ценности, которые мы разделяем, но и твердое понимание народнойзадумки.	244.56097412109375
Уважаемый господин Хайден. Я являюсь членом предприимчивой совокупности по сбору средств для знаменитого в нашем городе благотворительного общества Тимур и его объединение .	157.0320281982422
Первая доставка горячей еды планируется на Рождественской неделе. Местная печать готова оказать нам широкую образовательную поддержку и особо заинтересована в распределении благодетелей.	178.05516052246094
53,7% ценных бумаг объединения находятся во владении предприятия Джеспарель, остальные 46,3% ценных бумаг принадлежат широкой общественности. Сама объединение Джеспарель находится в совместном владении организацией Нестле, которой принадлежит 49% доходов, и барышне Беттенкурт и ее семьи, кому принадлежит главный набор ценных бумаг - 51%.	312.012451171875
В области науки о красоте внешности больше запасов было сосредоточено на исследованиях, для которых в 1997 году были выделены деньги в размере 2089 млн. франков. В соответствие с разработкой содействия объединения ЛОРЕАЛЬ вопросам защиты окружающей среды, в 1997 году 80% всех разрешенных к перевозке отходов были вновь использованы посредством переработки (31%), преобразования отходов в мощь (27%) и повторного использования (22%).	369.961669921875
Успешное продвижение товара	30.64403533935547
Ведь после всего, лишь путем угроз такой особенности Оппенхеймеры смогли захватить бразды правления над объединением Де Биэрс. До сих пор объединению удавалось использовать излишки поставок покупая большинство алмазов в мире.	275.4275207519531
Кэл: Приготовьтесь, Боб, ибо сейчас я буду рассуждать как бывший участник выборов главы страны от демократов Джордж Макговерн, который почти 40 лет назад призывал вернуть американских воинов домой.	187.04446411132812
Наше государство всегда готово броситься в бой и решить военное столкновение деньгами или мечом.	99.1605453491211
Боб: Согласен. Для нас свобода это право голоса, право свободно говорить и правительство, на решение которого не влияют вероисповедные взгляды. Многие страны с развивающейся демократией верят, что у них есть право на справедливые выборы, однако это не заручает свободу слова и вероисповедания. В Газе было свободные, справедливые выборы и Хамас победил, но жители Газы по-прежнему не могут свободно выражать свое мнение, и магометанство по-прежнему насаждает свои правила.	360.4591064453125
Затем другая, третья, и так далее, пока ваше рабочее помещение не перенесется из свободной комнаты в вашей квартире в здание на Манхеттене, где вы давно хотели обосноваться.	153.33929443359375
Успешным предпринимателем с большей долей вероятности может стать нарушитель спокойствия, бросивший учебное заведение ради поисков работы. Открыв в себе склонность к предпринимательству, он создает дело на пустом месте и развивает его, когда становится скучно работать в прежних условиях.	209.57896423339844
Возможно, этот способ и помог ему стать миллиардером.	57.24129867553711
Я должен был научиться ждать до следующей недели. Очевидно, мои родители, следовали наставление , которую Чарльзу Диккенсу дал его отец ... Ежегодный доход, двадцать фунтов, ежегодный расход девятнадцать фунтов: результат- счастье. Годовой доход, двадцать фунтов, ежегодный расход, двадцать один фунт; исход - страдания .	289.6542663574219
Исследователи такой болезни, как ожирение, полагают, что вид жировой ткани, расположенной в нижней части живота биохимически отличен от жировой ткани, расположенной в других частях тела и отрицательно влияет на гормональный состав и содержание жира в крови.	148.80055236816406
Доктор Маргарет Ашвелл, научный руководитель Британского Фонда Питания, подчеркнула бессмысленность известных образов питания, которые утверждают, что уменьшат объем бедер и объем талии.	171.89964294433594
Всевозможные брюки и кроссовки, футболки и босоножкидля мужчин и для женщин.	88.73300170898438
По его словам, несмотря на то, что спрос на ношение неформальной одежды начался давно, по-настоящему он прижился лишь 15 лет назад, когда люди денег с Уолл Стрит ввели отмену установленных правил о том, как одеваться по пятницам.	203.95555114746094
Благодаря этому люди стали спрашивать себя для чего им нужно надевать деловую одежду , так же он отмечает: Но у них всегда на рабочем месте есть деловая одежда с повязкой на шею на случай, если нужно будет поехать на встречу с покупателями.	211.8248291015625
По мнению научного сотрудника Купер, в то время как деловая одежда еще имеет возможность выжить, дни шейных повязок  сочтены.	154.36814880371094
Причиной отказа от определённых обязательств по отношению к семье, является безразличие и нравственная несостоятельность Поколения Я.	118.20558166503906
Перед их встречей на праздновании трехсотлетней годовщины родного города г-на Путина Санкт-Петербурга парламент России утвердил соглашение, которое обязует Россию и США сократить на две трети свои ядерные боеприпасы отрезком времени более чем на десять лет (соглашение было подписано в прошлом году, но парламент отказался утвердить его во время войны в Ираке).	250.5731201171875
В соглашении, подписанном на внеочередной встрече лидеров стран-членов НАТО, отмечался еще один важный шаг союза, направленный на то, чтобы остановить смену внешнеполитического напрвления Москвы по отношению к Западу.	160.88543701171875
До этого момента зарождающаяся Лейбористское объединение было лишь в подчинении либералов, помогая им добиться полной победы на выборах в 1906 году, и привести в исполнение далеко идущая задумка по проведению общественной и законоправленной обновлений, главной движущей силой которых был Лойд-Джорж.	274.8868103027344
С точки зрения поставщиков, лучшим решением является предоплата, т.е. когда покупатель может внести предоплату.	94.83538818359375
Сейчас можно сделать дальнослуховой  звонок, вычислительная машина отправит простой заёмный документ, который будет немедленно получен.	155.94915771484375
НАТО больше не ощущает обычных крупных военных угроз для пространства Альянса. Сегодня приходится сталкиваться с другими опасностями и вызовами: нестабильность, борьба на государственной или вероисповедной почвах, соревнования за природные богатства, распространение оружия общего уничтожения, несостоявшиеся государства, уничтожение народов, <N10>огромное</N10> <N11>переселение</N11>, <N12>согласованная</N12> преступность, <N13>удалённые сетевые нападения</N13> и <N14>устрашение</N14>.	408.296630859375
Просроченный заем не значит безнадежное предприятие.	66.72958374023438
В случае просрочки платежа денежное учреждение может выставить счет недобросовестным плательщикам за услуги собирателя.	108.50096893310547
Несмотря на то, что все хотят, чтобы новый глава государства Европейских полномоченных лиц занял свое место как можно скорее, Государственное Собрание, которое как всегда горит желанием добавить себе полномочий, требует, чтобы действие избрания было проведено по новым амстердамским соглашениям. Пострадав от азиатского домохозяйственного спада и бесконечных проблем с производством и сбытом Боинг все же стремится представить в наилучшем свете свои ежегодные новости о производстве и продажах.	427.00634765625
Попытка сохранить изменения в Бреттон-Вудской денежной системе зависимости обменных ставок, которые были предприняты в Смитсоновском соглашении 1972 года, провалилась, и в начале 1973 года колебание ставок денежных единиц продолжилось; в 1970-ых годах доллар США потерял более чем половину своей стоимости относительно немецкой марки и японской иены.	244.52622985839844
В начале 1980-х годов глобальный денежный упадок затронул и мексиканское песо, бразильский крузейро, аргентинское песо и деньги многих других развивающихся стран.	119.0716552734375
Финская марка, шведская крона, британский фунт, итальянская лира и испанская песета были обесценены за минувшие шесть месяцев 1992 года; большинство этих денег  обесценились на 30 доль относительно немецкой марки.	169.28030395507812
Цена за  бочку горючего масла составил 2,50$ в начале 1970-ых годов и 40$ в конце десятилетия; в середине 1980-ых цена на горючее масло составила 12$ за  бочку, затем в конце 1980-ых цена вернулась на уровень 40$ после иракского вторжения в Кувейт. Количество разорений денежных хранилищ в течение 1980-ых и 1990-ых годов было довольно значительно, их было куда больше чем в прежние десятилетия.	293.66278076171875
Несколько из этих разорений были обусловлены произошедшими национальными событиями: Национальное денежное хранилище Франклин в Нью-Йорке и денежное хранилище Херштат в Кельне, Германия, сделали большие ставки на изменения в стоимости денег в начале 1970-ых годов, и оба денежных хранилища прогадали и были вынуждены закрыться из-за крупных потерь.	266.0856628417969
Так же, когда мексиканская денежная единица и деньги других развивающихся стран резко обесценились в начале 1980-х годов, большинство денежных хранилищ этих стран разорились из-за наличия крупных заёмных потерь и потерь от переоценки денежной единицы их заемщиков.	197.5115509033203
Домохозяйственная ситуация в стране после нескольких лет подобного пузырю поведения напоминает молодого человека на двухколесном самокате; ездок постоянно должен крутить ножные рычаги, иначе двухколесный самокат не будет ехать.	244.3292694091797
У людей появляются мысли, что никогда не было лучше, чем сейчас . Затем ценовая вершина средств начинает уменьшаться.	131.83920288085938
Нарушение правил устанавливает предшествующий случай и новое правило, которого должны придерживаться столько, сколько этого требует случай.	108.81950378417969
Соединенные Штаты действовали как заимодавцы последней надежды во время мексиканского денежного упадка в конце 1994 года. Международное денежное учреждение действовало как заимодавец последней надежды во время российского денежного <N10>упадка</N10> 1998 года, прежде всего благодаря влиянию американского и немецкого правительств.	244.4422607421875
Как промышленность cладкого песка затрагивает Государственный заповедник Флориды Эверглейдс? Почему Скандинавия - мировой передовик по использованию сотового дальнеслуха?	209.54786682128906
Как переворот микроэлектроники изменил производительность и конкурентоспособность, а также всемирное устойчивое развитие этой отрасли?	108.93141174316406
По способам исследования, хозяйственные землеведы используют разнообразие средств, которое содержит землеведческие справочные приёмы, расчетные образцы, и качественные оценки, основанные на <N10>опросах</N10> и полевых работах.	237.9154052734375
Если Вы понимаете науку землеведение как исследование людей в пространстве и ходе времени, то эта мысль подразумевает, что землеведение и ходе времени неотделимы, действительно неразличимы.	168.55751037597656
Летописное понимание выделяет общее предположение, что настоящее — это типичный или обычный путь, которым люди устраивают себя, поскольку летопись, как и землеведение, которая преподает нам полный расклад и разнообразие видов человеческого поведения, обычаев, и общественных устроений. Всё <N10>землеведение</N10> построено летописно, и вся <N11>летопись</N11> разворачивается пространственно.	367.1717529296875
Пренебрежение полом означает предположение того, что жизнь мужчины — обыкновение, что не существует основных различий между жизненным опытом мужчины или женщины, принужденных к общественным отношениям.	166.925537109375
Хороший образец достаточно прост для понимания его пользователями и использования в широком разнообразии обстоятельств.	99.07758331298828
Другие ученые отмечали, что учение о местоположении имеет склонность отражать существующее положение дел и неспособна к обеспечению всестороннего объяснения того, как землеведение привязано к общественному, не только личному поведению.	205.51702880859375
Государственное хозяйствоведение. Государственное хозяйствоведение — способ рассмотрения общества и землеведения как объединенного целого, то есть, как совокупность с устроем, который превышает количество отдельно взятых поведений людей.	181.76768493652344
Понятие подразумевает, что это направление включает и государственные и хозяйственные области и отказывается их разделять. Хозяйственные устрои — полностью государственные единицы, и Правление и власть неотделимы от <N10>хозяйствования</N10> во многих <N11>видах</N11>	272.7336730957031
Государственные хозяйственники отклоняют понятие свободного рынка как басню с небольшим основанием в действительности; вместо этого, существует капитализм, который является одновременно хозяйственным, государственным, обычайным, и пространственным.	199.0364532470703
Предложение создать и поставить просветитель продольного гамма-излучения с устройством затворения ядра для определения относительной стадийной проницаемости (ОФП) на установившихся и неустановившихся условиях	201.42062377929688
По образцу Белери да Силвы предсказание показывает более значительные изменения составного состава в нижней части пласта, в то время как в верхней его части разнообразие составного состава меньше.	174.54019165039062
Состояние нулевого  составляющего  потока и установившийся распорядок - одни из нескольких условий, которые можно допустить при решении  уклона  состава.	173.12759399414062
Количественное представление исходной погрешности жидкости может быть определено с помощью чертежа данных с усами глубины (отрезок пробивки) и состава.	159.43594360351562
Рынки включают лавку товаров повседневного спроса за углом, биржевой рынок, рынок нейрохирургии, денежный рынок, ближайший прилавок с лимонадом, мировой рынок стали.	197.50613403320312
Торговое равновесие постоянно помещают на заголовки печатных изданий, но что он оценивает и почему это важно не всегда понятно.	128.05718994140625
Если цена на горючее увеличивается на 50% вследствие более дорогого ввоза сырого горючего масла, то потребители заменяют старые повозки на более бережливые.	164.10845947265625
Международная дальноглуховая служба не имеет достойной замены: международное учреждение пересылки работает медленно, электронная связь безлика и так далее.	181.22396850585938
Более высокая относительная цена на воздухообразное вещество снизила покупательную способность денежных доходов населения, что привело к снижению потребления всех товаров, включая горючее масло.	140.39016723632812
Если умозрительный образ оказывается полезным для предсказания событий, то он принимается. Кривая спроса, изображенная на рисунке 1.1, представляет первый шаг построения образа.	154.7054443359375
Североамериканская область свободной торговли (НАФТА) способствует увеличению спроса на товары, произведенные в Канаде, Мексике и США.	79.19424438476562
Если расценка повышается, то стоимость производства дальновидов в США увеличивается. Предприятия, вероятно, будут повышать цены на дальновиды.	126.24553680419922
С другой стороны, государственный распорядительный отдел может решить что, минимальная цена в 15 долл. США могла бы принести выгоду промышленности.	140.2445526123047
При сравнении цен на внешнем и внутреннем рынках торговец должен перейти к единой денежной единице .	98.33061218261719
Каждое отдельное предприятие или потребитель совершает свой оптимальный выбор с учетом имеющихся сведений, цен, сметы и так далее.	115.1141128540039
Если они решают купить повозку из Японии, они должны воспринимать японские повозки как самую доступную сделку.	105.84822082519531
США имеет недостаток торгового равновесия с НАФТА и Японией, а положительное превышение торгового равновесия с ЕС.	102.13568878173828
18 апреля 1997 г. издание Юэсэй Тудей вышла с заголовком Ошибка Хорошие новости о торговом недостатке .	165.0632781982422
Вам не нужно знать правило сравнительного преимущества, чтобы вести международное дело, однако это правило лежит в основе международной торговой деятельности.	113.08340454101562
Лучшая основв обеспечения снижает расходы на перевозку и деловые услуги, что делает страну более конкурентоспособной на мировом рынке.	131.7074432373047
Без ВТО отечественное покровительство будет взято за правило, а доходы будут падать. Пример 1.18 Насколько хозяйство является открытым?	172.20281982421875
Как-то вечером я допоздна работал в моей мастерской валяя дурака, потягивая можжевеловку и другие жидкости, покидая комнату я поскользнулся на девятке бубен, которую кто-то обронил на пол и опрокинул мой карточный перечень в котором были имена и адреса всех заслуживающих внимания личинок в Северной Америке.	332.95709228515625
Во вторник заместитель главы правительства Джулия Гиллард заявила, что сталелитейная промышленность имеет решающее значение для будущего Австралии, так как она развивалась, чтобы защитить отрасль, страдающую от хозяйственной путаницы в стране.	184.10443115234375
Профсоюзы предупреждали, что отечественная промышленная отрасль стоит перед самым тяжелым упадком за последние десятилетия из-за стремительного роста курса местных денег, низких цен на зарубежный железо и высокой стоимости сырья.	168.20172119140625
Сокращения показали, что в то время как горнодобывающая отрасль в Австралии находилась на подъеме благодаря спросу на сырье из Азии, другие стороны хозяйства, такие как право, путешествия и образование, ухудшались.	159.1694793701172
В США цены на горючее снизятся меньше чем на копейку до 3,649 долларов за бочонок, также как и в автоклубе ААА (Американская автомобильная ассоциация), и в Экспресс-мастер, и в справочной службе цен на горючее.	211.2747344970703
Тем не менее, сельскохозяйственная отрасль по-прежнему очень важна, и одна треть миллиарда работающих людей на земле, производящих огромное количество основных пищевых товаров продуктов, таких как пшеница, ячмень, картофель, чай и, конечно, рис, из которых это - неизбежно самый большой вывозитель в мире.	232.36537170410156
Кроме того, существуют огромные запасы  горючего масла  и природного воздухообразного вещества, большая часть которых используется внутри страны, значимый показатель в обеспечении хозяйственной свободы от других стран.	197.50381469726562
Деньги не встроены в повозное кресло или для обработки яблонь.	104.73135375976562
Мало того, что хранилищам позволяют создавать поддельные денежные знаки и пробуждать в нас влечение к получению денег обманным путем, это ко всему прочему является незаконным!	169.5754852294922
К сожалению, Основной закон не самостоятельная бумага, и если люди не заставят правительство действовать в рамках закона, правительство может свободно пренебрегать законом без всяких последствий.	138.34829711914062
Опросы общественного мнения среди американцев показывают резкое падение поддержки смертной казни со стороны американцев, когда существует замена - пожизненное заключение без права досрочного освобождения, таким образом, смертная казнь не является необходимой мерой наказания для защиты общества.	144.67919921875
С незапамятных времен трудовая деятельность воина была уважаема и почетна.	71.98067474365234
Это означало бы полагаться на ветер, воду, солнце или любой другой возобновляемый запас для производства электроэнергии, вместо того, чтобы сжигать природное топливо, которое является ограниченным в своих запасах.	142.3571014404297
Это приведет к потребности увеличить печать денежных средств, чтобы оплатить свои долговые обязательства, которые примерно такого же размера, как денежный задаток на заемной книжке для ежемесячной оплаты задолженности.	178.69105529785156
Ядерное силопроизводство переживает мировое возрождение.	64.60395050048828
Подобные правила включают в себя позволение в предоставление большого количества разрешений на услуги извозчиков и разрешать работникам лекарственной службы делать скидку на некоторые виды лекарственных средств.	171.84999084472656
Не в последнюю очередь, благодаря тому, что когда речь идет о естественной потребности в еде, каждый обманщик может выдавать себя за знатока, и поэтому ФАО работает в такой области, где бред выдают за здравый смысл.	186.83465576171875
Эти два понятия, единица питания и жизненные вещества, ознаменовали собой начало эпохи разумного питания, которая сформировалась в виде науки и заставила задуматься о нашем распорядке питания.	167.57154846191406
Их повсюду узнаваемая вывеска в синематографе и на дальновидении была придумана в общеизвестном хвалебном тоне. Конторы, которые создали эти, отмеченные наградой восхвалительные ролики, сейчас широко уважаемы и признаются самыми лучшими в этом деле.	276.50469970703125
По мнению Британских Авиалиний, тайна успеха в том, что сообщение, передаваемое этой вывеской, простое, понятное и ярко обыгранное.	146.13050842285156
Джон Гордон Синклер в сериале Колонна Нельсона сыграл роль писателя, чьи самолюбие и честолюбие стали ключевым звеном потехи. Писатели в постановках Брось мертвого осла и Горячее железо также имели множество недостатков.	257.8266296386719
Такой разговор длится недолго (опрашиваемые слишком заняты, чтобы вести длинные беседы) и сосредоточен на сторонах работы собеседника. С помощью заметки писатель приводит заключения знатоков и придает тексту насыщенность	217.13107299804688
Это может быть старший начальник стражи или главный представитель какого-либо преоприятия.	105.21871185302734
Избитое, старое выражение второго случая произвести первое впечатление не только раздражает, потому что это на самом деле так	149.59092712402344
Неплохо, если мы просто скажем, что начальник стражи поддерживает узаконение легкого зелья, но cодержание будет выглядеть гораздо убедительнее, если мы приведем в статье заметку самого начальника.	205.74356079101562
Понаблюдайте за посетителями в дальновизионных разговорных передачах и попробуйте скопировать поведение тех, кого Вы посчитали привлекательными и остроумными.	148.86141967773438
Не передвигайте домовую утварь вокруг, по крайней мере, без спроса.	88.18896484375
Если Вы собираетесь делать запись беседы для испусковещания или дальновидовещания, важно сначала предупредить собеседника об этом и объяснить ему, что Вы будете использовать для записи беседы зрительную трубу или говорильник.	217.50379943847656
Вот почему записная книжка намного более ценна, чем говорильник.	82.6207504272461
Напористый способ опроса некоторых писателей часто приводит к подобному итогу.	94.61502838134766
Язык жестов и зрительное взаимодействие могут быть крайне важны в разговоре.	75.8955078125
Невербальное общение составляет 65% всего общения (Веббинк 1986: 9).	90.18299102783203
Вам нужно смотреть на собеседника, чтобы уловить невербальные знаки, которые он Вам подает: Кивки или покачивания головой, моргание глаз, движения бровей, а также движения рук и пальцев возникают согласно особенностям языкового ударения (Аргайл и Кендон 1967, упоминание у Веббинка 1986: 11).	294.2357177734375
Некоторые наставники в области связи, особенно те, кто проводит занятия для людей, работающих в области продаж, предпочитают использовать прием, который называется зеркальное подражание. Этот прием заключается в том, что продавец отражает положение возможного покупателя, чтобы продемонстрировать схожесть взглядов.	178.52334594726562
Вы просто обязаны найти страничку с именами ряда знатоков.	80.10848236083984
Эта задумка называется по-разному... И самый распространенный выражение на сегодня — выделение места.	112.53062438964844
Одежда умело представлена и продается в розницу. Владельцы лавки нанимают студентов-заводил на неполный рабочий день, спонсируют показы одежды в учебных заведениях, прославляя новый взгляд на наряды.	201.5270233154297
Его владельцы знают, что их набор одежды направлена на подростков, и цель лавки Х — сделать так, чтобы подростки одевались именно в этой лавке	154.3730926513672
По их мнению, в лавке У товар более низкого качества, а товарный знак используется только для того, чтобы привлечь внимание к скидкам.	126.55998992919922
Владельцы думают, что они знают , кто они, и тем не менее продолжают искажать их деловой образ в своей похвале ... обычно, потому что они считают, что только благодаря упорному труду и самопожертвованию, можно было достичь того, что они имеют.	207.22555541992188
Содержание, которое прорывается через преграду скуки, — единственный вид огласки, которую стоит сегодня делать.	118.94000244140625
Итог? Плохая огласка без достаточной денежной поддержки просочилась на рынок... и теперь он уже больше не может оплачивать строительство своего нового здания.	162.2028350830078
Мы сами не можем творить, но у нас есть 35-мм прибор для записи или Я знаю товарищество изнутри и снаружи, поэтому я напишу текст для огласки или Вы делаете объявление, мы покупаем средства народного вещания или Кто-нибудь может сделать оформление.	261.6796875
Это просто легче и, возможно, более действенно полагаться на контору, которая хорошо в этом разбирается и предоставляет Вам первоклассные творческие, торговые, производственные и новостные услуги.	163.28395080566406
Поэтому, прежде чем просить выступление, определите задумку ... ту, которая будет необходима в следующие месяцы.	119.10041046142578
(Если вы хотите, вы можете обозначить максимальное ограничение расходов).	81.77442932128906
4. состав Цена- прибавить	71.01514434814453
Если вы действительно хотите, чтобы ваше дело  устремилось за деньгами, делайте то, что делают многие товарищества с лучшими продавцами.	132.6612548828125
С точки зрения искусства, важна не то изображение природы которое Хоппер видел каждое лето в Южном Труро, а то внутреннее видение которое он перенес на свои полотна.	161.08055114746094
Во время этого действия обследуется зрительная жилка для выявления признаков её повреждения.	85.8813705444336
Второе испытание измеряет глазное давления путем направления потока воздуха, при этом измеряется степень сопротивления оболочки глаза.	120.94441223144531
С возрастом опасность заболеть бельмом значительно увеличивается, сведения показывают, что смуглые люди чаще страдают этим заболеванием, чем светлокожие.	113.2325210571289
На горе Олимп, которая считалась домом Зевса, люди пили сладкий медовый сок , который, по мнению экспертов, и был медом.	125.85662078857422
Прячась в подвале дома, принадлежавшего его другу, песнетворец привязывал подушки к голове, но не из страха перед грохотом войны, а в попытке сохранить остатки все ухудшавшегося слуха.	204.93377685546875
Тестирование показало, что зараза остается восприимчивой к двум общим противоядным средствам Тамифлю и Реленза, в соответствии с Средоточием по надзору и предотвращению заболеваний.	166.55960083007812
Это является причиной того, что в течение одного кружного года солнечная сила и солнечные лучи попадают на различные участки земли под разными углами.	123.8521499633789
Лишь тот, кто, услышав слово нравы, хватается за свое оружие (как покойный обозреватель, господин ученый Джозеф Геббельс), может не любить Чарли Чаплина, чьи работы сейчас возрождаются в Нью-Йорке.	219.65350341796875
И это завершающее постепенное исчезновение изображения в конце ленты может быть истолковано немного простым, по ходу того как rлавное действующее лицо Чаплина вместе со своей маленькой спутницей уходят в сторону восходящего солнца.	232.00071716308594
Можно истолковывать эту сцену иначе.	48.616275787353516
На шествии безработных стражи порядка хватают его, приняв по ошибке за главаря коммунистов, и снова на него обрушиваются дубинки стражников, после чего он едко высказывается по поводу разницы между пребыванием в тюрьме и суровым голодом на улицах.	245.30917358398438
В его мечтах — утопающий в розах домик, с плодовыми деревьями, растущими возле поварни, там можно сорвать китайское яблоко, стоя у окна, или надоить молока у милой послушной коровы для утреннего напитка бодрости. Все чисто и радужно в этом воображаемом доме, а уходя на работу, всегда можно взять с собой сытный и вкусный завтрак.	350.9272766113281
Некоторые чиновники беспокоятся, что народовластие свяжет Европе руки.	84.58147430419922
В следующем месяце, ЕС опубликует более широкий образец замысла, включив в него и восточных соседей.	112.52698516845703
В  студене  этого года Общее собрание  ООН решило установить запрет на смертную казнь во всем мире.	118.3262710571289
В отличие от Англии, где глава и совет управителей входят в палату совета, в США они не входят в ее состав.	103.61949157714844
Ленты обозвали чертом во плоти в 1910; в 1954 году говорили, что книги в рисунках вызовут детскую преступность; в 1956 году камнекат обвиняли в том, что он заставляет молодежь поклоняться черту; Хилари Клинтон в 2005 году осуждала зрительные игры за то, что они искореняли невинность детей.	320.0524597167969
Он больше не может просить об этом, так же как и не может просить подростков убрать украшение с языка или еще что-нибудь, чтобы не оскорблять взрослых людей: несомненно, возможно потому что они закрывают лицо, так как их обязывает вера, а не новый уклад.	247.74302673339844
Они планируют запретить носить лицевую вуаль или покрывало и лицевую вуаль вместе, начиная с Бельгии и Франции.	126.76612854003906
Господин Монтгомери, - он сказал громким недружелюбным голосом. - Этот господин хочет открыть счет и внести 56 долларов.	125.95170593261719
Выходите , - сказал управляющий холодным голосом и показал мне на другую дверь.	104.51530456542969
Демократия на китайский образ	44.156097412109375
Хозяйственные перемены Китая нуждаются в государственной поддержке, а иначе они потерпят провал из-за общественного столкновения и противоречивых устремлений, особенно, если учитывать денежный упадок в Азии.	172.41981506347656
После кровавой бойни на площади Тяньаньмэнь в 1989, тогдашний властный правитель Китая Дэн Сяопин настаивал на том, что быстрое хозяйственное развитие должно сочетаться с подавлением любого восстания.	138.84353637695312
Что же касается огромных хозяйственных затруднений, с которыми столкнулись Джианг и Чжу, то какими бы значительными они ни были, начиная с таких краткосрочных трудностей, как понижение цен и обесценивание юаня и заканчивая такими долгосрочными сложностями, как необходимость промышленных и денежных перемен, то они, на самом деле, обусловливают неизбежность государственных преобразований в стране.	263.08026123046875
По сути, то, что денежная основа должна полностью подкрепляться долларами США, обозначает, что размер денежной основы и местные ставки процента больше зависят от доходов и расходов, чем уровень обмена денег.	188.47705078125
Но китайский рубль - все еще не является независимой денежной единицей.	78.0813980102539
Однако, возможность роста опасна.	60.06399154663086
Это бы помогло свести на нет обвал лучше, чем попытки найти согласие, которое им обойдется только дороже.	123.27725219726562
В четверг глава Германии Ангела Меркель убедила союзное правительство поддержать недавний замысел по спасению европейской области.	122.16378784179688
В понедельник мой сотрудник Дэвид Стивенсон дал свой главный совет.	84.00596618652344
Чикагский товарный торговый двор делает это для того, чтобы выполнить свои обязанности для уравновешивания рынков со слишком большим предложением.	121.3880844116211
Большая часть этого упадка группа европейской области, США, борющихся за сокращение расходов или заявлениях там о замысле Б.	169.17724609375
Для рынка долей и товарного имущества последняя четверть года была худшей с 2008 года.	100.47901153564453
Невозможно продать больше товаров в стране, где прирост населения замедлен или народ вымирает.	94.60401916503906
Однако, до того как государственный запас США начал спасать рынок долей при помощи второго денежного подкрепления, ИИЭЦ указал, что это понижение показателя не указывает на упадок в будущем.	215.6812744140625
Добавьте колебания хозяйства в Китае, и у Вас получится способ для глубокого отката назад.	129.20281982421875
Но самое важное то, что председатель США признался, что такое понижение показателя могло произойти из-за затруднений с оборудованием, в связи с проведением периодических работ.	154.69044494628906
Количество заявок показывает снижение уровня в травне, а так же его негодование в червене, очень подробно.	148.42724609375
Но они живут вне города и, возможно, даже не могу себе позволить купить проездной на общую повозку в город.	117.27989959716797
Вот что написал наш друг, вельможа Рис-Могг в вестнике Флит-стрит леттер:	131.9579620361328
Оба времени 1907 и 2007 года отличались сберкассовым переполохом. 1970-е годы, напротив, отличались повышением цен, частично из-за Союза стран-продавцов rорючего масла, у которых была <N10>исключительность</N10> на <N11>горючее масло</N11>, и, частично из-за воинствующих профсоюзов.	339.8571472167969
В исследовании, опубликованном Генеральным управлением по хозяйственным делам и денежным делам Европейское управление в месяце лютене 2010 года, Пауль фон ден Ноорд пришел к выводу: пока упадок 1937-1938 гг., в целом, связан с жестким положение государственного <N10>порядка</N10>, что вызывает отрицательное <N11>денежное</N11> и денежно-кредитное потрясение, возможные последствия этого не могут объяснить <N12>действительные</N12> <N13>размеры</N13> и положение дел данного сокращения, и таким образом, эта точка зрения сомнительна.	499.0068664550781
Мы могли бы приостановить право Хабеас тела свод и основные заверения от необоснованных обысков, чтобы легче собирать доказательства на людей, которые употребляют или продают зелье.	208.28121948242188
Это подтверждается тем обстоятельством, что кокаиновая смола гораздо распространеннее среди бедных зависимых, чем среди богатых.	97.85749816894531
Другие направления могут предложить менее волнительно развитие событий в иностранных делах.	102.15441131591797
Однако, более прекрасная подробность показывает некоторую отмену духа хозяйственной открытости.	113.18046569824219
Но если Евроотчетливость потеряна потому, что разрыв закроется между внутренним сближением Европы и более широкой мировой взаимозависимостью, это стоит отпраздновать	169.28082275390625
Основание управления относительно такого предположения приводит к представлению, что власть в деловой торговле зуб за зуб, и что это должно возвратиться как главная мысль, руководящая внешними замыслами ЕС.	212.52684020996094
Действительно, взаимность - теперь более видная (хотя, конечно, не новая) основная мысль внешнего подхода.	119.78409576416016
Кэтинка Бэриш подчеркивает, что более практично строящийся союз ЕС с Россией также привел к немногим результатам: соглашение о сотрудничестве все еще не согласовано; Россия двигается в сторону вступления в ВТО, но торговая разрядка заторможена таможенным объединением России с Белоруссией и Казахстаном; Россия все еще отклоняет многосторонние топливные правила, желая новое топливное соглашение, основанное на большем количестве международных основ; Товарищество Модернизации ЕС-России все еще чрезвычайно пусто в содержании; Германия и Франция предложили участие России в новом совете безопасности, но Москва изменила некоторые свои положения в Южно-Кавказском <N10>противостоянии</N10>.	576.0358276367188
Но это было в основном продуктом внутренних государственных изменений и образ Польши, наконец преодолевшей холодную войну, не любого основополагающего переосмысления на последовательном внешнегосударственном плановом подходе по отношению к России.	229.1246337890625
Его объём стремления внешнего правления не должен быть передан ни слишком высоко, ни слишком низко.	98.55447387695312
Голландцы послали только одну лодку в Средиземноморье, чтобы помочь стражам порядка запрета на поставку оружия против власти Кадафи, но государственное и общественное мнение было твердо против существенной причастности к Ливии.	207.86923217773438
Понимания европейских тождеств сокращаются и определяются более как исключительность против внешнего мира.	113.33612060546875
Было бы неправильно основывать правление при условии, что Новый мировой порядок — противоположность вольного международного сотрудничества.	120.02216339111328
Основное вольнодумство получает отрицательные отзывы в печатях сегодня и обычно описывается как отступающий и необоснованно главный.	146.41806030273438
Но в многоцентровом, многополюсном мироустройстве это можно выставить в более благоприятном свете, возвращая отклик как внимание на непреодолимое ядро вольных ценностей, оставляя область для установленных изменений через другие отрасли и народные обычаи.	262.8962097167969
Это учение показывает путь между вольными и государственно-общинными убеждениями и предлагает, чтобы решения легли не в меньшем вольнодумстве или превращении внутрь, а в более полном соединении хозяйственных с действенно уполномоченными общественными и <N10>государственными</N10> свободами.	301.83636474609375
Что общего между собой имеют котлеты в булке, губная краска и мужское нижнее белье?	102.10186767578125
Около 25 лет назад (в месяце вересень 1986 года) британский вестник Экономист придумал Биг Мак показатель как забавный способ объяснить действие соответствия покупательной способности путем сравнения цен на котлеты в булке в разных странах.	238.67123413085938
Другие страны могут совместно вкладывать средства в взнос первой очереди предприятия особого назначения, тем самым обеспечив подушку безопасности для частных вкладчиков.	145.3485565185547
Способ платоснабжения, при котором район европейского рубля берет на себя большую долю опасности за счет вложения собственных средств, а другие государства по большей части оплачивают ее долги через частных вкладчиков и в меньшей степени через вложение денег в заемные обязательства с преимущественным правом погашения, все же является довольно опасным.	283.040771484375
(Данное число выровнена относительно разных уровней стоимости жизни по всему миру.)	94.71076965332031
Настоящими трудностями для России являются безрезультатность хозяйства, системная подкупность и отсутствие состязательности, а не торговые преграды.	125.58794403076172
Ежегодно выявляется 350-500 тысяч тысяч случаев заражения болотной лихорадкой, 1 тысяча тысяч из которых заканчивается смертельным исходом: 90% смертельных случаев заражения болотной лихорадкой зарегистрировано в Африке, более 80% детей, умирающих от болотной лихорадки, также являются жителями Африки.	172.84500122070312
Как показывает нижняя схема на рисунке 1, значительное повышение г доходов от вывоза горючего вероятнее всего произошло по причине пересмотра договоров в 2000, 2003 и 2005 годах.	185.93092346191406
Рост ВВП России в самом деле стал более чувствительным к цене на горючее масло, в то время как укрепление денежного развития рубля, внутренне вызванное повышение цен на горючее масло, всё чаще действует как поглотитель, вызывающий приток ввоза.	232.09356689453125
Однако при ближайшем рассмотрении дело выглядит менее утешительно.	60.065608978271484
В том случае данные меры не оказались действенными, и Великобритания была вынуждена отменить золотую меру стоимости и обесценить родные деньги.	123.8904037475586
Американский советник Джо Либерман рассматривает тот случай, что стоимость вкладных средств, которые следят за ходом цены на горючее масло и других сырьевых веществ возросла с 13 миллиардов долларов до 260 миллиардов долларов за последние 5 лет.	194.1911163330078
Вместо этого, они покупают договор на будущие поставки горючего масла за несколько месяцев.	96.54800415039062
ОмегаТ: бесплатный и очень полезный переводческий управляющий изданием	101.79794311523438
Однажды мне позвонил мой счётовод и сказал: У меня для вас отличные новости. Если вы положите в денежное хранилище 5000 кусков бумажки сегодня, то через 6 месяцев он вернет вас почти 6 тысяч! .	197.22988891601562
Этот поджариватель хлеба обошелся им в три кусочка бумаги	97.71495056152344
Ну ведь повозка стареет!	71.03565216064453
Главной их задачей было превратить мягкого и пушистого Медведева в сурового младшего брата Путина, — говорит Марк Урнов, бывший советник при главе Бориса Ельцина и наставник полит. наук в московском государственном училище высшей мастерской хозяйства.	255.03599548339844
Таким образом, маковый сок был перенесен из Турции и Таиланда в Мьянму и южный Афганистан, где они подорвали все попытки Запада нанести поражение движению Талибан. Аль Капоне в размере всего мира.	209.0730438232422
Сознательное опасное приключение или очередной век провала?	81.51911926269531
Он описывает мечту о хорошей жизни милой девочке сиротке, которой он стремился помочь: усадьба с розами и плодовыми деревьями, растущими под окном.	158.23175048828125
Чарли рассказывает отчаявшейся симпатичной бродяжке, которой он намеревается помочь, о своей мечте: большом доме, утопающем в цветах, плодовитых деревьях, растущих так близко, что можно сорвать китайское яблоко прямо из окна поварни, корове, которую можно было бы доить каждый раз, когда захочется свежего молока к утреннему напитку бодрости. И в этой вымышленной усадьбе все сверкает от чистоты и наполнено радостью, и даже обед упакован с изяществом и блеском.   	444.2796325683594
Старший по чиновности писатель Ньюсвика Чарльз Гэспэрино, выступающий на уже не существующем представлении Тины Браун на передаче СиЭнБиСи, высказал следующее утверждение. Мы сеем семена нашего собственного упадка.	281.9100341796875
Писатели были защитниками вольного отношения на протяжении слишком долгого времени, и теперь мы платим цену — Фокс Ньюс. Гэспэрино сказал то, что должно быть довольно очевидным — что передача Фокс Ньюс, это ответ на подавляющее количество вольнодумно-направленных СМИ.	273.00775146484375
По-новому писать о том, что Ирак представляет собой болото и тупик, для того, чтобы изобразить Буша в плохом свете.	114.82804107666016
Так, тщательно исследуйте месяцеслов и запланируйте когда дать предложение заблаговременно событиям, на которые они реагируют.	138.7107696533203
Работа спортивного писателя — путь кратчайшего выбора, который, как было упомянуто выше, сталкивается с большим количеством трудностей.	109.41816711425781
Уильям Рэндолф Херст стал новым составителем периодического новостного издания Нью-Йорк Джорнал в 1895, он хотел разбить Пулицера и увеличить распространение своего издания.	167.67514038085938
Первым делом для того, чтобы стать писателем мира нарядов, необходимо полностью понять, как работает ремесло одежды.	104.81361389160156
Создайте свой собственный дневник о нарядах и продолжайте добавлять полезные сведения в него.	80.74541473388672
Однако, большинство обозревателей имеет свидетельство учёного или верховного звания, например, в области словесности или довели до совершенства знание английского языка.	144.82168579101562
Всякий раз, когда у кого-то есть повесть, которую можно рассказать о своих путешествиях, рождении новорожденного, или званом обеде с друзьями, повести изобилуют в сетевых дневниках и визуальных дневниках.	189.3692626953125
Дневник (сетевая тетрадь) образовался как собрание и сетевое сообщество для людей с целью разглагольствовать в сети о жизни.	134.2877960205078
Само по себе ведение дневника образов не является ничем новым, но сетевое пространство (общинное сообщество писателей) использует это по-новому.	152.4338836669922
Есть также странички-дневники, на которых пользователь может выбрать заготовленный образец для своего дневника или разработать особенный свой образец самостоятельно.	132.78363037109375
Если писатель или видеоповествователь хотят сохранить многочисленные большие собрания в течение длительного срока, они могут заплатить за обслуживание, и таким образом, увеличить как вместимость собраний, так и срок времени, в течение которого собрания останутся доступными.	193.29026794433594
В конце концов, их исключительное право делать деньги.	57.72827911376953
Другой сторона сетевых страничек со снимками заключается в доступе к продавцам, взаимодействующим с этими страничками, для того, чтобы напечатать снимки, которые отправляет писатель.	185.39491271972656
Хотя любители телесных упражнений наблюдают прямую передачу благодаря СМИ, есть много людей, которые все еще любят читать или наблюдать тщательные подробности события.	145.78872680664062
Да, беседы с известными лицами, изложение кратких сведений об их делах, образе жизни и увлечениях — это определенно хорошие замыслы для статьи.	128.5254364013672
Если открывается место помощи, лечебница, и т.д., на пользу людям, проживающим здесь, на эту тему можно написать замечательный очерк.	136.51312255859375
Снимки назойливых сниматели обычно представлены на первой полосе.	99.73259735107422
Он работал в издании Вашингтонский вестник с 1971 и считался одним из выдающихся следственных писателей Америки.	102.05635070800781
Как утверждают кожные врачи, лишь немногим из нас нужно использовать жидкость для мытья головы ежедневно.	98.46499633789062
Слово шампунь пришло в английский язык из хинди около 300 лет назад и означало разминание кожи головы с применением небольшого количества ароматического масла.	130.9482421875
В то время для очищения волос использовали натуральные удаляющие излишки жира порошковые вещества - скорбило или древесную золу.	143.28741455078125
А из дождевой воды смешанной с золой дерева, на самом деле, получается густота, напоминающая современный ополаскиватель для волос.	157.55787658691406
Некоторые шампуни, особенно дешевые, содержат вредные химические вещества, которые могут проникнуть в ваш организм через кожу.	75.9085922241211
Давайте рассмотрим на примере, выполняет ли предлог какую-либо роль в одной из этих разбивок.	104.54228973388672
Огнедышащие горы склонны располагаться вдоль краев земных плит, огромных каменных образований, которые составляют основу земной поверхности.	111.10972595214844
Как, например, Жюль Верн, в чьих статьях и повестях описывались световые подводные лодки, дальновидные новости, солнечные паруса, звуковизор (видеосвязь), воздушная вывеска (авиареклама) и световой прибор для надзора (ударник).	257.9364318847656
Они ожидают, что получат все по первому требованию, будь то песни, книги, вестники, периодические новостные издания, видопередачи или ленты. И было бы глупо отрицать эти направления.	195.00502014160156
Они не выписывают  периодические новостные издания , не пользуются домашними дальнослухами, они снимают записи на переносной дальнослух или светописец вместо видеоприбора, ленты скачивают из <N10>сети</N10>.	277.42132568359375
Энди Хейман, бывший начальник Кларка, недавно надевший очки и менее нахальный чем когда он работал в комитете внутренних дел в прошлом году, говорил почти тоже самое, хотя он видел много проблем связанных с восприятием больше чем то, о чем говорят Левесон или его королевский ходатай Роберт Джей.	324.4365539550781
Каждый раз, когда из компьютера удаляется программа или происходит ее обновление, в системный перечень заносится соответствующая запись.	102.49720764160156
Покидая помещение суда, Петр Верзилов, муж Толоконниковой, заявил: Путин получает все, что хочет. Больше нечего сказать .	141.5741424560547
На этой площади в небесах , находятся широкие террасы для прогулок по периметру тарелки с множеством закусочных и столовых, что позволяет посетителям насладиться потрясающим панорамным видом на город.	169.49510192871094
18.1.5 землетрясения, оползни, извержения вулканов, пожары, наводнения или затопления, цунами, смерч или циклон, ураган, бурю, молнию, волны давления или другие стихийные бедствия.	148.53407287597656
В этой связи Комиссия напоминает о ее собственном мандате по прогрессивному согласованию и унификации права международной торговли путем принятия любых мер, которые она может счесть полезными для выполнения своих функций, и поэтому просит Секретариат продолжать вести перечень прозрачности, первоначально на пилотной основе, и стараться изыскивать необходимое финансирование.	283.7276611328125
Вход в Комплекс или в тот или иное помещение заседаний в Комплексе может быть ограничен в целях поддержания порядка.	119.61195373535156
На записях и снимках видно, что с нее была сорвана одежда, чтобы обнажить ее тело.	87.58721923828125
52. Полное описание многообразия религий и убеждений в том или ином государстве должно охватывать все религии и духовные группы.	126.47859191894531
18. Специальный докладчик отмечает рост случаев использования электронных телекоммуникационных технологий, таких как электронная пересылка и Интернет, для распространения информации расистского и ксенофобского характера, для разжигания расовой ненависти и подстрекательства к насилию.	151.31491088867188
В декабре 2013 года по общенациональному общественному телевидению был показан документальная лента по проблеме торговли людьми.	90.31075286865234
Это издание смогло возобновить свою деятельность через шесть месяцев после ее закрытия.	71.3802490234375
Все эти действия осуществлялись с целью продемонстрировать открытость перед другими государствами и перед населением. Так, Франция опубликовала доклады миссий ОСАРТ и ИРРС по коллегиальному обзору, которые осуществлялись на ее территории, а также месяцеслов уже проведенных и планируемых миссий.	245.15231323242188
В рамках этого проекта лицам, не имеющим профессии, социально незащищенным лицам, чья трудовая деятельность или род занятий не пользуется спросом на рынке труда, а также всем лицам, желающим сменить профессию, будет предложена возможность получения профессиональной подготовки, чтобы помочь им повысить профессиональную компетенцию, усовершенствовав имеющиеся у них профессиональные навыки.	211.92579650878906
В тот же день мужчина, утверждавший, что один из его родственников подхватил вирус Эбола и не получает надлежащего ухода, поджег главное помещение длф собрыний министерства здравоохранения и социального обеспечения в Монровии, причинив району ущерб на сумму в 200 000 долл. США.	232.34060668945312