Автор: Питер Лион Тех, кто получают информацию о том, что происходит в мире сегодня из прессы и телевидения, нужно простить за то, что они не видят в ООН ничего кроме Совета безопасности и Генеральной ассамблеи , также, что проводимые там процессы касаются только бесконечных и бесплотных дебатов, периодически прерываемых вето Совета безопасности, и что не происходит сдвигов, нет прогресса, никакие положительные действия не предлагаются, не планируются и не кажутся возможными.	390.4254150390625
Генеральная Ассамблея является ядром Организации Объединенных Наций, в которые входят государства, не важно - большие или маленькие; и эти государства обладают равными правами, и у них есть право ровно на один голос.	144.9270477294922
Влияние и полномочия Секретариата зависят (в определенной степени, но не так сильно, как это принято считать) от возможностей и таланта всего одного человека - а именно, Генерального Секретаря.	148.17906188964844
Некоторые люди, которые составляли Устав ООН, полагали, что Генеральный Секретарь будет обычным секретарем, выполняющим все приказы сверхдержав; другие считали, что он мог бы стать руководителем, по желанию и действиям которого, все Великие державы будут зависеть от него.	195.58502197265625
На данный момент проблема мира остается нерешенной. ООН, вместо того чтобы решать ее, продолжает играть в детский сад.	98.04156494140625
Тех, кто узнает о мировых событиях из прессы или ТВ новостей, можно простить за то, что они думают, что ООН включает в себя только Совет Безопасности и Генеральную Ассамблею, что единственное, что там происходит - это бесконечные, ни к чему не приводящие, дебаты, решению которых, время от времени, препятствует использование СССР права вето, что там нет никакого развития, а также предложений, планов и перспектив или одобрительных действий.	311.00469970703125
1. Вице президент	34.774375915527344
Думаю, что ваша компания нуждается в моих услугах и поэтому я мог бы приступить к работе в любое время.	85.46321868896484
Уважаемый мистер Кейс,	38.543338775634766
На предыдущем месте работы, в сферу моих обязанностей входило управление отделом разработок и исследований корпорации Харрингтон Кемикл Ко , который проводил изыскания по вопросам использования термоядерной энергии, лазерного излучения, опытно-конструкторскую работу с молекулярным водородом, а также компьютерный анализ тритийных соединений.	253.93524169921875
Я окончил колледж и работал в отделе исследований и разработок.	57.278526306152344
Зигфрид, штат Иллинойс	39.596336364746094
Также выяснилось, что в личных целях корпоративный интернет используют 61 процент опрошенных, и время, затраченное на это составляет примерно 3,1 часа в неделю или четверть всего рабочего времени.	152.99765014648438
По данным телефонного опроса, заказанного корпорацией Вебсенс , которая занимается созданием программного обеспечения для отслеживания и корпорацией фильтрации данных, поступающих через интернет, каждый четвертый служащий просматривает или слушает он-лайн новости со своего рабочего места, по крайней мере, раз в неделю. А 18% загружали и хранили файлы мультимедиа несвязанные с работой.	283.8869934082031
Защита диссертация на соискание степени диссертация доктора наук пройдет в университете Упсала, в лекционном зале 9, в пятницу, 12 декабря, 2003, в 10:15.	129.48992919921875
Лексическая информация извлекается из корпусов при помощи выравнивания по границе слова.	84.68671417236328
Йорг Тидеманн, факультет лингвистики, университет Уппсала, Виллавеген 4, аудитория 527 751 20 Уппсала	136.293701171875
Если в течение следующего года ситуация резко не изменится, безработица станет проблемой номер один на предстоящих выборах главы государства.	101.50863647460938
Экономисты Милтон Фридман и Эдмунд Фелпс вынесли эту концепцию на первый план в 1960х гг., хотя, как и большинство современных экономических идей, она была узнаваема в различных формах задолго до того, как они ее определили.	154.5990753173828
Одни из них питают нереальные ожидания; другие ощущают себя стесненными пожеланиями их супругов; третьи имеют достаточно сбережений и могут позволить себе быть более капризными , чем другие, при выборе работы. Некоторые холдауты несогласные переезжать.	244.8639373779297
Переезд, как правило, обходится дорого и часто эмоционально труден, особенно для детей. Текущий затянувшийся кризис на рынке жилья делает переезд особенно непривлекательным для одних.	132.3547821044922
Другая форма естественной безработицы едва различима, но вполне реальна.	84.0997543334961
Частные страховые компании, которые могут предложить данный вид страхования, могли бы, как и все страховщики, предпринять меры по сокращению случаев неблагоприятного отбора (тенденция, состоящая в том, что страховку покупают те лица, для которых риск наступления страхового случая более высок) и морального риска.	197.2976531982422
Но теперь законом им предоставлены особые привилегии, в основном привилегия принимать участие в делах по рассмотрению случаев насилия или принуждения.	133.63648986816406
Таким образом, некоторые люди просто забывают включить в свое резюме степень магистра. Безработица и макроэкономическая политика	107.71607971191406
Самая большая проблема, связанная со статистикой безработицы, не ее нечеткость, а, как и ВВП, скрытый смысл, что несут данные: идея в том, что правительство может и должно активно пытаться справляться с безработицей.	190.30616760253906
Теория, казалось, работала некоторое время, но развалилась в 1970х гг., когда появился термин стагфляция .	109.25727844238281
Только те, кто услышав слово культура хватаются за пистолет (такие как покойный критик Герр Доктор Йозеф Геббелс) могут невзлюбить Чарли Чаплина, чьи работы сегодня в Нью-Йорке переживают второе рождение. В это знойное время я воспользовался случаем и пересмотрел его Новые Времена .	317.3638610839844
Я только могу сказать, что этот фильм остается произведением искусства и является образцом глубокой критики современной жизни США.	99.62460327148438
Я не могу припомнить ни одного автора новеллы или научного трактата, или если уж на то пошло, социолога, историка, журналистаили рабочего активиста, который так же ярко смог передать жизненные условия своего времени, как живо это сделал Чаплин.	220.3505401611328
Наше время с иронией демонстрирует нам времена, где технический прогресс переплетается с безработицей.	106.69046783447266
Напоминаю, что фильм снят в середине тридцатых годов. Использование телевидения, как властного шпиона, ожидало глубокий отклик для начала тридцатых годов в книге бестселлере, автор которой Ванс Пэкард.	222.5319366455078
В фильме есть этот завершающий кадр с затемнением, когда он со своей дамой идет по дороге навстречу рассвету. Эту сцену можно считать банальной, а можно посмотреть с другой стороны.	160.97381591796875
В Японии, например, построение отношений в коллективе является наиболее приоритетным. Огромная сумма денег, а именно 40 млрд. долларов от затрат на маркетинг уходит на корпоративные развлечения каждый год.	160.44424438476562
Известные мошенники, Международный кредитно-коммерческий банк, действительно специализировались на подслащивании наиболее ценных для них клиентов, в числе которых были международные террористы, наркобароны и диктаторытретьего мира, оплачивая их кутежи в Лондоне и предоставляя многочисленные кредитные линии  казино Лас-Вегаса.	273.49261474609375
Несколько лет назад отель Риц, признающий, что основной вклад в доходы их ресторанов вносит проведение деловых встреч, учредили премию Бизнес-ланчер года По их словам, эта премия учреждена в честь представителей бизнеса, которые больше других содействуют восстановлению экономики, обедая в ресторанахотеля.	276.19195556640625
Являются ли галерея искусств компании Фиат , используемая для эксклюзивных туров с клиентами, или отдел по организациикруизов по средиземному морю немецкой компании Некерман прибыльными? Это остается под вопросом.	238.73135375976562
В Австрии, где корпоративные развлечения освобождаются от налогов, фестивали Моцарта для любителей музыки, и альпийский курорт для горнолыжников - хорошее вложение денег.	153.10243225097656
Там он решил открыть свой ноутбук и отправить жене электронное письмо в Миннеаполис.	88.3855209350586
Но поистине коррумпированный организатор корпоративных вечеринок - это относительно редкое явление.	93.88993072509766
К Вашим услугам: координаторы переездов; полный комплекс упаковочных услуг; квалифицированный и доброжелательный персонал; широкий ассортимент упаковочного материала; бесплатное составление сметы; страхование от всех рисков; предоставление оборудования для внешнего подъема имущества с 1 по 12 этажи.	216.2750244140625
К вашим услугам: высококвалифицированные и приветливые специалисты полный комплекс услуг по упаковке ваш персональный координатор переезда, который будет работать с вами на протяжении всего процесса широкий выбор упаковочных материалов гибкая система оплаты полная страховка подъем со 2-го по 13-й этаж внешним подъемным К вашим усл	283.67047119140625
Мы предлагаем сервис от двери до двери на территории Европы и контейнерные перевозки по всему миру.	77.18431854248047
Английский язык, как футбол и другие виды спорта, зародился в Великобритании и распространился по всему миру.	66.04074096679688
Сегодня роль английского языка признана во всем мире, все больше стран включают его как основной предмет в программу начального образования.	98.88056945800781
И я планирую, что в ближайшие 10 лет, по крайней мере, 1 миллиард человек смогут пользоваться ресурсами и материалами Великобритании.	105.51353454589844
Переезжая в Великобританию, люди соглашаются на выполнение определенных обязательств, благодаря которым их статус гражданина страны может считаться по праву заслуженным.	108.46041870117188
Таким образом, одним из самых надежных способов развития в социальном, культурном и экономическом плане является уверенное понимание того, что все мы - не просто группа ничем не связанных людей, а целая страна.	139.36729431152344
Это не шовинизм (ура-патриотизм ), а подлинная, рациональная и целенаправленная - и, следовательно, я убежден, в высшей степени британская форма патриотизма. Патриотизм несет в себе смысл все мы , а это больше чем каждый из нас и определяет нацию не по расовой или этнической принадлежности, а видит нас частью единого плана, из которого мы все извлекаем выгоду и в который вносим свой вклад.	340.3776550292969
Я уверен, что идея гражданства основана на совместно-разделяемых ценностях, которые определяют характер и менталитет нашей страны. На самом деле, построению безопасного и процветающего будущего нашей нации помогут не только общепринятые ценности, которые мы разделяем, но и твердое понимание национальнойидеи.	214.12649536132812
Уважаемый господин Хайден. Я являюсь членом инициативной группы по сбору средств для знаменитого в нашем городе благотворительного общества Тимур и его команда .	126.60025024414062
Первая доставка горячей еды планируется на Рождественской неделе. Местная пресса готова оказать нам широкую информационную поддержку и особо заинтересована в профилировании спонсоров.	155.5499267578125
53,7% акций компаниинаходятся во владении фирмы Джеспарель, остальные 46,3% акций принадлежат широкой общественности. Сама компания Джеспарель находится в совместном владении компанией Нестле, которой принадлежит 49% капитала, и миссис Беттенкурт и ее семьи, кому принадлежит главный пакет акций - 51%.	257.23455810546875
В сфере косметологии больше ресурсов было сосредоточено на исследованиях, для которых в 1997 году был выделен бюджет в размере 2089 млн. франков. В соответствие с программой содействия компании ЛОРЕАЛЬ вопросам защиты окружающей среды, в 1997 году 80% всех разрешенных к перевозке отходов были вновь использованы посредством переработки (31%), преобразования отходов в энергию (27%) и повторного использования (22%).	330.38604736328125
Успешная реклама	29.58869743347168
Ведь после всего, лишь путем угроз такого характера Оппенхеймеры смогли захватить контроль над компанией Де Биэрс. До сих пор компании удавалось утилизировать излишки поставок покупая большинство алмазов в мире.	244.963623046875
Кэл: Приготовьтесь, Боб, ибо сейчас я буду рассуждать как бывший кандидат в президенты от демократов Джордж Макговерн, который почти 40 лет назад призывал вернуть американских солдат домой.	160.28329467773438
Наше государство всегда готово броситься в бой и решить военный конфликт деньгами или мечом.	95.8897933959961
Боб: Согласен. Для нас свобода это право голоса, право свободно говорить и правительство, на решение которого не влияют религиозные взгляды. Многие страны с развивающейся демократией верят, что у них есть право на справедливые выборы, однако это не гарантирует свободу слова и религии. В Газе было свободные, справедливые выборы и Хамас победил, но жители Газы по-прежнему не могут свободно выражать свое мнение, и ислам по-прежнему диктует свои правила.	320.75732421875
Затем другая, третья, и так далее, пока ваш офис не перенесется из свободной комнаты в вашей квартире в здание на Манхеттене, где вы давно хотели обосноваться.	147.36595153808594
Успешным предпринимателем с большей долей вероятности может стать нарушитель спокойствия, бросивший колледж ради поисков работы. Открыв в себе склонность к предпринимательству, он создает бизнес на пустом месте и развивает его, когда становится скучно работать в прежних условиях.	204.9763641357422
Возможно, эта формула и помогла ему стать миллиардером.	56.42432403564453
Я должен был научиться ждать до следующей недели. Очевидно, мои родители, следовали рекомендации, которую Чарльзу Диккенсу дал его отец ... Ежегодный доход, двадцать фунтов, ежегодный расход девятнадцать фунтов: результат- счастье. Годовой доход, двадцать фунтов, ежегодный расход, двадцать один фунт; результат - страдания .	267.056884765625
Исследователи такой болезни, как ожирение, полагают, что тип жировой ткани, расположенной в нижней части живота биохимически отличен от жировой ткани, расположенной в других частях тела и негативно влияет на гормональный фон и содержание жира в крови.	149.2437744140625
Доктор Маргарет Ашвелл, научный директор Британского Фонда Питания, подчеркнула бессмысленность популярных диет, которые утверждают, что уменьшат объем бедер и объем талии.	156.72508239746094
Всевозможные джинсы и кроссовки, футболки и сандалии для мужчин и для женщин.	75.57538604736328
По его словам, несмотря на то, что мода на ношение неформальной одежды началась давно, по-настоящему она прижилась лишь 15 лет назад, когда финансисты с Уолл Стрит ввели отмену официального дресс-кода по пятницам.	179.7769317626953
Благодаря этому люди стали спрашивать себя для чего им нужно надевать костюм , так же он отмечает: Но у них всегда в офисе есть костюм с галстуком на случай, если нужно будет поехать на встречу с клиентами.	197.81777954101562
По мнению профессора Купер, в то время как костюм еще имеет шанс выжить, дни галстука  сочтены.	125.8775634765625
Причиной отказа от традиционных обязательств по отношению к семье, является апатия и моральная несостоятельность Поколения Я.	108.52059936523438
Перед их встречей на праздновании трехсотлетней годовщины родного города г-на Путина Санкт-Петербурга парламент России ратифицировал соглашение, которое обязует Россию и США сократить на две трети свои ядерные арсеналы периодом более чем на десять лет (соглашение было подписано в прошлом году, но парламент отказался ратифицировать его во время войны в Ираке).	235.9136199951172
В соглашении, подписанном на внеочередной встрече лидеров стран-членов НАТО, отмечался еще один важный шаг союза, направленный на то, чтобы заблокировать смену внешнеполитического курса Москвы по отношению к Западу.	143.34317016601562
До этого момента зарождающаяся Лейбористская партия была лишь в подчинении либералов, помогая им добиться полной победы на выборах в 1906 году, и привести в исполнение далеко идущий план по проведению социальной и конституционной реформ, главной движущей силой которых был Лойд-Джорж.	209.8582305908203
С точки зрения поставщиков, идеальным решением является предоплата, т.е. когда клиент может внести аванс.	94.77134704589844
Сейчас можно сделать телефонный звонок, компьютер отправит простой кредитный чек, который будет немедленно получен.	107.8614273071289
НАТО больше не ощущает штатных масштабных военных угроз для территорий Альянса. Сегодня приходится сталкиваться с другими рисками и вызовами: нестабильность, борьба на национальной или религиозной почвах, конкуренция за природные богатства, распространение оружия массового уничтожения, несостоявшиеся государства, геноцид, <L10>массовая</L10> <L11>миграция</L11>, <L12>организованная</L12> преступность, <L13>кибератаки</L13> и <L14>терроризм</L14>.	319.7601623535156
Просроченный кредит не значит безнадежное предприятие.	63.84431457519531
В случае просрочки платежа банк может выставить счет недобросовестным плательщикам за услуги коллектора.	94.34200286865234
Несмотря на то, что все хотят, чтобы новый президент Европейской комиссии занял свое место как можно скорее, Парламент, который как всегда горит желанием добавить себе полномочий, требует, чтобы процедура избрания была проведена по новым амстердамским соглашениям. Пострадав от азиатского экономического спада и бесконечных проблем с производством и сбытом Боинг все же стремится представить в наилучшем свете свою ежегодную информацию о продукции и продажах.	350.6601257324219
Попытка сохранить изменения в Бреттон-Вудской валютной системе зависимости обменных курсов, которые были предприняты в Смитсоновском соглашении 1972 года, провалилась, и в начале 1973 года колебание курсов валют продолжилось; в 1970-ых годах доллар США потерял более чем половину своей стоимости относительно немецкой марки и японской иены.	221.1396484375
В начале 1980-х годов глобальный валютный кризис затронул и мексиканское песо, бразильский крузейро, аргентинское песо и валюты многих других развивающихся стран.	105.5897445678711
Финская марка, шведская крона, британский фунт, итальянская лира и испанская песета были обесценены за минувшие шесть месяцев 1992 года; большинство этих валют обесценились на 30 процентов относительно немецкой марки.	138.04403686523438
Цена за баррель нефти составила 2,50$ в начале 1970-ых годов и 40$ в конце десятилетия; в середине 1980-ых цена на нефть составила 12$ за баррель, затем в конце 1980-ых цена вернулась на уровень 40$ после иракского вторжения в Кувейт. Количество банкротств банков в течение 1980-ых и 1990-ых годов было довольно значительно, их было куда больше чем в прежние десятилетия.	232.34445190429688
Несколько из этих банкротств были обусловлены произошедшими национальными событиями: Национальный банк Франклин в Нью-Йорке и банк Херштат в Кельне, Германия, сделали большие ставки на изменения в стоимости валюты в начале 1970-ых годов, и оба банка прогадали и были вынуждены закрыться из-за крупных потерь.	243.0514678955078
Так же, когда мексиканская валюта и валюты других развивающихся стран резко обесценились в начале 1980-х годов, большинство банков этих стран обанкротились из-за наличия крупных кредитных потерь и потерь от ревальвации валюты их заемщиков.	167.3833770751953
Экономическая ситуация в стране после нескольких лет подобного пузырю поведения напоминает молодого человека на велосипеде; ездок постоянно должен крутить педали, иначе велосипед не будет ехать.	179.40289306640625
У людей появляются мысли, что никогда не было лучше, чем сейчас . Затем ценовой пик активов начинает уменьшаться.	127.63493347167969
Нарушение правил устанавливает прецедент и новое правило, которого должны придерживаться столько, сколько этого требует случай.	100.66122436523438
Соединенные Штаты действовали как кредиторы последней инстанции во время мексиканского финансового кризиса в конце 1994 года. Международный валютный фонд действовал как кредитор последней инстанции во время российского финансового <L10>кризиса</L10> 1998 года, прежде всего благодаря влиянию американского и немецкого правительств.	193.2430419921875
Как сахарная промышленность затрагивает Национальный  парк Флориды Эверглейдс? Почему Скандинавия - мировой лидер по использованию сотового телефона?	141.13209533691406
Как революция микроэлектроники изменила производительность и конкурентоспособность, а также глобальную  устойчивую динамику этого сектора?	118.76177978515625
Методологически, экономические географы используют диапазон инструментов, который содержит географические  информационные системы, математические модели, и качественные оценки, основанные на <L10>интервью</L10> и полевых работах.	192.8809051513672
Если Вы понимаете дисциплину география как исследование людей в пространстве и истории, то эта тема подразумевает, что география и история неотделимы, действительно неразличимы.	148.61508178710938
Историческое понимание выделяет общее предположение, что настоящее - это типичный или нормальный путь, которым люди организуют себя, поскольку история как и география, которая преподает нам полный спектр и разнообразие видов человеческого поведения, культур, и социальных систем. Вся <L10>география</L10> построена исторически, и вся <L11>история</L11> разворачиваются пространственно.	333.4255065917969
Игнорирование пола означает предположение того, что жизнь мужчины - норма , что не существует принципиальных различий между жизненным опытом мужчины или женщины, принужденных к социальным отношениям.	160.78567504882812
Хорошая модель достаточно проста для понимания ее пользователями и использования в широком разнообразии обстоятельств.	95.63639831542969
Другие ученые отмечали, что теория местоположения имеет тенденцию отражать статус-кво и неспособна к обеспечению всестороннего объяснения того, как география привязана к социальному, не только индивидуальному поведению.	172.9910888671875
Политическая экономия. Политическая экономия - способ рассмотрения общества и географии как объединенного целого, то есть, как совокупность со структурой, которая превышает количество отдельно взятых поведений людей.	153.06607055664062
Термин подразумевает, что эта школа включает и политические и экономические сферы и отказывается отделить их. Экономические системы - полностью политические единицы, и политика и власть неотделимы от <L10>экономики</L10> во многих <L11>формах</L11>.	223.01290893554688
Политические экономисты отклоняют понятие свободного рынка как миф с небольшим основанием в действительности; вместо этого, есть капитализм, который является одновременно экономическим, политическим, культурным, и пространственным.	149.9819793701172
Предложение создать и поставить сканер линейного  гамма-излучения с  системой  затворения  керна  для определения относительной  фазовой  проницаемости (ОФП) на установившихся и неустановившихся  режимах .	215.0646209716797
По  модели  Белери да Силвы прогноз показывает более значительные изменения  композиционного  состава в нижней части пласта, в то время как в верхней его части разнообразие  композиционного  состава меньше.	186.5787353515625
Состояние нулевого  компонента  потока и установившийся режим - одни из нескольких условий, которые можно допустить при решении  градиента  состава.	152.23439025878906
Количественное представление исходной погрешности жидкости может быть определено с помощью графика данных с усами глубины (интервал перфорации) и состава.	155.62069702148438
Рынки включают магазин товаров повседневного спроса за углом, фондовый рынок, рынок нейрохирургии, валютный рынок, ближайший стенд с лимонадом, мировой рынок стали.	174.06385803222656
Торговый баланс постоянно помещают на заголовки печатных изданий, но что он оценивает и почему это важно не всегда понятно.	119.75773620605469
Если цена на бензин увеличивается на 50% вследствие более дорогого импорта сырой нефти, то потребители заменяют старые автомобили на более экономичные.	118.18356323242188
Международная телефонная служба не имеет достойной замены: международная почта работает медленно, электронная почта безлика и так далее.	120.35812377929688
Более высокая относительная цена на газ снизила покупательную способность денежных доходов населения, что привело к снижению потребления всех товаров, включая нефть.	102.76512908935547
Если  теоретическая   модель  оказывается полезной для  прогнозирования  событий, то она принимается. Кривая спроса, изображенная на рисунке 1.1, представляет первый этап построения  модели .	163.17672729492188
Североамериканская зона свободной торговли (НАФТА) способствует увеличению спроса на товары, произведенные в Канаде, Мексике и США.	72.74842834472656
Если тариф повышается, то стоимость производства телевизоров в США увеличивается.Фирмы, вероятно, будут повышать цены на телевизоры.	109.12884521484375
С другой стороны, государственный директивный орган может решить что, минимальная цена в 15 долл. США могла бы принести выгоду промышленности.	134.15237426757812
При сравнении цен на внешнем и внутреннем рынках трейдер должен перейти к единой валюте.	94.20864868164062
Каждая отдельная фирма или потребитель совершает свой оптимальный выбор с учетом имеющейся информации, цен, бюджетаи так далее.	118.08888244628906
Если они решают купить автомобиль из Японии, они должны воспринимать японские автомобили как самую доступную сделку.	93.7633056640625
США имеет дефицит торгового баланса с НАФТА и Японией, а положительное сальдо торгового баланса с ЕС.	81.88627624511719
18 апреля 1997 г. газета Юэсэй Тудей вышла с заголовком Ошибка Хорошие новости о торговом дефиците.	150.50482177734375
Вам не нужно знать принцип сравнительного преимущества, чтобы вести международный бизнес, однако принцип лежит в основе международной коммерческой деятельности.	111.32438659667969
Лучшая инфраструктура снижает расходы на транспорт и деловые услуги, что делает страну более конкурентоспособной на мировом рынке.	83.0875473022461
Без ВТО националистический протекционизм будет взят за правило, а доходы будут падать. Пример 1.18 Насколько экономика является открытой?	157.07928466796875
Как-то вечером я допоздна работал в моей лаборатории валяя дурака, потягивая джин и другие жидкости, покидая комнату я поскользнулся на девятке бубен, которую кто-то обронил на пол и опрокинул мой карточный каталог в котором были имена и адреса всех заслуживающих внимания личинок в Северной Америке.	314.78082275390625
Во вторник премьер-министр Джулия Гиллард заявила, что сталелитейная промышленность имела решающее значение для будущего Австралии, так как она развивалась, чтобы защитить сектор, страдающий от экономической путаницы в стране.	157.68780517578125
Профсоюзы предупреждали, что  национальная  промышленная отрасль стоит перед самым тяжелым  кризисом  за последние десятилетия из-за стремительного роста курса местной  валюты , низких цен на иностранную сталь и высокой стоимости  материалов .	190.02366638183594
Сокращения показали, что в то время пока горнодобывающая отрасль в Австралии находилась на подъеме благодаря спросу на сырье из Азии, другие стороны экономики , такие как право, туризм и образование ухудшались.	173.2144775390625
В США цены на  бензин   снизятся меньше чем на пенни до 3,649 долларов за  галлон , также как и в автоклубе ААА (Американская автомобильная ассоциация), и в Экспресс-мастер, и в  Информационной   службе цен на  бензин .	222.6039276123047
Тем не менее, сельскохозяйственный сектор по-прежнему очень важен, и одна треть миллиарда работающих людей на земле, производящих огромное количество основных продуктов питания, таких как пшеница, ячмень, картофель, чай, и, конечно, рис, из которых это - неизбежно самый большой экспортер в мире.	204.67543029785156
Кроме того, существуют огромные запасы  нефти  и природного  газа , большая часть которых используется внутри страны, значимый фактор в обеспечении  экономической  свободы от других стран.	143.53485107421875
Деньги не встроены в авто кресло или для обработки яблонь.	101.929443359375
Мало того, что  банкам  позволяют создавать  фальшивые  денежные знаки и пробуждать в нас интерес в получении денег обманным путем, это ко всему прочему является незаконным!	169.77493286132812
К сожалению,  Конституция  не самостоятельный  документ , и если люди не заставят правительство действовать в рамках закона, правительство может свободно игнорировать закон без всяких последствий.	148.90927124023438
Опросы общественного мнения среди американцев показывают резкое падение поддержки смертной казни со стороны американцев, когда существует альтернатива - пожизненное заключение без права досрочного освобождения, таким образом, смертная казнь не является необходимой мерой наказания для защиты общества.	137.79969787597656
С незапамятных времен профессия воина была уважаема и почетна.	57.69329833984375
Это означало бы полагаться на ветер, воду, солнце или любой другой возобновляемый ресурс для производства электроэнергии, вместо того, чтобы сжигать природное топливо, которое является ограниченным в своих запасах.	136.00445556640625
Это приведет к потребности увеличить печать денежных средств, чтобы оплатить свои долговые обязательства, которые примерно такого же размера, как денежный аванс на кредитной карте для ежемесячной оплаты задолженности.	165.97442626953125
Ядерная энергетика переживает мировое возрождение.	45.53496170043945
Подобные правила включают в себя позволение в предоставление большого количества  лицензий  на услуги такси и разрешать работникам  фармацевтической   службы делать скидку на некоторые виды лекарственных  препаратов   	190.9337158203125
Не в последнюю очередь, благодаря тому, что когда речь идет о естественной потребности в еде, каждый шарлатан может выдавать себя за эксперта, и поэтому ФАО работает в такой области, где бред выдают за логику.	185.97682189941406
Эти два понятия, калория и  витамин , ознаменовали собой начало эпохи  рационального  питания, которая сформировалась в виде науки и заставила задуматься о нашем  режиме  питания.	166.85939025878906
Их повсюду узнаваемая  реклама  в кино и на  телевидении  была придумана в общеизвестном  рекламном   жанре .  Агентства , которые создали эти, отмеченные наградой  рекламные  ролики, сейчас широко уважаемы и признаются самыми лучшими в этом  бизнесе .	246.17845153808594
По мнению Британских Авиалиний, секрет успеха в том, что сообщение, передаваемое этой рекламой, простое, понятное и ярко обыгранное.	135.88687133789062
Джон Гордон Синклер в сериале Колонна Нельсона сыграл роль  журналиста , чьи  эгоизм   и честолюбие стали ключевым  элементом    комедии .  Журналисты  в  сериалах  Брось мертвого осла и Горячий металл также имели множество недостатков.	293.0025939941406
Такой разговор длится недолго ( интервьюируемые  слишком заняты, чтобы вести длинные беседы) и сосредоточен на  аспектах  работы собеседника. С помощью  комментария   журналист приводит заключения  экспертов  и придает тексту насыщенность.	237.70362854003906
Это может быть старший офицер  полиции  или главный представитель какой-либо  компании .	87.93833923339844
Избитая, старая фраза Второго шансапроизвести первое впечатление не будет только раздражает, потому что это на самом деле так.	154.6442413330078
Неплохо, если мы просто скажем, что начальник  полиции  поддерживает  декриминализацию   легких  наркотико  в, но материал будет выглядеть гораздо убедительнее, если мы приведем в статье  комментарий   самого начальника.	208.18536376953125
Понаблюдайте за  гостями   в  телевизионных   ток-шоу и попробуйте скопировать  манеры  тех, кого Вы посчитали привлекательными и остроумными.	146.40960693359375
Не передвигайте мебель вокруг, по крайней мере, без спроса.	71.94528198242188
Если Вы собираетесь делать запись  интервью   для радио или  телевидения , важно сначала предупредить собеседника об этом и объяснить ему, что Вы будете использовать для записи  интервью    камеру   или на  диктофон .	171.91534423828125
Вот почему блокнот намного более ценен, чем диктофон.	66.57206726074219
Напористая манера  интервьюирования   некоторых  журналистов   часто приводит к подобному  результату .	116.95406341552734
Язык жестов и зрительный контакт могут быть крайне важны в диалоге.	73.47303771972656
Невербальная коммуникация составляет 65% всей коммуникации (Веббинк 1986: 9).	90.90605926513672
Вам нужно смотреть на собеседника, чтобы уловить невербальные  сигналы , которые он Вам подает: Кивки или покачивания головой, моргание глаз, движения бровей, а также движения рук и пальцев возникают согласно особенностям  лингвистического   ударения (Аргайл и Кендон 1967, цитата у Веббинка 1986: 11).	319.4985046386719
Некоторые тренеры в области  коммуникации , особенно, те, кто проводит занятия для людей, работающих в  сфере   продаж, предпочитают использовать  технику , которая называется зеркальное  копирование   . Эта техника заключается в том, что продавец отражает  позу   потенциального   покупателя, чтобы продемонстрировать схожесть взглядов.	222.81520080566406
Вы просто обязаны найти сайт с именами ряда экспертов.	78.93225860595703
Эта концепция называется по - разному ... И самый  популярный    термин   на сегодня -  позиционирование .	140.13063049316406
Одежда  грамотно   представлена и продается в розницу. Владельцы  магазина   нанимают студентов-  лидеров   на не полный рабочий день, спонсируют показы мод в учебных заведениях,  рекламируя   новый взгляд на моду.	229.08319091796875
Его владельцы знают, что их линия одежды направлена на подростков и цель  магазина  Х сделать так, чтобы подростки одевались именно в этом  магазине .	151.0965576171875
По их мнению, в магазине У товар более низкого качества, а бренд используется только для того, чтобы привлечь внимание к скидкам.	116.07080841064453
Владельцы думают, что они знают , кто они, и тем не менее продолжают искажать их деловой имидж в своей рекламе  ... обычно, потому что они считают, что только благодаря упорному труду и самопожертвованию, можно было достичь того, что они имеют.	210.69857788085938
 Материал , который прорывается через барьер скуки - единственный вид  рекламы , которую стоит сегодня делать.	132.55967712402344
 Результат ? Плохая  реклама   без достаточной  финансовой  поддержки просочилась на рынок... и теперь он уже больше не может финансировать стройку своего нового здания.	178.92762756347656
Мы сами не можем творить , но у нас есть 35-мм камера или Я знаю  компанию  изнутри и снаружи, поэтому я напишу текст для  рекламы   или Вы делаете объявление, мы покупаем средства  массовой    информации   или Кто-нибудь может сделать дизайн .	268.9703369140625
Это просто легче и, возможно, более  эффективно   полагаться на  агентство , которое хорошо в этом разбирается и предоставляет Вам первоклассные творческие,  маркетинговые , производственные и медиа услуги.	184.92098999023438
Поэтому, прежде чем просить презентацию, определите проект ... тот, который будет необходим в следующие месяцы.	112.25152587890625
(Если вы хотите, вы можете обозначить максимальный лимит расходов).	75.44599151611328
4.система Цена- плюс	60.07711410522461
Если вы действительно хотите, чтобы ваше агентство устремилось за деньгами, делайте то, что делают многие компании с топ продавцами.	112.75480651855469
С точки зрения искусства, важен не тот пейзаж который Хоппер видел каждое лето в Южном Труро, а то внутреннее видение которое он перенес на свои полотна.	145.8726806640625
Во время этой процедуры обследуется зрительный нерв для выявления признаков его повреждения.	67.29857635498047
Второй тест измеряет глазное давления путем направления потока воздуха, при этом измеряется степень сопротивления оболочки глаза.	119.02116394042969
С возрастом опасность заболеть  глаукомой   значительно увеличивается, статистика показывает, что смуглые люди чаще страдают этим заболеванием, чем светлокожие.	118.83616638183594
На горе Олимп, которая считалась домом Зевса, люди пили сладкий нектар , который, по мнению экспертов, и был медом.	123.71375274658203
Прячась в подвале дома, принадлежавшего его другу, композитор привязывал подушки к голове, но не из страха перед грохотом войны, а в попытке сохранить остатки все ухудшавшегося слуха.	190.5759735107422
Тестирование показало, что вирус остается восприимчивым к двум общим  антивирусным   препаратам  Тамифлю и Реленза, в соответствии с  Центром  по  контролю  и  профилактике  заболеваний.	156.91561889648438
Это является причиной того, что в течении одного  орбитального   года солнечная энергия и солнечные лучи попадают на различные участки  планеты  под разными углами.	133.8343048095703
Лишь тот, кто, услышав слово  культура   кидается за своим  пистолетом   (как покойный  критик , герр доктор Джозеф Геббельс) может не любить Чарли Чаплина, чьи работы сейчас возрождаются в Нью-Йорке.	266.59368896484375
И это завершающее постепенное исчезновение изображения в конце  фильма  может быть  интерпретировано  немного  банальным , по ходу того как герой Чаплина вместе со своей маленькой спутницей уходят в сторону восходящего солнца.	211.74586486816406
Можно трактовать эту сцену иначе.	44.14149475097656
На  демонстрации  безработных полиция хватает его, приняв по ошибке за  лидера  коммунистов и снова на него обрушиваются дубинки  полицейских , после чего он едко высказывается по поводу разницы между пребыванием в тюрьме и сурового голода на улицах.	244.03448486328125
В его мечтах - утопающий в розах  коттедж , с  фруктовыми   деревьями растущими возле  кухни , там можно сорвать апельсин стоя у окна или надоить молока у милой послушной коровы для утреннего  кофе . Все чисто и радужно в этом воображаемом доме, а уходя на работу всегда можно взять с собой сытный и вкусный завтрак.	354.7653503417969
Некоторые чиновники беспокоятся, что демократия свяжет Европе руки.	78.62806701660156
В следующем месяце, ЕС опубликует более широкий вариант программы, включив в нее и восточных соседей.	97.19158935546875
В  декабре  этого года  Генеральная Ассамблея   ООН решила установить мораторий на смертную казнь во всем мире.	92.0711669921875
В отличие от Англии, где  президент   и кабинет  министров  входят в палату  парламента , в США они не входят в ее состав.	105.2717056274414
 Кинофильмы обозвали дьяволом во плоти в 1910; в 1954 году говорили, что  комиксы вызовут детскую преступность; в 1956 году  рок-н-рол   обвиняли в том, что он заставляет молодежь поклоняться  дьяволу ; Хилари Клинтон в 2005 году осуждала видео игры за то, что они искореняли невинность детей .	266.9887390136719
Он больше не может просить об этом, так же как и не может просить подростков убрать пирсинг с языка или еще что-нибудь, чтобы не оскорблять взрослых людей: несомненно, возможно потому что они закрывают лицо, так как их обязывает  религия , а не  мода .	249.76080322265625
Они планируют запретить носить никаб или паранджу и никаб вместе, начиная с Бельгии и Франции.	110.129150390625
Мистер Монтгомери, - он сказал громким недружелюбным голосом. - Этот джентльмен хочет открыть счет и внести 56 долларов.	124.80378723144531
Выходите , - сказал менеджер холодным голосом и показал мне на другую дверь.	101.92255401611328
Демократия на китайский манер	36.05084991455078
 Экономические   реформы  Китая нуждаются в  политической  поддержке, а иначе они потерпят крах из-за  социального    конфликта  и противоречивых  интересов , особенно, если учитывать  финансовый   кризис  в Азии.	195.4023895263672
После кровавой бойни на площади Тяньаньмэнь в 1989, тогдашний авторитарный  лидер   Китая Дэн Сяопин настаивал на том, что быстрое  экономическое   развитие должно сочетаться с подавлением любого  протеста .	153.36865234375
Что же касается огромных  экономических  затруднений, с которыми столкнулись Джианг и Чжу, то какими бы значительными они ни были, начиная с таких краткосрочных трудностей, как  дефляция   и девальвация юаня и заканчивая такими долгосрочными сложностями, как необходимость промышленных и  финансовых    реформ , то они ,на самом деле, обусловливают неизбежность  политических  преобразований в стране.	288.03857421875
 Фактически , то, что денежная база должна полностью подкрепляться долларами США обозначает, что размер денежной базы и местные  процентные   ставки больше зависят от доходов и расходов, чем уровень обмена  валют .	211.64212036132812
Но юань - все еще не является независимой валютой.	75.43343353271484
Однако, потенциал роста опасен.	51.62162780761719
Это бы помогло свести на нет дефолт лучше, чем попытки найти компромисс, который им обойдется только дороже.	117.28325653076172
В четверг канцлер Германии Ангела Меркель убедила  коалиционное   правительство  субсидировать  недавний  план  по спасению  еврозоны .	140.58126831054688
В понедельник мой коллега Дэвид Стивенсон дал свой главный совет.	82.62869262695312
Чикагская товарная биржа делает это для того, чтобы выполнить свои обязанности для балансирования рынков со слишком большим предложением.	109.88291931152344
Большая часть этого  кризиса   фракция  еврозоны , США, борющиеся за сокращение расходов или заявлениях там о  плане   Б .	185.493408203125
Для рынка  акций   и товарного  капитала   последний квартал был худшим с 2008 года.	108.90985870361328
Невозможно продать больше товаров в стране, где прирост населения замедлен или нация вымирает.	97.14500427246094
Однако, до того, как  федеральный   резерв США начал спасать рынок  акций  при помощи второго  валютного    стимулирования , ИИЭЦ указал, что это понижение  индекса   не указывает на  рецессию   в будущем.	231.82589721679688
Добавьте колебания  экономики   в Китае, и у Вас получится рецепт для глубокой  рецессии .	121.79183197021484
Но самое важное то, что спикер США признался, что такое понижение показателя мого произойти из-за  проблем   с  техникой , в связи с проведением  сезонных   работ	207.73858642578125
Количество заявок показывает снижение уровня в мае, а так же его митинг в июне, очень детально.	135.38192749023438
Но они живут вне города и, возможно, даже не могу себе позволить купить билет на автобус в город.	94.9492416381836
Вот что написал наш друг, лорд Рис-Могг в журнале Флит-стрит леттер :	124.80968475341797
Оба  периода   1907 и 2007 года  характеризовались    банковской    паникой . 1970-е годы, напротив,  характеризовались    инфляцией , частично из-за  Организации  стран-экспортеров   нефти , у которых была <L10>монополия</L10> на <L11> нефть </L11>, и, частично из-за воинствующих профсоюзов.	278.9861145019531
В исследовании, опубликованном Генеральным  директоратом   по  экономике   и  финансам   Европейской  комиссии   в  феврале   2010 года, Пауль ван ден Ноорд пришел к выводу: пока  рецессия   1937-1938гг., в целом, связана с жесткой  позицией    макроэкономической   <L10> политики </L10>  , что вызывает отрицательное <L11> финансовое </L11>  и денежно-кредитное потрясение, возможные последствия этого не могут объяснить <L12> фактические </L12>  <L13> масштабы </L13>  и положение дел данного сокращения, и таким образом, эта точка зрения сомнительна .	473.4634704589844
Мы могли бы приостановить право Хабеас корпус  акт   и  конституционные    гарантии   от необоснованных обысков, чтобы легче собирать доказательства на людей, которые употребляют или продают  наркотики .	205.10191345214844
Это подтверждается тем  фактом , что крэк гораздо  популярнее   среди бедных  наркоманов , чем среди богатых.	121.93553924560547
Другие направления могут предложить менее драматический сценарий в иностранным делам.	94.94125366210938
Однако, более прекрасная деталь показывает некоторое  аннулирование  духа  экономической   открытости.	127.04981231689453
Но если Евроотчетливость потеряна потому, что брешь закроется между внутренней  интеграцией  Европы и более широкой  глобальной  взаимозависимостью, это должны отпраздновать.	197.74423217773438
 Базирование    стратегии  относительно такого предположения приводит к представлению, что власть о  коммерческой   торговле зуб за зуб и что это должно возвратиться как  доминирующая   логика руководящая  геостратегией   ЕС.	274.13134765625
Действительно, взаимность - теперь более видный (хотя, конечно, не новый) лейтмотив внешней политики.	106.5826416015625
Кэтинка Бэриш подчеркивает, что более  прагматически   строящийся альянс ЕС с Россией также привел к немногим результатам: соглашение о сотрудничестве все еще не согласовано; Россия двигается в сторону вступления в ВТО, но торговая  либерализация   заблокирована  таможенным объединением России с Белоруссией и Казахстаном; Россия все еще отклоняет многосторонние  энергетические  правила, желая новое  энергетическое  соглашение, основанное на большем количестве  геополитических   принципов ; Товарищество Модернизации ЕС-России все еще чрезвычайно пусто в содержании; Германия и Франция предложили участие России в новом  комитете  безопасности, но Москва изменила некоторые свои положения в Южно-Кавказском <L10> конфликте </L10>.	601.9640502929688
Но это было в основном продуктом внутренних  политических   изменений и символизм Польши, наконец преодолевшей холодную войну, не любого  фундаментального   переосмысления на последовательном  геостратегическом  подходе по отношению к России.	231.89154052734375
Его масштаб стремления внешней политики не должен быть передан ни слишком высоко, ни слишком низко.	89.835693359375
Голландцы послали только одну лодку в Средиземноморье, чтобы помочь  полиции   эмбарго в поставке оружия против  режима   Кадафи, но  политическое   и общественное мнение было твердо против существенной причастности к Ливии.	231.6937255859375
Понимания европейских тождеств сокращаются и определяются более как эксклюзив против внешнего мира.	122.21220397949219
Было бы неправильно базировать  политику   при условии, что Новый мировой порядок - противоположность  либерального    интернационализма .	143.89425659179688
Основной либерализм получает  негативные   отзывы в  прессе   сегодня и обычно описывается как  регрессивный   и необоснованно главный.	155.13140869140625
Но в  мультицентральном ,  полицентричном   мироустройстве это можно выставить в более благоприятном свете, возвращая резонанс как внимание на непреодолимое ядро  либеральных   ценностей, оставляя область для установленных изменений через другие отрасли и   культуры .	288.8232727050781
Эта доктрина  иллюстрирует    курс    между  либеральными и дирижизт-коллективистскими  убеждениями и предлагает, чтобы решения легли не в меньшем  либерализме   или превращении внутрь, а в более полном соединении  экономических   с  эффективно   уполномоченными  социальными   и <L10> политическими </L10>  свободами.	369.58843994140625
Что общего между собой имеют гамбургеры, губная помада и мужское нижнее белье?	76.6021957397461
Около 25 лет назад (в  сентябре   1986 года) британский журнал Экономист придумал Биг Мак  индекс   как забавный способ объяснить действие  паритета   покупательной способности путем сравнения цен на  гамбургеры   в разных странах.	210.17608642578125
Другие страны могут совместно  инвестировать  средства в транш первой очереди  компании    специального  назначения , тем самым обеспечив подушку безопасности для частных  инвесторов .	175.53921508789062
 Механизм   финансирования , при котором  зона  евро  берет на себя большую долю риска  за счет вложения собственных средств , а другие государства по большей части  финансируют  ее долги через частных  инвесторов и в меньшей степени через вложение денег в  облигации  с преимущественным правом погашения, все же является довольно  рисковым.	290.6739196777344
(Данная цифра выровнена относительно разных уровней стоимости жизни по всему миру.)	88.59685516357422
Настоящими  проблемами   для России являются  неэффективность   экономики ,  институциональная   коррупция и отсутствие  конкуренции , а не торговые  барьеры .	131.0279083251953
Ежегодно  диагностируется   350-500 миллионов случаев заражения  малярией , 1 миллион из которых заканчивается летальным  исходом: 90% смертельных случаев заражения  малярией   зарегистрировано в Африке, более 80% детей, умирающих от  малярии , также являются жителями Африки.	196.53363037109375
Как показывает нижняя диаграмма на рисунке 1, значительное повышение г доходов от  экспорта    газа   вероятнее всего произошло по причине пересмотра  контактов  в 2000, 2003 и 2005 годах .	219.78683471679688
Рост ВВП России в самом деле стал более чувствительным к цене на  нефть , в то время как укрепление  валютного    курса  рубля,  эндогенно  вызванное повышение цен на  нефть , все чаще действует как буфер , вызывающий приток  импорта .	239.20602416992188
Однако при ближайшем рассмотрении картина выглядит менее утешительно.	61.1982536315918
В том случае данные меры не оказались действенными, и Великобритания была вынуждена отменить золотой стандарт и  девальвировать    национальную   валюту.	131.57745361328125
Американский сенатор Джо Либерман рассматривает тот  факт , что стоимость инвестиционных  фондов , которые следят за  курсом  цены на нефть и других сырьевых материалов  возросла с 13 миллиардов долларов до 260 миллиардов долларов за последние 5 лет.	184.4378662109375
Вместо этого, они покупают контракт на будущие поставки нефти за несколько месяцев.	77.01510620117188
ОмегаТ: бесплатный и очень полезный переводческий редактор	80.24041748046875
Однажды мне позвонил мой бухгалтер и сказал: У меня для вас отличные новости. Если вы положите в банк 5000 кусков бумажки сегодня, то через 6 месяцев он вернет вас почти 6 тысяч! .	176.37457275390625
Этот тостер обошелся им в три кусочка бумаги	75.73023223876953
Ну ведь машина стареет!	58.84358215332031
Главной их задачей было превратить мягкого и пушистого Медведева в сурового младшего брата Путина - говорит Марк Урнов, бывший советник при  президенте   Бориса Ельцина и декан полит. наук в московском гос.  университете   высшей  школы    экономики .	265.3705139160156
Таким образом, опиум был перенесен из Турции и Тайланда в Мьянму и южный Афганистан, где они подорвали все попытки Запада нанести поражение движению Талибан. Аль Капоне в  масштабе   всего мира	203.40435791015625
Сознательная авантюра или очередной век провала?	74.63545227050781
Он описывает мечту о хорошей жизни милой девочке сиротке, которой он стремился помочь: коттедж с розами и фруктовыми деревьями, растущими под окном.	154.7596893310547
Чарли рассказывает отчаявшейся симпатичной бродяжке, которой он намеревается помочь, о своей мечте: большом доме, утопающем в  розах ,  фруктовых   деревьях, растущих так близко, что можно сорвать  апельсин   прямо из окна  кухни , корове, которую можно было бы доить каждый раз, когда захочется свежего молока к утреннему  кофе . И в этой вымышленной усадьбе все сверкает от чистоты и наполнено радостью, и даже ланч упакован с  шиком   и блеском.	453.77618408203125
Старший по  рангу    автор   Ньюсвика Чарльз Гэспэрино, выступающий на уже не существующем шоу Тины Браун на  канале   СиЭнБиСи, высказал следующее утверждение. Мы сеем семена нашего собственного упадка.	299.3068542480469
 Журналисты  были защитниками  либерального  отношения на протяжении слишком долгого времени, и теперь мы платим цену - Фокс Ньюс. Гэспэрино сказал то, что должно быть довольно очевидным - что канал Фокс Ньюс , это ответ на подавляющее количество  либерально  -направленных СМИ.	305.4119873046875
Модно писать о том, что Ирак представляет собой болото и тупик, для того, чтобы изобразить Буша в плохом свете.	123.43807983398438
Так, тщательно исследуйте календарь и запланируйте когда дать предложение заблаговременно событиям, на которые они реагируют.	134.1030731201172
Работа спортивного  журналиста  - карьера кратчайшего пути, которая, как было упомянуто выше, сталкивается с большим количеством  проблем .	131.7399139404297
Уильям Рэндолф Херст стал новым  редактором    газеты   Нью-Йорк Джорнал в 1895, он хотел разбить Пулицера и увеличить тираж своего издания.	172.92092895507812
Первым делом для того, чтобы стать  журналистом  мира  моды , необходимо  максимально  понять, как работает индустрия  моды .	112.62056732177734
Создайте свой собственный блог о  моде   и продолжайте добавлять полезную  информацию   в него.	92.15361785888672
Однако, большинство обозревателей имеет диплом  бакалавра   или  магистра , например, в области  литературы   или довели до совершенства знание английского языка.	138.57403564453125
Всякий раз, когда у кого-то есть  история, которой можно рассказать о своих путешествиях, рождении новорожденного, или званом обеде с друзьями,  истории  изобилуют в онлайн  блогах  и  видео   блогах .	212.1978302001953
 Блог   (сетевой  журнал ) образовался как форум и  онлайн -сообщество для людей с целью разглагольствовать в сети о жизни.	159.26953125
Само по себе ведение  фото-журнала   не является ничем новым, но блогосфера ( коллективное  сообщество  блоггеров ) использует это по-новому.	176.9637451171875
Есть также  блог-сайты , на которых пользователь может выбрать заготовленный макет для своего  блога   или  спроектировать   уникальный   индивидуальный  макет  самостоятельно.	177.4683380126953
Если блоггер или  влоггер  хотят сохранить многочисленные большие  альбомы  в течение длительного  периода , они могут заплатить за обслуживание, и таким образом, увеличить как вместимость  альбомов  так и  период  времени, в течении которого  альбомы  останутся доступными.	232.00132751464844
В конце концов, их прерогатива делать деньги.	57.72621154785156
Другой аспект  онлайновых   фото-сайтов   заключается в доступе к продавцам, взаимодействующих с этими сайтами, для того, чтобы напечатать  фотографии , которые отправляет  блоггер .	169.89315795898438
Хотя  спортивные   любители наблюдают прямую  трансляцию  благодаря СМИ, есть много людей, которые все еще любят читать или наблюдать доскональный  детали   события.	168.4069061279297
Да,  интервью  с известными лицами, изложение краткий сведения об их делах, образе жизни и хобби - это определенно хорошие  идеи   для статьи.	162.33604431152344
Если открывается центр помощи, клиника, и т.д., на пользу людям, проживающим здесь, на эту тему можно написать замечательный очерк.	133.22634887695312
Фотографии папарацци обычно представлены на первой полосе.	61.00180435180664
Он работал в издании Вашингтон пост с 1971 и считался одним из выдающихся следственных журналистов Америки.	86.11272430419922
Как утверждают дерматологи, лишь немногим из нас нужно использовать шампунь ежедневно.	81.15741729736328
Слово шампунь пришло в английский язык из хинди около 300 лет назад и означало массаж кожи головы с применением небольшого количества ароматического масла.	119.2098159790039
В то время для очищения волос использовали натуральные удаляющие излишки жира порошковые вещества - крахмал или древесную золу.	128.71339416503906
А из дождевой воды смешанной с золой дерева, на самом деле, получается масса, напоминающая современный кондиционер для волос.	157.52748107910156
Некоторые мылящиеся смеси, особенно дешевые, содержат вредные вещественные вещества, которые могут проникнуть в ваше тело через кожу.	106.10675048828125
Давайте рассмотрим на примере, выполняет ли артикль какую-либо  функцию  в одной из этих  классификаций .	120.00504302978516
 Вулканы   склонны располагаться вдоль краев  тектонических   плит,  массивных   каменных образований, которые составляют фундамент земной поверхности.	144.80062866210938
Как, например, Жуль Верн, в чьих статьях и  историях  описывались  электрические  подводные лодки,  телевизионные  новости, солнечные паруса,  фонотелефон  (видеосвязь), воздушная  реклама  (авиареклама) и  электронный   девайс для  контроля   ( электрошокер ).	280.8635559082031
Они ожидают, что получат все по первому требованию, будь то песни, книги,  журналы ,  газеты , телешоу или  фильмы . И было бы глупо отрицать эти  тенденции .	172.10801696777344
Они не выписывают  газеты , не пользуются  стационарными   телефонами , они снимают  видео  на  мобильный   телефон  или фотоаппарат вместо  видеокамеры ,  фильмы   скачивают из <L10> интернета </L10>.	210.13034057617188
Энди Хейман, бывший босс Кларка, недавно надевший очки и менее нахальный чем когда он работал в комитете внутренних дел в прошлом году, говорил почти тоже самое, хотя он видел много проблем связанных с восприятием больше чем то, о чем говорят Левесон или его королевский адвокат Роберт Джей.	309.3752746582031
Каждый раз, когда из компьютера удаляется программа или происходит ее обновление, в системный реестр заносится соответствующая запись.	88.42003631591797
Покидая зал суда, Петр Верзилов, муж Толоконниковой, заявил: Путин получает все, что хочет. Больше нечего сказать .	143.415771484375
На этой площади в небесах , находятся широкие террасы для прогулок по периметру тарелки с множеством кафе и ресторанов, что позволяет посетителям насладиться потрясающим панорамным видом на город.	158.68211364746094
18.1.5 землетрясения, оползни, извержения вулканов, пожары, наводнения или затопления, цунами, тайфун или циклон, ураган, бурю, молнию, волны давления или другие стихийные бедствия.	147.646240234375
В этой связи Комиссия напоминает о ее собственном мандате по прогрессивному согласованию и унификации права международной торговли путем принятия любых мер, которые она может счесть полезными для выполнения своих функций, и поэтому просит Секретариат продолжать вести реестр прозрачности, первоначально на пилотной основе, и стараться изыскивать необходимое финансирование.	275.247802734375
Вход в Комплекс или в тот или иной зал заседаний в Комплексе может быть ограничен в целях поддержания порядка.	105.58949279785156
На видео и фотографиях видно, что с нее была сорвана одежда, чтобы обнажить ее тело.	79.50310516357422
52. Полная картина многообразия религий и убеждений в том или ином государстве должна охватывать все религии и духовные группы.	115.41251373291016
18. Специальный докладчик отмечает рост случаев использования электронных телекоммуникационных технологий, таких как электронная почта и Интернет, для распространения информации расистского и ксенофобского характера, для разжигания расовой ненависти и подстрекательства к насилию.	136.35926818847656
В декабре 2013 года по общенациональному общественному телевидению был показан документальный фильм по проблеме торговли людьми.	80.59400939941406
Эта газета смогла возобновить свою деятельность через шесть месяцев после ее закрытия.	69.81835174560547
Все эти действия осуществлялись с целью продемонстрировать открытость перед другими государствами и перед населением. Так, Франция опубликовала доклады миссий ОСАРТ и ИРРС по коллегиальному обзору, которые осуществлялись на ее территории, а также календарь уже проведенных и планируемых миссий.	236.2249755859375
В рамках этого проекта лицам, не имеющим профессии, социально незащищенным лицам, чья профессия или род занятий не пользуется спросом на рынке труда, а также всем лицам, желающим сменить профессию, будет предложена возможность получения профессиональной подготовки, чтобы помочь им повысить профессиональную компетенцию, усовершенствовав имеющиеся у них профессиональные навыки.	205.54592895507812
В тот же день мужчина, утверждавший, что один из его родственников подхватил вирус Эбола и не получает надлежащего ухода, поджег главный конференц-зал министерства здравоохранения и социального обеспечения в Монровии, причинив району ущерб на сумму в 200 000 долл. США.	183.70770263671875