Como usted sabe, a una parte importante de Gales se le ha dado el estatus de Objetivo I dentro del programa de los Fondos Estructurales.	114.42589569091797
Déjenme recordarle también que cuando el líder de su partido, el Sr. Hague, fue Secretario de Estado para Gales violó todos los artículos del libro de adicionalidad, algo que propició una severa carta del Comisario Wulf-Mathies en torno a los requisitos regulatorios.	265.2409973144531
La mayoría de ellas traducen de hecho las diferencias políticas que existen entre nosotros respecto a la oportunidad y a la eficacia de las ayudas estatales, habida cuenta de las insuficiencias, reconocidas o no, de las únicas inversiones privadas, market failures o insuficiencias del mercado.	214.32334899902344
Quiero agradecer personal y profundamente al Sr. von Wogau el empeño con que ha examinado el dossier relativo al Libro Blanco y la calidad de su informe.	133.82276916503906
Al respecto, quisiera dedicar algunas palabras a la idea, que me parece excelente, expuesta por los Sres. Riis-Jørgensen y Huhne, es decir, la idea del monitoring of the implementation.	175.34912109375
El comité de control que ya existe sólo puede controlar la independencia del director de la Oficina.	88.575439453125
A mi juicio, la ayuda estatal ilegal equivale a poco más que un dumping social patrocinado por el Estado.	108.67668151855469
Tampoco es admisible que una institución pública posea el copyright de documentos públicos.	75.85584259033203
Falta de responsabilidad, demasiada ex ante, muy poca ex post y de ahí surge una cultura basada en la realización de muy pocas inversiones verdaderamente efectivas.	145.78521728515625
No sé si bate el récord de todas las resoluciones presentadas aquí pero, desde luego, de este tipo de resoluciones sin lugar a dudas.	112.76571655273438
También puedo asegurar específicamente a la Asamblea que no buscamos lo que algunas veces se denomina una aproximación de big bang .	123.0191421508789
Asunto: Propuesta de Reglamento en el que se fijan los Totales Admisibles de Capturas de determinadas poblaciones de peces para el año 2000 (Caso concreto de la anchoa ) Según los últimos informes del Consejo Internacional de Exploración de los Mares, el stock de anchoa en la zona VIII CIEM presenta, en la actualidad, un estado crítico.	246.45457458496094
Si mediante instrumentos similares al impuesto Tobin dificultásemos el funcionamiento de este mecanismo ' feed back' de interconexión, el cual concede al usuario la posibilidad de elegir, podríamos cometer errores cuyas consecuencias económicas saldrían tan caras, que los fondos recaudados mediante el impuesto no podrían nunca cubrir esas pérdidas.	288.298583984375
Si incluimos también el sector privado, constataremos que esta famosa financial stability no sólo no se ha logrado, sino que además, muy probablemente, estamos sentados sobre un volcán a punto de estallar en cualquier momento.	162.2987060546875
No tiene ningún sentido para cualquier trabajador del ámbito Schengen, pues ya ha sufrido un screening para entrar en el primer Estado miembro, y el segundo Estado miembro puede, ex ante, rechazar de manera justificada la entrada de ese trabajador en su territorio.	190.22903442382812
Para lograr que el 50% o más de la combinación energética proceda de las fuentes de energías renovables, no podemos contentarnos con ciertos hot spots que a corto plazo serán más rentables.	150.58799743652344
Por ello, me gustaría recomendar a los miembros de este Parlamento que a pesar de su afiliación política voten en contra de las enmiendas presentadas a la posición común que debilitarán el estándar medioambiental y suavizarán la responsabilidad de los fabricantes.	178.0340576171875
Permítanme comentar -escuchen bien lo que les voy a decir, puesto que esto se ha repetido en el debate - el asunto de los coches antiguos y de hobby al que aluden las enmiendas 3, 7, 9, segunda parte, y 35.	217.6640167236328
Se pone también un énfasis especial en la difusión de los resultados y en el aprendizaje mutuo mediante la best practice y el mainstreaming.	106.92542266845703
Puesto que el programa LEADER es algo así como un taller con un concepto de bottom-up, en los pasados años ha nacido mediante LEADER I y LEADER II una enorme cantidad de ideas que, naturalmente, algún día dejarán de ser nuevas y exitosas.	209.4890899658203
Sin embargo, he llegado a la conclusión de que el timing ha sido, de hecho, muy acertado.	72.60137939453125
La cuestión tiene mucha importancia y yo quisiera saber, porque puede hablarse de baby estafa, si el señor Comisario velará por que estos fondos no se sustraigan a los andaluces, por que los fondos que la Unión Europea va a pagar a Andalucía, utilizando el censo como criterio, tengan en cuenta a esos cuatrocientos mil niños que Aznar no cuenta cuando se trata de darles escuelas, servicios.	322.28033447265625
Las propuestas de la Comisión que discutimos permiten el lifting que necesita esta directiva.	104.54460144042969
Para concluir, señor Presidente, permítame recordar a los colegas que la directiva necesita un new look que haga aún más atractivos los OICVM, pero no necesita un corsé europeo, lo cual los asfixiaría.	203.0149688720703
Todos estos hechos, que desgraciadamente se han sumado en el tiempo y en el lugar, hacen que los desalmados, intolerantes, racistas y hooligans que todos tenemos en nuestros territorios, y que gracias a Dios son minoría, enciendan la mecha de la xenofobia.	184.49139404296875
Señor Presidente, señor Comisario, ya que hablamos de empleo, quiero recordar el también muy serio asunto de las quiebras de los mayoristas, los tour operators, y sus repercusiones, principalmente en los hoteles, pequeñas y medianas empresas sin la necesaria organización y sin acceso a la información que les permita conocer la solvencia de la contraparte.	263.3774719238281
Y cuando surge algo más, no me parece bien que el Orden del Día de las distintas comisiones, ya de por sí excesivamente cargado, sea siempre acortado a causa del show que organizamos.	185.4451904296875
Señor Presidente, señor Comisario, señoras y señores diputados, la liberalización prevista de los servicios postales nacionales tradicionales suscita ineludiblemente la pregunta de qué es lo que estos servicios considerarán en el futuro como su core business, su actividad central, en otras palabras, qué es lo que querrán hacer los propios servicios postales, qué es lo que querrán hacer en cooperación con sus homólogos a nivel internacional y qué es lo que no harán.	252.94773864746094
En esta perspectiva, el llamado activity based management es el instrumento clave para garantizar una correspondencia entre los objetivos, las acciones y los recursos.	101.32273864746094
Por este motivo, éstas constituyen un test de credibilidad para la política exterior y de seguridad común de la Unión.	94.0428237915039
Pienso asimismo que no ha de subestimarse -y le formulo una pregunta- el poder y la fuerza de los lobbies de los ministerios de Asuntos Exteriores.	128.9928741455078
El policy mix que pongamos en marcha tendría que permitir precisamente la plena absorción de estas capacidades.	103.94994354248047
No creo que el estado de los stocks ni el escandaloso sistema actual de los descartes sean un buen ejemplo de la bondad del sistema, que requiere por tanto, a mi juicio, importantes mejoras.	170.8820037841797
Señor Presidente, señor Comisario, en tanto ponente de la directiva relativa a las instalaciones portuarias receptoras de desechos, quiero hacer un par de observaciones, también de cara a la prevención de la contaminación marina, que me han surgido y de las que, en mi opinión, se habló poco en la green shipping conference de Hamburgo en la que todos estuvimos presentes.	262.9053955078125
Sabemos que, en nombre de los empresarios, la UNICE descubre su juego en los documentos preparatorios de la cumbre europea del business prevista en junio en Bruselas: se pide a los poderes públicos que eliminen todos los obstáculos sociales, reglamentarios y fiscales al desarrollo de los negocios y que inviertan masivamente en la salvaguarda de la demanda.	254.51351928710938
Los incrementos en los medios de comunicación, en la telefonía móvil y en el software no han podido compensar las pérdidas de empleo en el sector de la telecomunicación, en el de la industria electrónica y los efectos de la racionalización de las tecnologías de la información en otros sectores de la economía.	154.4725341796875
Por lo tanto, quisiera reabrir el debate acerca del corporate governance sobre el concepto más amplio de la empresa como stakeholders society incluyendo el papel de los interlocutores sociales y de todos los implicados.	163.1044921875
En esta materia, hemos recomendado durante la tramitación un llamado split comitology, que podría ser de inestimable ayuda.	132.0639190673828
No tengo tiempo para detenerme en otros aspectos elusivos y moderados, demasiado moderados de su programa: medio ambiente, salud, justicia, transportes, seguridad, además de la precipitada ampliación de la Unión que ha provocado las críticas de su predecesor Jacques Delors, el fomento de la economía on line que es una de las muchas panaceas del desempleo, o la defensa de los consumidores ciudadanos y no de los ciudadanos consumidores.	335.71368408203125
Esta es la razón por la cual se debe también tener en cuenta lo que llamamos capacity building, es decir, las medidas de asistencia técnica que hay que poner en práctica para que este acceso no sea simplemente teórico, sino bien concreto.	139.97674560546875
La necesidad de intervenir en los ataques a periodistas independientes, la necesidad de defender a insumisos y a desertores, así como la necesidad de desarrollar sanciones inteligentes, smart sanctions, que no suman en la miseria a amplios grupos de población, sino que estén destinadas a los políticos tiranos que han acumulado riquezas.	236.1923828125
Es una mezcla entre la Sra. Bonino y el Sr. Le Pen, lo cual es una mezcla sensacional de por sí, además de que este club no participa nunca en las deliberaciones de índole técnica.	179.62339782714844
He aquí, en efecto, la nueva directiva que se nos presenta hoy aplicada hasta las últimas consecuencias, y que podría perfectamente terminar por sustituir a la definición del chocolate que conocemos; es cierto que los productos sustitutivos son una especialidad del lobby industrial que parece haber inspirado esta apabullante directiva.	250.1554412841797
Al boom de la tecnología de la información se enfrentan fusiones y despidos.	78.24394226074219
Las ciudadanas y ciudadanos tienen que familiarizarse con unas nuevas formas y relaciones de trabajo en la industria de la información y de la comunicación, tanto en el sector del hardware como en el del software, en el servicio o en el asesoramiento.	135.78842163085938
Acabo de recibir de manos de un colega la session news acerca del debate de ayer sobre el informe Ludford, y he de constatar con consternación que la declaración que yo emití en nombre de mi Grupo no figura allá.	190.64393615722656
Primera: que vamos a buscar unos mejores estándares internacionales en el marco de la OACI, que vamos a colaborar en el seno de OACI y que vamos a buscar un objetivo común, que es reducir, todavía más, los ruidos en los aeropuertos, y por lo tanto unos mejores niveles de ruido, mediante la aplicación de las tecnologías más modernas con un período de  phasing out de los aviones más ruidosos con el establecimiento de un capítulo 4.	299.6310119628906
Son muchos los que ven en el tema de los hushkits el primer caso de cómo el nuevo Parlamento y la nueva Comisión tratarán los temas de la aviación en el futuro.	148.79664611816406
Esto ha gustado a las poderosas empresas norteamericanas, como fabricantes de aviones, pero les perjudica porque al mismo tiempo son inversoras propietarias de miles de aeronaves arrendadas en leasing a todos los países del mundo, aeronaves que, por anticuadas, tendrían dificultades para operar en Europa.	244.31842041015625
Hemos propuesto a los norteamericanos -si es que consideran que esta definición de los bypass ratio suponen discriminación; nosotros entendemos que no- que podemos buscar una definición distinta.	194.3858642578125
Conclusión: es necesaria una nueva fase, con las Presidencias portuguesa y francesa, un brand-new start de la política euromediterránea, que pueda impulsar un círculo virtuoso hacia los objetivos que trazó de forma correcta la Conferencia Euromediterránea de Barcelona de noviembre de 1995.	213.2120361328125
Por otro lado, tenemos los sistemas de trading que acaban de nacer en los Países Bajos, en Dinamarca y en los que seguirán existiendo muchos problemas administrativos y técnicos por resolver.	137.58538818359375
Todos los colegas deben comprender por fin que si bien, en nuestra calidad de parlamentarios, debemos cumplir con el máximo rigor nuestras tareas de control, sin embargo no somos detectives ni fiscales, ni mucho menos ángeles vengadores, black vengeance angels, por decirlo así.	217.6412353515625
En toda nueva legislación tenemos que establecer un mejor equilibrio entre la self regulation y la public regulation</2>, en la línea de lo que, en las conclusiones de la Cumbre de Lisboa, se llama, en algunas iniciativas, corregulación.	207.68150329589844
En segundo lugar, a menudo lo que los directores de marketing denominarían los suministros son diferentes.	90.55196380615234
El principio subyacente one man -one vote es inaceptable.	78.9377670288086
Pero para mí es tranquilizador que tantos colegas estén de acuerdo en reconocer que las propuestas contenidas en 52 apartados y 58 subapartados constituyan una shopping list de una extensión exagerada que, tal como están las cosas, puede no ser tomada en serio en la Conferencia intergubernamental.	223.74156188964844
Uno es el pilar obligatorio, el sistema pay as you go; el otro es el sistema de capitalización, que se sitúa por encima de aquél. El problema es que todos los países parten de situaciones muy distintas.	155.69650268554688
La enmienda 34 exige que los plátanos fair trade sean apoyados independientemente del país de origen.	97.02052307128906
Para que esto resulte visible, parece preferible que los dos socios utilicen en las actividades previstas un emblema y un eslogan idénticos.	130.09194946289062
Tenemos un sistema que va a ser administrado por los usuarios y me gustaría, adelantándome dado que confiamos en conseguir que esta directiva salga adelante, decirle esta tarde a la Comisión que es necesario que dispongamos de un sistema muy exhaustivo y muy rápido de feedback de los usuarios acerca de los problemas y cuestiones que les surjan al utilizar esta directiva.	260.9316711425781
Desde el punto de vista de la alta tasa de desempleo que se sigue manteniendo en Europa conviene recordar, como dice el refrán, que  an early bird catches the worm.	122.59941101074219
Y para economizar incluso fuel en la fabricación de las harinas disminuyeron la temperatura de cocción permitiendo así que sobreviviera el agente patógeno de la EEB, es el resultado trágico de la carrera por el beneficio y del modelo agrícola británico.	237.127685546875
Cada país tiene su reglamento particular que regula la velocidad, seguridad y el confort del viaje: sólo se permite circular por la red si se cumplen todas esas estipulaciones.	131.9401092529297
Será necesario emprender el camino de las reformas que los Estados miembros deberán acometer necesariamente para reducir las cargas que pesan sobre las empresas, reducir el coste laboral, respaldar las acciones orientadas a apoyar la formación permanente en el ámbito de una economía basada en el conocimiento, favorecer la investigación para que Europa recupere el gap que la separa de los Estados Unidos y de Japón.	246.32627868652344
Las líneas de alta velocidad deben concebirse sobre todo para el turismo, el relax y el recreo de todos los ciudadanos europeos, especialmente de las personas mayores que son los que disfrutarían viajando si hubiese más comodidades y más trenes de viajeros que de mercancías.	202.727783203125
Las diferencias nacionales representan un handicap importante para el desarrollo del transporte por ferrocarril en Europa, a pesar de las numerosas ventajas de este medio de transporte en términos de desarrollo estable, de contaminación y de seguridad.	132.63189697265625
La Comisión debe encargarse en lo sucesivo con más empeño de que las tarifas llamadas roaming que los operadores cobran a sus clientes desciendan en todos los países de la UE a un nivel razonable más acorde con los costes reales.	169.8443603515625
La ambigüedad en lo que concierne a los límites del papel de la Comisión resulta particularmente evidente en el ámbito de la seguridad y debería ser, de una vez por todas, claramente despejada, pues no debemos olvidar que en el origen de los éxitos que tiene el proyecto de integración europea se encuentra ese tándem armónico entre Parlamento y Comisión, por cuya restauración hay que luchar y trabajar.	271.599365234375
Señor Presidente, la resolución propuesta por la Sra. Lalumière se propone dar cobertura parlamentaria a la proclamación de la Unión Europea, junto a la OTAN, como gendarme internacional; dispuesta, incluso, cuando y donde la OTAN vacila, tal y como se concretó en Helsinki, con la correspondiente propuesta de medios y estructuras.	284.5961608886719
Me satisface comprobar el impacto producido por los conceptos  platform y action de Pekín.	125.81502532958984
Considero especialmente importante que se aproveche en la reconstrucción el know how de las organizaciones europeas y de las organizaciones de los Estados miembros y que se incluya también a las ONG y a los expertos locales.	136.23960876464844
Sin embargo, no cabe duda de que, desde el punto de vista institucional, el impasse en el que estamos es muy grave.	79.6849136352539
En la cumbre se trató de think tank, de contactos con las ONG, de nuevas redes.	96.00801086425781
El Sr. Patten la ha calificado de embarazosa para la UE y la Comisión y la ha llamado la peor forma de gestión de ayuda al desarrollo, el Sr. Nielson se ha conformado con llamarla a pizza-service without delivery .	239.3546600341797
La reglamentación que hoy debatimos es una consecuencia directa de las recomendaciones de la investigación parlamentaria sobre la EEB de aquel entonces, en la que se fijaba la gestión integral de la cadena, es decir el principio from stable to table , y, con él, la máxima rastreabilidad de las materias primas.	230.59469604492188
Estoy pensando, por ejemplo, en los monopolios del transporte por carretera, con todas las consecuencias que ello conlleva para los precios con los que el cabotaje debe conectar el short sea port de Bilbao.	164.8744354248047
De ahí que el Parlamento indique en su informe la necesidad de un planteamiento one stop shop al ofrecer servicios de transporte logístico a los usuarios finales.	134.6387481689453
Concluimos. En primer lugar, es necesario simplificar el reglamento con el fin de permitir la aceleración del proceso en aras a una mayor transparencia, poniendo en ello los medios necesarios para la instrucción del dosier por la Comisión y para el control por el Consejo.	197.4735107421875
Esto sólo podría llevarse a cabo, por ejemplo, como reciclaje o on the job training .	94.06131744384766
Esto nos lleva a una política exterior de la Unión Europea con otras pautas y nos lleva a la integración con el Comisario para las Relaciones Exteriores, míster PESC, el Sr. Solana, y con el Consejo que tienen cada uno un papel específico que desempeñar.	209.9872589111328
Celebro la conferencia del Comisario Nielson del 28 de septiembre de 2000 y espero que ella nos lleve a un crash programme para afrontar estos problemas aún más enérgicamente en el futuro.	166.67698669433594
Y tampoco es casualidad que el mismo Blair haya propuesto la difusión gratuita del set top box, prefigurándose una doble ventaja: por un lado, para la economía y, por otro, para el pluralismo informativo y cultural de su país.	182.0574951171875
No la comparto porque la comunicación vuelve a presentar el viejo cliché europeo en lo que a la televisión y al cine se refiere: intervención pública directa a través de las empresas públicas, asistencialismo, negación de la naturaleza del mercado que el sector audiovisual ha asumido cada vez más.	226.115234375
Ha habido mucha información errónea al respecto, suscitada en parte por los Conservadores del Reino Unido; en la prensa sensacionalista han aparecido titulares sobre complots vergonzosos de la UE para obligar al Reino Unido a aceptar a los amantes gay de los refugiados.	201.82579040527344
Sólo quiero aclarar que en la parte de Alemania de la que yo vengo esta palabra no significa otra cosa en inglés que painful and hard work.	135.5250244140625
Es indudable que el doping está cambiando el deporte y que el deporte cambiará por el doping , lo que nos llevará a un auténtico circo romano si no hacemos nada por impedirlo.	131.1372528076172
No en vano, los Juegos Olímpicos de Atlanta fueron calificados de Guerra Olímpica por el chef de mission neerlandés André Bolhuis. Seguramente los denominó así por los miles de agentes de policía desplazados y la atmósfera hostil que el público americano y sus medios de comunicación crearon frente a los aficionados al deporte procedentes de otros países.	228.7342529296875
En la primera juventud, en la escuela, se repite el adagio de aprender para la vida .	87.83621978759766
Necesitamos la formación permanente y la educación en cultura general para estar en condiciones de oponer resistencia al intento de crear un estado europeo totalitario, cuyo buró político seríamos nosotros.	151.51242065429688
Señor Presidente, he votado a favor de este importante documento, cuya importancia, valga la redundancia, ha sido destacada por todos los oradores, y en particular por la Sra. Echerer quien ha dicho que el individuo debe aprender por sí mismo , por el Sr. Posselt, a quien podría darle el carné del Partido de los Pensionistas por su decidido apoyo a las personas mayores, y por el propio Comisario Sr. Barnier que ha asegurado un compromiso específico al respecto.	361.0634765625
Y ese puzzle requiere la revisión del Convenio de Dublín, la decisión que hoy mismo hemos adoptado de proponer una directiva sobre normas mínimas de proceso común de asilo y también la labor de preparación técnica del sistema Eurodac, que no se han detenido, que prosiguen y que, naturalmente, sólo se podrá ponerlas en práctica cuando haya un fundamento jurídico legal claro e inatacable para desarrollar el sistema Eurodac.	338.31585693359375
En un incendio intencionado, producido en un albergue de transeúntes de Wuppertal, resultaron levemente heridos tres niños. Se había arrojado a la casa un cóctel Molotov.	139.3374481201172
Quisiera reconocer y destacar que en este ámbito una ayuda especial debería favorecer a las mujeres como empresarias y quisiera subrayar también que nosotros, como Parlamento, deberíamos instar a la Comisión que acompañe este proceso de avances en este ámbito con un benchmarking y un proceso de score board.	247.31471252441406
Aprovecho esta ocasión para dirigir al Comisario Verheugen una invitación para que haga de intermediario ante la Comisión y el propio Consejo de Europa, al objeto de que la Unión reexamine su posición e invite a la oposición serbia que ha ganado las elecciones a no desertar del ballotage regalando así a Milosevic una victoria virtual sin un enfrentamiento político que podría ser un peligroso pretexto para seguir en el poder.	300.104248046875
Es muy importante que no se trate de una flag of convenience, sino que se apliquen aquí realmente todas las medidas que prescribe el acquis, para que se tenga muy en cuenta la seguridad.	149.7744903564453
Por ello, las previsiones financieras no nos parecen suficientes, pues el hueco existente entre las necesidades diagnosticadas de infraestructuras y los instrumentos de financiación existentes en la Unión más las posibilidades de los mismos países candidatos es demasiado grande y los modelos de financiación public private partnership solamente se podrán realizar condicionadamente.	256.1394958496094
Tenemos la responsabilidad de ofrecerles a nuestros jóvenes la posibilidad de construir una sociedad futura donde la violencia y las agresiones no se consideren hip ni cool ni dignas de imitación, sino profundamente despreciables.	160.27874755859375
Así pues, creemos que, primero los índices comunes europeos, una labor que en este momento está en el camino de su consecución, y también los objetivos nacionales, es decir la necesidad de que cada país realice un score board sobre si mismo y que haya un seguimiento, es un primer paso que puede darnos resultados concretos.	270.48284912109375
No obstante, votaré a favor de la denominada performance reserve , porque creo que es necesario que en esta fase se nos facilite alguna información más, y por lo que a mí respecta, esa información tiene que ser la relativa a las condiciones exactas de la jubilación anticipada y cuáles pueden ser las consecuencias con respecto al personal cuando en 2004, o quizás ya en 2003, haya también funcionarios procedentes de los países de Europa Central y Oriental.	314.6136169433594
Para lanzar el sistema, la Comisión formuló un núcleo duro de premisas: el sistema deberá basarse en un planteamiento learning by doing, deberá iniciarse en 2005 y, en una primera fase, deberá limitarse al dióxido de carbono y a las fuentes concretas de grandes dimensiones.	223.47889709472656
Desde que está claro que el CO2 es el principal responsable de los cambios climáticos y que el transporte sigue aumentando, hay que realizar sobre todo propuestas concretas sobre cómo limitar el tráfico urbano, dirigir correctamente el tráfico de tránsito o configurar adecuadamente el road pricing.	191.9296417236328
El objetivo debe ser una single payment area en la que los pagos transfronterizos tengan que cumplir los mismos requisitos y se les apliquen los mismos costes, tal como sucede con las transacciones interiores.	150.62586975097656
Me parece esencial el grupo de reflexión a nivel europeo con representantes de la ONG, los interlocutores sociales, el Consejo y el Parlamento Europeo, quienes deben participar anualmente en una round table.	151.5281982421875
Los documentos salidos a la luz son no menos que un smoking gun.	76.08287811279297
Señora Comisaria, disponemos de una directiva para el end of live vehiculs .	118.61951446533203
En cambio, señor Ministro, - lamentablemente, debo decirlo - usted dice: podríamos... , y habla usted de pabellones baratos, de black boxes y de otras cosas.	176.05734252929688
En el informe se citan marcas de cigarrillos que se venden como suaves , light u otros términos similares.	103.15311431884766
Es una buena base para la política comunitaria del próximo año y hay que decir también realmente que la idea comunitaria ha sido determinante durante todo el año, durante todos los preparativos. En nombre de la Comisión, quiero expresarle en este sentido mis felicitaciones, madame Parly, así como a sus colaboradores, pues ha sido realmente una auténtica comadrona para este presupuesto 2001 centrando los debates y negociaciones en los puntos esenciales.	337.6327209472656
Sin un droit de suite internacional, la realidad es que el mercado europeo del arte acabará en los paraísos fiscales.	109.4804916381836
Y, en tercer lugar, los servicios prestados por empresas no europeas a empresas europeas estarían también sujetos a imposición, lo que establece la igualdad de condiciones, el  fair play en el marco internacional.	161.18397521972656
La conclusión de las investigaciones es que el dumping y el perjuicio no son discutibles y que el efecto de las medidas antidumping en los usuarios sería limitado.	128.55812072753906
Pero eso no necesariamente significa, estimados colegas, señor comisario, que se haya conseguido el maillot amarillo ni que la victoria final esté a la vista.	124.97492218017578
Voy a puntualizar, en relación con el famoso bonus que ha levantado tantas críticas, que cuando se justifica anualmente un 9% de bonus sobre el sueldo de cada empleado del Banco Central Europeo, el 38% de los bonus en un periodo de 54 meses, es el 8,5% anual.	231.4215545654297
Por eso hay que combatir a los que se ha dado en llamar hackers , sancionando la oferta que hacen al público de medios para neutralizar las medidas de protección, incitando así a la piratería de obras protegidas.	183.2587890625
Y también que el acervo cultural que, por ejemplo, está almacenado en archivos de televisión, se pueda abrir y que las bibliotecas puedan cumplir también en el mundo online sus valiosas tareas.	160.55743408203125
Y para terminar, los italianos esperan que los OGM hagan que el bistec a la florentina no tenga peligro alguno, para poder consumir con toda tranquilidad esta excelente exquisitez italiana y de toda Europa.	178.27392578125
En lo que a la memoria tampón (tampón) se refiere, hubiera deseado que este informe estuviera más cerca de la directiva sobre comercio electrónico.	133.22715759277344
Es casi como hacer un striptease a oscuras -perdón por la expresión, señor Presidente.	92.37663269042969
No en vano el interlocutor que aquí nos ocupa constituye el cuarto grupo del ranking mundial en estos ámbitos y, además, tiene un potencial de crecimiento muy grande.	146.0574188232422
Es un púgil que está acostumbrado a dar golpes bajos ante la miranda indiferente del árbitro del ring y mientras los árbitros de los puntos discuten acerca de si los golpes bajos del rey del dopaje valen un punto o medio.	188.64947509765625
No sé si sería posible, como señala el diputado, aumentar esta apuesta creando, además, un chat room.	121.15664672851562
Sin embargo, esto no echa por tierra las exigencias que el Parlamento puede formular claramente por medio del llamado mecanismo call back.	126.49798583984375
Para ello, el Tribunal de Cuentas debe pasar efectivamente a un naming and shaming consecuentes, por tanto, poner públicamente en la picota a los Estados miembros que no se lo tomen en serio.	164.8415069580078
Asunto: Impuesto sobre las transacciones financieras versus artículo 56 El artículo 56 del Tratado CE establece que:	91.37010955810547
Los jóvenes europeos siguen entrando aproximadamente a la misma edad en contacto con el alcohol como lo hacían antes, es decir, en la temprana edad de los teenager .	128.36297607421875
Espero que no nos esté hablando de crear una Convención que sea una especie de pub sin cerveza.	110.78543090820312
Los neumáticos que compré tienen una resistencia de rodadura considerablemente inferior a la media, además de unos niveles de adherencia y aquaplaning bastante superiores a la media.	118.26476287841797
Por esto, fui a verle para felicitarle por su elección, junto con el chófer Ugo Gustinetti, pensionista, que me dijo: Como pensionista, estoy muy a favor de este informe sobre el programa en materia de medio ambiente, porque debemos respirar aire limpio.	233.63548278808594
Sin embargo, he optado por votar en contra de los siguientes puntos: la propuesta de que el trabajador debe ser informado al menos con un día de anticipación, la propuesta de que el tiempo en que se está al lado del chofer deba ser computado como tiempo de trabajo y la propuesta de un máximo de 8 horas diarias de trabajo si se trabaja de noche.	214.75543212890625
Por esta razón, me he esforzado, en mi condición de Ponente, en elucidar con carácter previo e informal los puntos de vista del Consejo y de la Comisión en el marco del procedimiento fast track, así como en trabajar en aras de una solución de compromiso entre el Consejo, la Comisión y el Parlamento.	203.9400177001953
Este tipo de ayudas, como ustedes saben, están condicionadas por ciertas exigencias de política económica y se proponen dentro de un programa de stand by del Fondo Monentario Internacional por un año.	164.0628662109375
Por lo tanto, para mí el elemento más sorprendente y más chocantes de los acontecimientos de Génova ha sido ver como dentro de las fuerzas del orden bastó una tontería, un mero cambio de Gobierno, una campaña denigratoria del movimiento anti G8, una organización insuficiente y una banda de hooligan violentos para que volviera a aparecer en algunos de ellos - subrayo, en algunos de ellos - la voluntad de convertirse en instrumentos de represión ciega y profundamente estúpida.	363.5666809082031
En efecto, creo que ambos sistemas son ineficaces a la hora de luchar contra el llamado spamming: los verdaderos spammer que atascan los buzones de correo electrónico son personas que lo hacen de manera fraudulenta, con direcciones escondidas y, en consecuencia, no tienen ningún interés en respetar ni el opt-in ni el opt-out.	223.22103881835938
Los políticos tenemos que acelerar el desarrollo y la divulgación de los productos técnicos que eliminan los spam y las exigencias de control, tal como lo señala la enmienda de la Sra. Palacio Vallersundi.	194.01356506347656
Quisiera apuntar a la Sra. portavoz del Consejo que, en Génova, el ataque no fue en contra de bloc noir , sino contra cuantos se manifestaban pacíficamente.	168.3556365966797
Se trata de un tema que se debatió en la Cumbre entre el primer ministro italiano y el premier inglés: un proyecto cuyo objetivo es crear una organización que pueda descubrir y contribuir a golpear los tentáculos de la mafia del terrorismo.	165.6039276123047
Tercero, no deben sufrir un shock los que ya no van a disponer de esta cobertura porque en estas regiones se va a crear cierto euroescepticismo.	161.9069061279297
La responsabilidad del trust Total-Fina-Elf, ya culpable del naufragio del Erika, es total.	105.15299987792969
En mi opinión, esto es un bridge too far.	52.086124420166016
Ahora que los EE.UU han demostrado que no practican ninguna política de cowboy sino que recapacitan muy a fondo cada paso en la lucha contra los terroristas, a más tardar ahora se debería llevar al otro lado del Atlántico nuestro agradecimiento y reconocimiento.	201.4436798095703
Hemos podido saber por los medios de comunicación que un convoy está cruzando el Paso de Khyber y avanza hacia el norte.	93.99880981445312
Además de la mera exportación de las programaciones, los majors están desarrollando la exportación a Europa de canales temáticos de televisión americanos, vendidos tanto a los operadores de paquetes digitales como a las cadenas por cable vía satélite, y, por ende, en el campo digital, Europa sufre un retraso considerable con respecto a Estados Unidos.	235.46746826171875
Por otro lado, las nuevas necesidades de información y cooperación judicial on line e in tempo que pueden garantizar la seguridad de los ciudadanos europeos.	127.55179595947266
El método de coordinación abierta sólo tiene éxito en tanto el stress de convergence continúe existiendo y habrá que continuar esforzándose por que así sea.	142.08218383789062
Me parece importante que volvamos a fijarnos en lo que yo he definido como el ámbito de aplicación del conjunto, porque creo que se puede discutir sobre la pregunta de qué categorías se pueden exceptuar, sobre todo en el ámbito del personal doméstico y los denominados share fishermen .	223.7244110107422
Pienso que está en juego el equilibrio de nuestras instituciones y que no podemos sustraernos al gran modelo norteamericano; es el equilibrio de nuestras instituciones, el check and balance, la división de poderes y no el reparto del pastel entre las diferentes instituciones lo que debe estar en el centro de nuestras discusiones, de nuestros debates y de dicha Conferencia Intergubernamental y, antes de ésta, de la Convención.	283.38604736328125
Esta mañana he oído que ayer por la noche llegó un mail con un anexo.	78.19575500488281
Además, todos los capítulos de la agenda se refieren a los esfuerzos específicos en favor de los países en desarrollo, ya se trate del acceso de sus productos a los mercados, del trato especial y diferenciado que debe otorgárseles, de la asistencia técnica o - expresión difícil de traducir - de su capacity building .	208.42373657226562
Esto está asimismo en consonancia con su resolución, en la que se exige un abandono de las medidas distorsionadoras de la competencia y corresponde a nuestro mandato que nos obliga a realizar negociaciones sobre los apoyos internos manteniendo al mismo tiempo el concepto de la blue box y de la green box.	239.14190673828125
El plan Mitchell es bienintencionado porque pretende en primer lugar detener la masacre, pero es un señuelo, ya que cada mini-acuerdo concluido sobre una base tan restringida quedaría a expensas del último kamikaze loco y sería necesario comenzar desde cero.	246.76849365234375
Esta exposición ha pretendido dotar de glamour a criminales presos que han cometido delitos atroces.	93.393310546875
Desearía hacerle al Alto Representante, Sr. Solana, una pregunta en relación con el famoso barco apresado, Karim A: deduzco que aquéllos que están ocupándose de constatar que las pruebas de la implicación de Irán son veraces se basan en algo más fuerte que en la aparición de armas made in Irán, porque todos sabemos que la fabricación de armas en un país concreto no implica necesariamente que las mismas sean suministradas por el Gobierno de ese país.	334.2467041015625
Después del debate que celebraremos mañana en el grupo de trabajo interinstitucional, un debate brainstorming sobre las prioridades de la política de información y de comunicación, volveré gustoso a presentarles nuestras conclusiones durante la sesión plenaria del mes de julio.	181.72364807128906
Hemos observado en los últimos diez años una duplicación de los movimientos de aviones y posiblemente quizás necesitamos una nueva duplicación en poco tiempo, pues el volar es algo cotidiano. Pienso en el low cost carrier y también en la ampliación hacia el Este y otros temas.	235.69366455078125
En lo referente a la cuestión del método DAS del Tribunal de Cuentas por supuesto estamos dispuestos a seguir más intensamente este concepto y la idea de las single audits, para lograr una mejor coordinación entre los controles que la Comisión realiza on the spot a través del Internal Audit Service y los realizados por el Tribunal de Cuentas.	246.15525817871094
Por ejemplo, se puede incluir también a los pequeños productores, haciendo lo posible para evitar los problemas relacionados con los free riders , materia en la que creo que la enmienda 92 será una buena solución.	177.7924041748047
Y puesto que no se realizaron negociaciones en sentido propio, los participantes en la conferencia se concentraron en diálogos de mesas redondas, organizadas junto a los actos, así como en encuentros bilaterales y no sólo en discusiones sobre el tenor de los términos y en drafting sessions sobre el documento final.	236.8260498046875
Sería muy satisfactorio que se crease un think tank compuesto de miembros de ONGs, profesores, personal de la administración y científicos junto con ciudadanos y ciudadanas de los países participantes.	137.4764404296875
En el marco del informe de Helsinki sobre el deporte así como del Foro Europeo del Deporte celebrado el 26 y 27 de octubre en Lille -en especial en el workshop sobre el tema de la protección de la juventud-, la Comisión se ha referido a este tema y se analizó asimismo la situación especial de los jóvenes menores de 18 años con motivo de los debates mantenidos entre la Comisión y la FIFA sobre las reglas para la transferencia internacional de futbolistas y que concluyeron en marzo de 2001.	298.3670959472656
Algo que se ha desarrollado para una organización basada en una tecnología sofisticada no es necesariamente apropiado para el café de Joe en Lewisham High Street o para el bistró de Jean Dupont en la calle marsellesa de la Revolución.	208.2275848388672
Por último, creo que no escandalizaré a nadie diciendo que estoy de acuerdo con el ponente cuando dice en la enmienda 4 que, en el fondo, los cookies son instrumentos tolerables, casi legítimos, porque ayudan a entender mejor el método de navegación, facilitan informaciones claras y exhaustivas, en definitiva, despiertan en cierto modo al navegador; en resumen, no creo en el navegador víctima de los cookies.	312.7337951660156
Este sitio Web se iniciará en neerlandés aunque no excluyen que pronto haya una versión disponible en inglés, de modo que los hablantes de otros idiomas también puedan chequear sus sitios Web.	147.91558837890625
Se ha hablado de un complot para derrocar al régimen e incluso para asesinar al Jefe del Estado sin aportar la menor prueba, con testigos y acusados brutalmente torturados, con una fiscalía que elevó su petición inicial de ocho penas de muerte a dieciocho y con un veredicto final que, sin ser tan extremo, sanciona con muchos años de cárcel a los principales encausados, marginándolos así como adversarios potenciales para cualquier contienda electoral.	308.74627685546875
De hecho, el mundo de las finanzas vive actualmente una especie de crack rampante que recuerda la crisis de 1929 y las que siguieron.	105.91205596923828
De este modo crearemos familias universitarias a través de las fronteras que ofrecerán a los europeos titulaciones de máster y estarán abiertas a los estudiantes y profesores universitarios de otros continentes.	145.36972045898438
En este contexto, permítame, Sr. Presidente, que me refiera a una frase que está en el programa - y que creo que es un error del plumífero que la escribió - que dice que éste proporciona la aportación, el input de la Comisión al programa operativo anual del Consejo.	220.9941864013672
He tenido la impresión de estar comprobando la lista de contenido de un kit de primeros auxilios cuando se ha producido un accidente y, por supuesto, creemos que es inevitable.	134.50929260253906
Señor Presidente, el Parlamento Europeo ha publicado un cómic titulado Troubled Waters con el fin de informar a los jóvenes sobre los trabajos del Parlamento Europeo.	119.38898468017578
El lunes 3 de marzo de 2003 Francia y Alemania procedieron a la expulsión colectiva de 54 nacionales del Senegal y de Côte d'Ivoire para lo que recurrieron a un vuelo charter de la compañía Euralair Horizons.	161.96755981445312
El objetivo de la igualdad de oportunidades en el deporte escolar, amateur y profesional tiene como primera finalidad una integración más adecuada de las mujeres en todos esos ámbitos.	115.03434753417969
El segundo ejemplo se produjo en diciembre de 2001, cuando mostré una fotografía tamaño póster de una mujer torturada y la Presidenta reaccionó de la misma forma.	135.4267578125
El policía francés vigilará a un carterista, el policía alemán vigilará a un yonqui y el policía griego se limitará a observarles.	113.47773742675781
Permítanme tomar algunos ejemplos en forma de personas del sector sanitario, del catering a gran escala y del metal.	125.18464660644531
En 1973, cuando el nieto de Winston Churchill le preguntó qué iba a ocurrir con los palestinos, Sharon contestó que no había motivo para preocuparse, que acabarían haciendo con ellos un sándwich de mortadela.	153.3316650390625
Ha dicho usted que trabajará para protegerlas y preservarlas, pero el trayecto del Justus Lipsius al Berlaymont es algo más que el simple hecho de cruzar un bulevar de Bruselas.	165.8077850341797
Me refiero, por ejemplo, a la bienal de arte, la feria del libro, el festival de ballet o la feria de muestras de La Habana.	106.58609771728516
La razón fue una casete grabada por un periodista de la televisión sueca, que le fue confiscada en la frontera.	103.14366912841797
De conformidad con el orden del día, se procede a las Declaraciones del Consejo y de la Comisión sobre las consecuencias del tsunami del 26 de diciembre de 2004.	100.77281188964844
Omar Deghayes afirma haber perdido la visión de un ojo por culpa de un spray de pimienta.	84.75959777832031
Por ejemplo, un tejido sintético que podría estar sujeto a ese derecho obtiene un valor añadido al convertirlo en una persiana enrollable, por lo que escapa al derecho  antidúmping e inunda la Unión Europea a precios ridículos.	213.62054443359375
Si Robert Mugabe sufre una metamorfosis y se convierte en entrenador del equipo de bobsleigh de Zimbabue, no habría que permitirle viajar a Turín.	118.12360382080078
Debería publicarse un único conjunto de directrices para el diagnóstico de la influenza aviar y para las pruebas de diagnóstico de laboratorio, y debería encargarse una valoración científica del riesgo epidemiológico que supone para los humanos la gripe aviar.	157.16195678710938
Dentro de unos días se celebrará un mitin en Barcelona contra el racismo en el deporte, y en los estadios de fútbol en particular, que está adquiriendo proporciones alarmantes.	108.5023422241211
Es imposible negociar si uno se quiere negociar y al mismo tiempo quiere tener un revólver en el bolsillo.	83.00653839111328
Su contenido principal debe redactarse con un estilo sencillo, evitando términos jurídicos, evitando el argot profesional, evitando referencias a otras leyes, y no debe ocupar más de una página.	128.8849639892578
No son las palabras de un líder político, sino las de un terrorista y un gángster político.	80.26175689697266
Sus Señorías han subrayado a menudo en ocasiones anteriores el mal funcionamiento o las garantías poco adecuadas del llamado sistema pull : es decir, un sistema que permite al usuario extraer datos directamente de las bases de datos.	189.80784606933594
En consecuencia, hemos solicitado que el sistema se sustituya por un sistema del tipo push , tal y como han solicitado en numerosas ocasiones las autoridades parlamentarias; eso es lo que se ha acordado.	153.0000457763672
Personalmente, señor Trichet, comprendo muy bien que tenga usted las manos atadas por los agregados monetarios uno, dos y tres y por la necesidad del fine tuning y el control de los tipos de interés.	166.82318115234375
El sitio web del partido tory afirma que van a hacerlo.	68.70486450195312
El comodoro Frank Bainamarama, comandante del ejército de Fiyi, depuso al primer ministro electo y tomó el poder de una forma claramente ilegítima.	118.0343246459961
La fusión de la capa de hielo de Groenlandia, del hielo ártico y del permafrost siberiano ha reducido considerablemente la cantidad de hielo en la Tierra, lo cual ocasionará un peligroso aumento del nivel del mar en todo el planeta.	132.68536376953125
En el Reino Unido, el año pasado un bufete de abogados declaró haber abierto unos 6 000 expedientes relativos a lesiones personales en accidentes transfronterizos en Europa.	122.09880828857422
En efecto, estas mejoras se han hecho necesarias a raíz de la aparición de nuevos servicios, como la radio en línea, el streaming y los servicios de descarga, por los que hay que pagar una tasa.	125.57257843017578
Por eso no podemos aceptar que el Tratado constitucional se convierta en un zombi político y jurídico.	82.42986297607422
Su atractivo se basa en una historia de tabloide, una política de tabloide que niega los matices y las contradicciones que forma parte integrante de todas nuestras tradiciones políticas y religiosas.	159.2131805419922
Debatimos sobre la publicación en Internet de las primas a la vaca, al cordero o a la hectárea y, cuando el mundo va a tener hambre, jugamos como adolescentes a organizar emails agrícolas y financieros en Internet.	223.1429443359375
De ahí que sea necesario también prever una gestión de los futuros conflictos con los vecinos en cuanto al ruido, en cuanto a la contaminación, incluso en cuanto a la ocupación espacial, y creo que en este sentido sería muy interesante que se pudieran valorar las nuevas demandas: el tipo de taxis, de los jets privados, los aspectos de ocio en el aire, etc.	267.4818420410156
Entre sus proyectos se encuentran el homenaje al señor Pöttering, un museo dedicado a la breve historia de la UE, o la conversión del espacio de aparcamiento del Parlamento Europeo en spa y piscina.	152.18545532226562
Señor Presidente, la aviación civil constituía un lujo en el pasado, cuando eran los ricos y la denominada jet society quienes hacían uso mayoritariamente de las ventajas de los vuelos rápidos.	161.63955688476562
Estamos contribuyendo a la mejor financiación de nuestras películas y al acceso de los europeos a fórmulas de contenido premium en la televisión gratuita: así pues, esta tarde, junto a ustedes y gracias a ustedes, tengo la sensación de haber cumplido con mi deber.	195.36209106445312
Existen tres grandes cuestiones respecto a las cuales la Comisión, la Presidencia y la mayoría de los Estados miembros tienen que alcanzar todavía un consenso en el esprint final para que la reforma pueda finalizar este mes.	160.3562469482422
He votado a favor de la supresión del apartado que se refiere a recomendar encarecidamente a los Estados a prohibir el uso del hiyab a las jóvenes.	130.43118286132812
También me gustaría dar mi enhorabuena a nuestro nuevo Comisario en su debut de esta noche.	82.52757263183594
Ahora todos lamentamos, creo, una apoteosis barroca de políticas neocon en la crisis del Cáucaso.	115.45349884033203
Los virus informáticos, el correo basura, el phishing y los troyanos son amenazas reales en un mundo de datos virtuales.	88.12504577636719
Para atraer la atención de los consumidores se repartirán banners y anuncios ficticios por varios sitios web de consumidores clave.	108.43507385253906
Y lo que sí está claro es que, si no se pone freno a este fenómeno, seguirá in crescendo como hasta ahora y, desde luego, no va a parar ni se va a atenuar.	121.7469253540039
La coordinación que siempre ha estado detrás de la rama económica de la Unión Económica y Monetaria es una coordinación al servicio de los objetivos de la Unión Económica y Monetaria, tanto en políticas macroeconómicas como en la relación, en el link que debe existir entre la política macroeconómica y las políticas estructurales.	195.91500854492188
También le felicitamos por la forma seria y responsable en que ha presentado sus recomendaciones, que se basan en el problema central, a diferencia de algunas de las enmiendas presentadas por los socialistas que no contribuyen a resolver este problema, puesto que consisten en detalles del folclore político o recomendaciones que son irrealizables dado que quedan fuera de las competencias de los Estados miembros.	247.6184539794922
La Unión Europea se ha limitado a declaraciones, conferencias y, sobre todo, a flirtear con Rusia, lo que ha envalentonado a este país para utilizar los recursos energéticos como instrumento de presión política.	133.44053649902344
Sin embargo, la enfermedad mental puede suponer el mismo hándicap en el día a día de los que la padecen, y tiene numerosos efectos sociales adversos.	109.86060333251953
De hecho, las regiones estimulan el desarrollo de la cultura, y la cultura -eventos y proyectos atractivos e importantes- se convierte en un magneto que atrae la inversión económica.	135.987548828125
Los proveedores pueden aumentar los puntos de venta en los que se puedan realizar pagos electrónicos, por ejemplo, el viajero que compre su billete de metro con dinero electrónico podría igualmente comprar un café, un periódico o un ramo de flores en el kiosco de la estación, como ya sucede -y con gran éxito- en Hong Kong, por ejemplo.	216.50962829589844
La cosa venía de lejos: años antes, la Comisión y el Parlamento habían adoptado esa decisión de no contratar a intérpretes freelance mayores de la edad de jubilación de sus propios funcionarios.	171.13851928710938
En Alemania se está trabajando en la creación de bad banks , en los países del Benelux se hace un poco de todo a la vez.	112.85614776611328
No puede suceder que Turquía reciba un ticket de entrada a la Unión a cambio de su cooperación.	95.4425048828125
Una cosa más: hoy he venido aquí no sólo como político, sino también como blogger, y un blogger bastante conocido, de hecho, en Polonia.	122.80233764648438
Lo que pido es que se articulen medidas de apoyo comunes y que no se hagan pivotar las soluciones en la capacidad de respuesta de cada Estado miembro.	129.28622436523438
La microfinanciación europea se encontrará disponible para casos en los que se deniegue el acceso a las entidades bancarias para obtener créditos o cuando sea difícil, mediante la prestación de ayuda para el crecimiento de microempresas, junto al apoyo del Fondo Social Europeo en materia de orientación, coaching y tipo de interés.	221.09091186523438
Por supuesto, yo he sufrido, como muchos otros, las consecuencias de la ceniza volcánica, la primera vez al volver a casa: me llevó dos días y tuve que hacer autostop parte del camino.	145.07913208007812
El denominado spyware permite que un tercero acceda a la misma información que el usuario.	68.26834106445312
La misma organización contabilizó más de 30 asesinatos por vendetta el año pasado.	77.77738952636719
Estimado presidente en ejercicio Chastel, estimada Alta Representante de la Unión para Asuntos Exteriores y Política de Seguridad/Vicepresidenta de la Comisión, lady Ashton, distinguidos invitados,	114.04155731201172
El señor Lukashenko es un gran fan del hockey así como los ciudadanos de Belarús.	85.98163604736328
En el proceso de pasar de la idea de una polis europea con el sentido de una identidad política europea, debemos esforzarnos para simplificar el contacto directo entre los ciudadanos europeos y los partidos políticos.	146.34559631347656
Los bancos se someterán también a una prueba basada en el umbral superior de capital <L1<core tier one.	131.406494140625
Creo que los Países Bajos son un mal ejemplo, pues es un país pequeño, con una distribución de la población relativamente equilibrada y pocas remote islands, etc. Pero también existe el ejemplo de Suecia.	141.72470092773438
Se trata de un planteamiento step by step , para levantar el embargo definitivamente.	85.54139709472656
No podemos llenar Banja Luka y sus alrededores o Sarajevo y sus alrededores con bobbies londinenses.	104.61437225341797
Si esperamos a que los señores Holbrooke o Christopher, o cualquier otro manager de la paz venga volando, podemos esperar por mucho tiempo, en concreto, al menos hasta después de las elecciones presidenciales de los Estados Unidos.	166.13731384277344
Señora Presidenta, hemos asistido al gag anual sobre los derechos humanos, pues el más fundamental de esos derechos es el de la libertad de expresión, el de la libertad de opinión, el de la libertad de pensamiento.	132.49208068847656
La seguridad y la protección de la salud en los lugares de camping es similar a la seguridad y la protección de la salud en los centros de vacaciones, hoteles, discotecas, parques de atracciones, etc., un complejo general de cuestiones relativas a la seguridad de las prestaciones de servicios.	175.58360290527344
Una gran empresa de automóviles no quiere fabricar ya ella misma los faros o cualquier otra pieza de conformidad con el outsourcing .	131.236328125
Es la antigua dicotomía entre places prosperity y peoples prosperity .	85.8584213256836
Todos los presentes en esta Asamblea han pasado por el aeropuerto de Bruselas, en el que los precios están indicados de forma muy visible e informativa en un display .	143.76480102539062
La situación es en cambio vivida por el ciudadano corriente como el horror económico que da título a un conocido best seller francés reciente.	134.5755615234375
Ha habido ejemplos de cómo se ha conquistado la ciudad de Buta con un jeep y tres personas. Eso fue todo.	119.6347885131836
Para finalizar, quiero rogar que en el debate sobre los contenidos ilegales y nocivos, no olvidemos los efectos útiles de Internet para los niños y jóvenes, de lo que uno se puede hacer una buena idea en la exposición que tiene lugar en el foyer de esta sala de plenos.	203.53717041015625
Y tenemos una experiencia suficientemente consolidada como para decir lo siguiente: el Consejo, a propuesta de la Comisión, ha tomado de nuevo la decisión de acordar una ayuda de urgencia financiera para intentar salvar el momentum político y otra vez vamos a salvar el momentum político para que la Presidencia palestina pueda pagar la administración, la policía, los hospitales, los ayuntamientos.	270.0616149902344
A mí me gustaría rápidamente, señor Presidente, formular algunas preguntas a la Comisión referidas en concreto al hecho de las dificultades que ha encontrado el presidente Clinton para obtener el famoso fast track por parte del Congreso de los Estados Unidos.	173.91954040527344
Sepan que actualmente, por ejemplo en Puglia, se esperan en los meses próximos otras llegadas, pero ya no en las grandes naves inmortalizadas en el film de Amelio; se esperan lanchas muy veloces que de noche dejen algunas personas en la playa en cada viaje.	248.1129608154297
En este contexto considero también necesario encontrar una regulación acerca de cómo se añaden vitaminas a los productos alimentarios y cómo hay que etiquetar esto y, tal como se propone en la Comisión y puede ser aprobado luego en el Parlamento, cómo se puede proceder con las llamadas health claims , es decir, con las afirmaciones acerca de los efectos de los productos alimenticios sobre la salud.	250.23121643066406
Se prevé establecer un llamado free standing agreement , que también estará abierto a los Estados no integrados en la OCDE, los cuales no pueden ejercer, sin embargo, ningún influjo para determinar el texto del acuerdo.	176.253173828125
En nuestra opinión, sin embargo, independientemente de la real o presunta subida de precios, la multiplicación, a veces incluso por quince, de los precios aplicados por las agencias de viaje, las únicas autorizadas para vender el forfait del Mundial, son la directa consecuencia de la obstinación de la Comisión que se opone a la creación de un servicio único de reventa en cada uno de los Estados miembros.	276.7528381347656
Había un sketch en el que Eric Morecambe estaba tocando y lo que hacía era un ruido horrísono.	100.89059448242188
Señor Presidente, Señorías, señora Comisaria, tenemos en debate tres informes interesantes que nos dan un flash muy vivo sobre las islas y sobre la situación de los Fondos estructurales.	185.0389862060547
A proposito existe un working paper nº 4 del comité técnico 996 6 96, en el que ya se hicieron propuestas detalladas sobre este tema, y que se han incluido ahora en las safety series de la AIO, que por otra parte colabora estrechamente con ese comité.	246.93446350097656
Así que sobre ello no tengo absolutamente ningún hard feeling .	74.05146789550781
Por último, comparto el espíritu de la directiva elaborada por la Comisión relativa a la fijación de un plazo apropiado de pago de las facturas de venta, ya que los desajustes en los cash flow y las dificultades de liquidez son, de hecho, una de las causas más frecuentes de las quiebras de las pequeñas y medianas empresas.	207.2542266845703
Pienso en el affaire Transnuclear, con el mayor contrabando de basura nuclear.	95.37809753417969
Porque seamos claros: el Convenio de Ginebra, interpretado de manera amplia y humanitaria no queda desfasado, tal como la Presidencia austriaca manifestó en un slip of the tongue en su primer documento, sino que, por el contrario, comprende la mayoría de las situaciones de las personas desplazadas, de conflictos interétnicos, de guerras civiles.	266.15130615234375
Con este condicionamiento, la Presidencia del Consejo -no hablo sólo de Viena sino de toda la Presidencia, si bien al señor Presidente del Consejo le habría gustado tener algún que otro highlight - ha logrado un cambio en un punto decisivo que se ha elogiado en varias ocasiones, a saber, que la Unión no hable solamente de dinero y sobre el euro sino sobre las personas y la política de empleo.	316.00140380859375
Estos datos no están vinculados a determinados intervalos temporales por lo que el millenium bug no puede surtir efectos.	108.83101654052734
Señora Presidenta, señor Comisario, parece que estemos en un estadio: cuando se habla de tabaco, es el derbi de siempre entre latinos o mediterráneos y anglosajones, como si estos no fumaran.	164.6632537841797
Creo que usted, junto con el Sr. Martin, ocupa la pole position . Pero el concurso no ha concluido.	102.59455871582031
Y todo esto se ha debido, sin ningún género de dudas, al talento, a la eficacia y a la inteligencia del Sr. Ministro de Asuntos Exteriores Fischer, que a mí me ha impresionado mucho, y yo le prometo que en mi nueva vida, cuando me marche a España, haré jogging y comeré bananas.	210.9799346923828
En especial, a través de éstos el consumidor puede mantener el anonimato en la red en la misma medida que en los negocios cotidianos del mundo offline y se puede evitar un profiling exacto del consumidor.	169.48838806152344
Nos ha hecho un hermoso estudio con una especie de popurrí de todo lo que ha escrito desde el mes de marzo y con un comportamiento de consejero del Tribunal de Cuentas francés.	158.13551330566406
Este bestseller anual se está publicando de nuevo, y sería un error que el Parlamento no organizara un debate en sesión plenaria sobre este asunto, dado que la prensa lo sabe ya.	155.37684631347656
Señor Presidente, cuando se me pidió que participara en este debate, mi primera reacción fue negativa, puesto que consideraba que la alarma suscitada procedía de una fantasmagoría milenarista exageradamente amplificada por lobbies que han salido muy beneficiados por ello, en ocasiones explotando incluso financieramente la credulidad de su clientela.	235.50515747070312