textíla	vefjarefnis	
textílum	vefjarefni	
sements	steinlíms	
prósentur	hundraðshlutar	
etanóli	vínanda	
platínu	hvítagulli	
prótíni	hvítuefni	
plani	fleti	
tómata	rauðaldin	
prótín	hvítuefni	
kíví	loðberja	
kartöflum	jarðeplum	
radíus	hringgeisla	
glúkósa	þrúgusykur	
laktósa	mjólkursykur	
plana	flata	
planið	flöturinn	
vatti	fóðurull	
pípettu	mælipípu	
kolbu	suðuflösku	
kolburnar	suðuflöskurnar	
kolbunum	suðuflöskunum	
kolbuna	suðuflöskuna	
kolba	suðuflaska	
alkóhóls	vínanda	
ensím	lífhvata	
kinroks	lampasóts	
karbónötum	kolsýrusöltum	
karbónata	kolsýrusalta	
sóda	öskusalti	
sódi	öskusalt	
karbónöt	kolsýrusölt	
karbónats	kolsýrusalts	
prótínið	hvítuefnið	
prótínsins	hvítuefnisins	
frúktósa	ávaxtasykurs	
prótíns	hvítuefnis	
prótína	hvítuefna	
sellulósi	beðmi	
prótínanna	hvítuefnanna	
prótínum	hvítuefnum	
kasíns	ostefnis	
lítrum	lítri	
sturtur	steypiböð	
sturtan	steypibaðið	
krónískar	langvinnar	
sturtu	steypibað	
karsa	garðperlur	
apríkósur	eiraldin	
appelsínur	glóaldin	
banana	bjúgaldin	
kolbunni	suðuflöskunni	
kolbunnar	suðuflöskunnar	
plasma	rafgös	
gröf	litrit	
graf	litrit	
vítamínum	fjörefnum	
lager	birgðir	
gen	erfðavísi	
plönum	flötum	
sellulósa	beðmi	
ensíma	lífhvata	
ensímum	lífhvötum	
lógaritmi	logri	
lógaritmar	lograr	
sánu	gufubað	
vítamíns	fjörefnis	
millilítra	millilítri	
spínat	bóndastoð	
fenniku	sígóða	
rabarbara	tröllasúru	
tríkínu	fleskorma	
alkóhól	vínandi	
komplexar	flókar	
ventla	loka	
katjón	járafa	
komplexinum	flókanum	
kolbur	suðuflöskur	
karbónati	kolsýrusalti	
grafinu	litritinu	
kolban	suðuflaskan	
kollagen	límgjafa	
túndra	freðmýrar	
spínats	bóndastoðar	
spínati	bóndastoð	
kartöflur	jarðepli	
brúttó	vergrar	
kinroki	lampasóti	
persóna	einstaklingur	
persónum	einstaklingum	
múffur	hólka	
múffurnar	hólkana	
múffa	hólkur	
etanóls	vínanda	
etanól	vínanda	
vítamína	fjörefna	
prósenta	hundraðshluta	
dróna	flygildi	
kúrfu	boglínu	
radíusi	hringgeisla	
radíusar	hringgeisla	
radíuss	hringgeisla	
radíusa	hringgeisla	
kúrfuna	boglínuna	
prósentum	hundraðshlutum	
ensímið	lífhvatinn	
asmi	kafmæði	
exems	útbrota	
exemi	útbrotum	
exem	útbrot	
ananas	granaldinum	
lúpínum	úlfabaunum	
lógaritmann	logrann	
bakteríunum	gerlunum	
millíbörum	millíbar	
rósmaríni	stranddögg	
kvaðratanna	ferningstalnanna	
kartaflna	jarðepla	
etanólinu	vínandanum	
banönum	bjúgaldinum	
sementi	steinlími	
frúktósi	ávaxtasykur	
vatt	fóðurull	
flaueli	flossilki	
slör	blæjur	
kreósóti	tjöruseyði	
asfalti	malbiki	
servíettur	munnþurrkur	
komplex	flókin	
skandíns	skandín	
insúlín	eyjavaki	
estrógen	brímavaki	
hormón	vaka	
hormónum	vökum	
smekkir	slefuspeldi	
snittað	skrúfskorið	
spagettí	hveitilengjum	
píanó	slaghörpu	
ensímsins	lífhvatans	
kollageni	límgjafa	
lípíðum	fituefnum	
baktería	gerla	
settinu	samstæðunni	
gena	erfðavísa	
pípetturnar	mælipípurnar	
pípettuna	mælipípuna	
glúkósans	þrúgusykursins	
pípettur	mælipípur	
estrógeni	brímavaka	
radíusnum	hringgeislanum	
lípíðinu	fituefninu	
lípíðs	fituefnis	
paraffíni	paraffín	
pípettum	mælipípum	
bakteríurnar	gerlarnir	
bakteríur	gerlana	
karbónat	kolsýrusalt	
fasar	áfangar	
fösum	stigum	
alkóhóli	áfengi	
kartöflunnar	jarðeplisins	
kasein	ostefni	
kaseini	ostefni	
laktósi	mjólkursykur	
laktósinn	mjólkursykurinn	
oxíðum	sýringum	
bakteríum	gerlum	
rukka	innheimta	
nettó	hrein	
alkóhólið	vínandann	
spássíu	blaðjaðar	
prósentu	hundraðshluta	
bakteríunni	gerlinum	
vírus	veira	
prótínin	hvítuefnin	
kollagens	límgjafa	
lípíða	fituefna	
insúlíns	eyjavaka	
ventilinn	lokann	
kalíumklóríðs	kalíumklóríð	
gelið	hlaupið	
flauel	flossilki	
bómull	baðmull	
snittuðum	skrúfskornum	
basar	lútar	
asma	kafmæðu	
karbónötin	kolsýrusöltin	
ensími	lífhvata	
túrmeriki	gullinrót	
glúkósi	þrúgusykur	
sellulósinn	beðmið	
ensíminu	lífhvatanaum	
núkleótíð	kirni	
sirkus	fjölleikahúsi	
sturtum	steypiböðum	
bönunum	bjúgaldinum	
textílsins	vefjarefnisins	
trekki	dragsúgi	
lötum	tálmum	
þemu	viðfangsefni	
glúkósinn	þrúgusykurinn	
mortél	steytil	
komplexinn	flókinn	
atóms	frumeindar	
majónes	olíusósa	
kantónunum	fylkjunum	
alkóhólsins	vínandans	
alkóhólinu	áfenginu	
vítamínanna	fjörefnanna	
ventil	loka	
kvaðrata	ferningstalna	
kúrfa	boglína	
skorsteinum	reykháfum	
bústaði	vistarverur	
díla	myndeinda	
genum	erfðavísum	
pípettunnar	mælipípunnar	
kaseins	ostefnis	
rukkar	innheimtir	
túrmerik	gullinrót	
hótels	gistihúss	
gúanó	drit	
kreósóts	tjöruseyðis	
skorstein	reykháf	
textíl	vefjarefni	
appelsínum	glóaldinum	
ventilsins	lokans	
ventlinum	lokanum	
skala	kvarða	
sköluðu	kvörðuðu	
skalar	kvarðar	
giska	áætla	
ensíms	lífhvata	
gels	hlaups	
genanna	erfðavísanna	
hormóna	vaka	
hormónin	vakana	
kreósót	tjöruseyði	
rúnnuð	námunduð	
halógens	söltungs	
algebru	bókstafareikningi	
rúnnað	námundað	
lúgu	hlera	
fenníkur	sígóðar	
tríkína	fleskormur	
pepsín	hvítukljúfur maga	
pepsíninu	hvítukljúf maga	
pepsíni	hvítukljúf maga	
melónur	tröllepli	
skerminum	hlíf	
núkleótíðum	kirnum	
sement	steinlím	
salvíu	lyfjablómi	
vítamínin	fjörefnin	
núkleótíða	kirna	
rúnnaðra	ávalra	
fragt	farmur	
kúbeini	klaufjárni	
kúbein	klaufjárn	
próteinum	hvítuefnum	
prótínunum	hvítuefnunum	
agarnum	gelsykrunni	
engifer	djöflarót	
bakteríuna	gerilinn	
lúga	hleri	
lúgurnar	hlerarnir	
rúnnuðum	ávölum	
lúgunnar	hlerans	
lúgan	hlerinn	
lúgunni	hleranum	
lúguna	hlerann	
rúnnaðar	ávalar	
oxíða	sýringa	
etanólið	vínandinn	
snittaðar	skrúfskornar	
rulla	vinda	
túttur	dúsur	
túttum	dúsum	
tútta	dúsa	
salmonella	bifstafur	
almanaki	dagatali	
slifsi	hálsbindi	
almanök	dagatöl	
asfalts	jarðbiks	
insúlíni	eyjavaka	
snittaðir	skrúfskornir	
prósentuna	hundraðshlutann	
kinrok	lampasót	
radísur	ætihreðkur	
melónum	trölleplum	
prósentunum	hundraðshlutunum	
skerma	stúka	
lípíðanna	fituefnanna	
mortélið	steytillinn	
ventli	loka	
spássíuna	blaðjaðarinn	
prósenti	hundraðshluta	
tollum	aðflutningsgjöldum	
pendúll	hengill	
pendúlsins	hengilsins	
ventlanna	lokanna	
krónískum	langvinnum	
vítamíni	fjörefni	
katjóna	járafa	
halógeni	söltungi	
talía	trissa	
katjónir	járafa	
kox	sindurkol	
koxi	sindurkolum	
vítamínið	fjörefnið	
adrenalíni	hettuvaka	
adrenalín	hettuvaki	
gúanói	driti	
bakteríanna	gerlanna	
lúgur	hlerar	
fenníka	sígóð	
balsam	ilmkvoða	
kartöflu	jarðepli	
kartöfluafurðir	jarðeplaafurðir	
pítsur	flatbökur	
pallíettur	glysdoppur	
harmóníkur	dragspil	
prótein	hvítuefni	
kolbum	suðuflöskum	
gens	erfðavísis	
geni	erfðavísi	
bugtir	vogar	
dill	sólselja	
mandarínur	gullaldin	
díll	depill	
kefír	súrmjólk	
bakteríu	gerli	
pepsíns	hvítakljúfs maga	
beikon	síðuflesk	
settunum	samstæðum	
vítamínunum	fjörefnunum	
kandís	steinsykur	
grafsins	litritsins	
sturta	steypibað	
rúnnaða	námundaða	
pítsa	flatbaka	
latexi	mjólkursafa	
majónesi	olíusósum	
histamíns	lostefnis	
gelinu	hlaupinu	
albúm	myndabækur	
billjard	knattborðsleik	
gúanós	drits	
laktósann	mjólkursykurinn	
bakterían	gerillinn	
firma	fyrirtæki	
rektor	skólameistari	
hormónar	vakar	
mandarínum	gullaldinum	
bakteríunnar	gerilsins	
tómats	rauðaldins	
faxi	símbréfum	
dills	sólselju	
kommóður	dragkistur	
sítrónur	gulaldin	
sítróna	gulaldin	
valmúi	draumsóley	
kúrfunni	boglínunni	
lagersins	vörubirgðanna	
lagernum	vörubirgðunum	
lúpínur	úlfabaunir	
kasínið	ostefnið	
mímósu	hreyf-mig-ei	
rúnnaðir	námundaðir	
sturtar	sturta	
spássía	blaðjaðar	
textílar	vefjarefni	
malaríu	mýraköldu	
kúrfunnar	boglínunnar	
sígarettur	vindlinga	
sígarettna	vindlinga	
sígaretta	vindlingur	
sígarettum	vindlingum	
kartöflurnar	jarðeplin	
bronsi	eirblendingi	
klinku	snerli	
klinkuna	snerilinn	
klinkan	snerillinn	
nóðu	hnúts	
nóðum	hnútum	
nóða	hnúta	
nóður	hnúta	
nóðunnar	hnútsins	
nóða	hnúta	
nóður	hnúta	
nóðan	hnútan	
ensímunum	lífhvötunum	
trufflur	jarðkeppir	
grilluðum	glóðarsteiktum	
prósentin	hundraðshlutana	
ventlarnir	lokarnir	
almanakið	dagatalið	
almanaksins	dagatalsins	
kantónunni	fylkinu	
vítamínsins	fjörefnisins	
skro	munntóbak	
prógesteróns	fósturlífsvaka	
prógesteróni	fósturlífsvaka	
trekks	dragsúgs	
hemóglóbínið	blóðrauðinn	
kolbanna	suðuflasknanna	
vektorum	vigrum	
estrógena	brímvaka	
estrógenum	brímavökum	
estrógens	brímavaka	
þýroxíni	skjaldkirtilshormóni	
ensímin	lífhvatana	
genin	erfðavísana	
hormóni	vaka	
atóma	frumeinda	
genið	erfðavísinn	
geninu	erfðavísinum	
sköluð	kvörðuð	
persónunni	einstaklingnum	
prósentunni	hundraðshlutanum	
ríbósómum	netkornum	
hematít	blóðstein	
pendúllinn	hengillinn	
gensins	erfðavísisins	
kvaðrantinum	fjórðungsboganum	
kvaðrant	fjórðungsbogi	
tanníni	barksýru	
mótor	vél	
textíls	vefjarefnis	
kvaðrat	ferningstölu	
skorsteina	reykháfa	
komplexa	flóka	
salmonellunnar	bifstafsins	
frískur	heilbrigður	
kantónu	fylkis	
kantóna	fylkja	
kantónurnar	fylkin	
kantónunnar	fylkja	
kantónanna	fylkja	
malla	krauma	
platínum	hvítagulli	
rúnnaðan	ávalan	
morteli	steytli	
sökkið	botnfellingin	
trekkinn	dragsúginn	
fragt	vörum	
formatið	sniðinu	
prósentum	hundraðshlutum	
link	tengil	
dúkkunni	brúðunni	
hótelið	gistihúsið	
nettó	hreinum	
app	smáforrit	
stúdentum	háskólanemum	
internetið	lýðnetið	
partí	teiti	
prótín	hvítuefni	
sturta	steypibað	
original	upprunalegar	
prósentum	hundraðshlutum	
aktífum	virkum	
ensímum	lífhvötum	
sósíalista	jafnaðarmanna	
hótelsins	gistihússins	
appinu	smáforritinu	
malla	krauma	
tagga	merkja	
spreyja	úða	
kommúnismans	sameignarstefnunnar	
kommúnisma	sameignarstefnuna	
filterar	síur	
vítamín	fjörefni	
gen	erfðavísa	
gen	erfðavísa	
þemu	stef	
rabarbarinn	tröllasúran	
hótelinu	gistihúsinu	
fílar	líkar	
appið	smáforritið	
kapítalismann	auðvaldsstefnuna	
óbó	hápípu	
normið	staðalgildi	
appi	smáforriti	
húmorískan	skoplegan	
mínimalisma	naumhyggju	
prósent	hundraðshlutar	
prósents	hundraðshluta	
próteinin	hvítuefnin	
tékkana	ávísanir	
húmor	skopskyn	
Kúnnar	Viðskiptavinir	
kúnnar	viðskiptavinir	
rektors	skólameistara	
albúminu	myndabókinni	
akkúrat	einmitt	
öpp	smáforrit	
ekta	ósviknir	
skala	kvarða	
pútti	poti	
kollagen	límgjafa	
stúdentar	háskólanemar	
kapítalisminn	auðvaldsstefnan	
prósentu	hundraðshluta	
skúlptúrnum	höggmyndinni	
plani	fleti	
filterarnir	ljóssíurnar	
skúlptúr	höggmyndir	
grafíkur	svartlistar	
passífur	óvirkur	
rútur	langferðabílar	
grafík	svartlist	
klúbbum	skemmtistöðum	
púkka	styðja	
plana	skipuleggja	
planar	skipuleggur	
týpu	tegund	
stúdent	háskólanemi	
sexý	kynæsandi	
sturtu	steypibaði	
malaríu	mýraköldu	
rukkaður	innheimtur	
mantran	töfraþulan	
rektor	skólameistari	
smart	flott	
pútt	pot	
geni	erfðavísi	
senurnar	atriðin	
rasisma	kynþáttafordómum	
rútum	langferðabílum	
persóna	aðili	
lúxus	munaðar	
sjarmerandi	heillandi	
píanós	slaghörpu	
rúta	langferðabíla	
manían	geðhæðin	
feminisma	kvenfrelsisstefnu	
hótels	gistihúss	
kommúnistar	sameignarsinnar	
flink	leikin	
prósenta	hundraðshluta	
fasa	stig	
galleríið	sýningarsalurinn	
mottó	slagorð	
sturtur	steypiböð	
sjarmeraði	heillaði	
aktívisma	aðgerðastefnu	
bónus	kostur	
gensins	erfðavísisins	
týpan	manngerðin	
vesen	vafstur	
settinu	lagalistanum	
maníu	geðhæð	
kokteilum	hanastélum	
rútunni	langferðabílnum	
radíus	hringgeisla	
klikkaðar	geðveikar	
bakteríum	gerlum	
bananann	bjúgaldinið	
klúbbsins	félagsskaparins	
spínatið	bóndastoðin	
femínistar	kvenfrelsissinnar	
dróna	flygilda	
prósentur	hundraðshluta	
alkóhólisma	áfengissýki	
gena	erfðavísa	
genum	erfðavísum	
fatta	skilja	
selló	knéfiðlu	
rytma	takti	
pólitík	stjórnmál	
öppum	smáforritum	
hótela	gistihúsa	
kontrabassi	bassafiðla	
harmonika	dragspil	
skúlptúra	höggmyndir	
pizzur	flatbökur	
filter	ljóssía	
kommúnisma	sameignarstefnunni	
kapítalisma	auðvaldsstefnunni	
frasinn	slagorðið	
kontrabassa	bassafiðlu	
píanó	slaghörpu	
portrett	andlitsmynd	
astma	kafmæðu	
seríunnar	raðarinnar	
sósíalisminn	jafnaðarstefnan	
textílum	vefjarefnum	
pútter	potara	
pizzu	flatböku	
box	hnefaleika	
kóða	kóði	
kommúnistum	sameignarsinnum	
lógói	einkennismerki	
kapítalismans	auðvaldsstefnunnar	
pólitíkin	stjórnmálin	
epískan	mikilfenglegan	
trúbador	söngvaskáld	
filterinn	ljóssíuna	
kaloríur	hitaeiningar	
hótelin	gistihúsin	
mígrenis	heilakveisu	
brons	eirblendings	
tanníns	barksýru	
server	netþjóni	
sósíalistar	jafnaðarmenn	
dúósins	tvíeykisins	
mótíf	minni	
kandídata	doktorsefna	
exemi	þrotakláða	
vírus	veiru	
seríunni	röðinni	
túndrunnar	freðmýrarinnar	
reddum	björgum	
klúbb	skemmtistaði	
vídeó	myndbönd	
apótek	lyfsölur	
status	staða	
traktor	dráttarvél	
rósmaríni	stranddögg	
karakter	skapgerð	
grilluðum	glóðarsteiktum	
ensíma	lífhvata	
mentor	leiðbeinandi	
kaffiterían	matsalan	
pólitíkinni	stjórnmálum	
lógóið	einkennismerkið	
elítu	yfirstéttar	
töff	svalt	
rektora	skólameistara	
appelsínur	glóaldin	
ventli	loka	
sjoppum	söluskálum	
kollegar	samstarfsmenn	
kartöflurnar	jarðeplin	
prótíninu	hvítuefni	
femínismi	kvenfrelsisstefnan	
pöbb	öldurhúsi	
stúdentinum	háskólanemanum	
stúdents	háskólanema	
drónans	flygildisins	
portrettum	andlitsmyndum	
klúbba	skemmtistaði	
genunum	erfðavísunum	
prógrammið	dagskrána	
módernismans	nýstefnunnar	
algóriþmar	reiknirit	
konkret	raunverulega	
sóló	einleiks	
túrbínur	hverfla	
sósíalismans	jafnaðarstefnunnar	
appsins	smáforritsins	
kúnna	viðskiptavini	
kósí	huggulegur	
tómata	rauðaldin	
spínats	bóndastoðar	
billjard	knattborðsleiks	
troll	botnvörpu	
brúttó	vergum	
kartöflur	jarðepli	
próteinum	hvítuefni	
gúrúinn	lærimeistari	
öppin	smáforritin	
píramídarnir	upptyppingarnir	
króníska	langvinna	
atóm	frumeindir	
drónum	flygildum	
kúnnarnir	viðskiptavinirnir	
prótein	hvítuefni	
bakaríi	brauðbúð	
trix	brögð	
planið	ætlunin	
gardínum	gluggatjöldum	
elegant	glæsilegur	
servíettum	munnþurrkum	
mínimalískan	naumhyggjulegan	
glúkósa	þrúgusykurs	
bakarí	brauðbúð	
húmanisminn	mannhyggjan	
kommúnismi	sameignarstefna	
hormóna	vaka	
harmonikkuna	dragspilið	
kokteila	hanastélum	
tómatar	rauðaldin	
dúkkum	brúðum	
fígúru	veru	
rósmarín	stranddögg	
dass	ögn	
kúnstir	listir	
femínisma	kvenfrelsisstefnu	
fennel	sígóðri	
persónunnar	einstaklingsins	
sjali	þríhyrnu	
kúnni	viðskiptavinur	
senum	atriðum	
keramík	leirmuni	
apótekið	lyfsöluna	
diskótekin	skemmtistaðirnir	
prógram	efnisskrá	
organísku	samhangandi	
prótíni	hvítuefni	
klúbbinn	félagið	
vítamíni	fjörefni	
femínisti	kvenfrelsissinni	
húmorinn	skopskynið	
kollega	embættisbræður	
feik	fölsun	
sjampó	hársápu	
grilluð	gljóðarsteikt	
portretti	andlitsmynd	
sena	atriði	
djók	grín	
vítamínum	fjörefnum	
tékkað	athugað	
víólu	lágfiðlu	
partýs	teitis	
geninu	erfðavísinum	
installa	setja upp	
driver	rekil	
filtera	ljóssíur	
trollum	botnvörpum	
prógramm	dagskrá	
anarkista	stjórnleysingja	
anarkistar	stjórnleysingjar	
tómatana	rauðaldinin	
diskótekunum	skemmtistöðunum	
sturtum	steypiböðum	
ensím	lífhvatar	
genið	erfðavísinn	
grillaður	glóðarsteiktur	
hótelunum	gistihúsunum	
móment	augnablik	
mómentin	augnablikin	
epískri	sagnrænni	
lúffur	belgvettlinga	
tómati	rauðaldin	
prótíns	hvítuefnis	
fúgum	fellum	
fókuserar	einblínir	
kartöflum	jarðeplum	
stúdíói	hljóðveri	
hormónið	vakann	
manía	geðhæð	
seríum	röðum	
senur	atriði	
mystískur	dulrænn	
sósíalisti	jafnaðarmaður	
sósíalismi	jafnaðarstefnan	
geli	hlaupi	
maskara	augnháralit	
kapítalismanum	auðvaldsstefnunni	
hótelanna	gistihúsanna	
astmi	kafmæða	
apótekarar	lyfsalar	
klúbbnum	félaginu	
pútta	pota	
linknum	tenglinum	
medalíum	verðlaunapeningum	
hasarinn	spennan	
sköffum	útvegum	
boxið	reitinn	
kartöfluna	jarðeplið	
kartöflunni	jarðeplinu	
epískum	sagnrænum	
kollagens	límgjafa	
kommúnisti	sameignarsinni	
insúlíns	eyjavaka	
snakk	nasl	
kaffiteríuna	kaffisöluna	
bústaður	heimkynni	
míkrafón	hljóðnema	
kommenta	skrifa	
seríuna	röðina	
sénsa	möguleika	
pútterum	poturum	
sería	röð	
djúsí	safaríkt	
pizzan	flatbakan	
majónes	olíusósu	
dreni	afrás	
prógraminu	dagskránni	
pöbbar	öldurhús	
dýnamíska	öfluga	
pöbbum	öldurhúsum	
kapítalismi	auðvaldsstefna	
bakteríur	gerlar	
mínímalíska	naumhyggjulega	
sakramenti	náðarmeðali	
kommúnismann	sameignarstefnuna	
rentan	arðurinn	
prógrammi	áætlun	
bakteríunnar	gerilsins	
redda	bjarga	
vítamína	fjörefna	
kapítula	kafla	
sementið	steinlímið	
praktísk	nytsamleg	
salmonellu	bifstafs	
snakki	nasli	
bíó	kvikmyndahús	
tækla	leysa	
faxi	símbréfi	
sakramentinu	náðarmeðalinu	
drónar	flygildi	
stúdíóinu	æfingasal	
séns	möguleika	
plaköt	veggspjöld	
buffalóum	vísundum	
pródúsentinn	framleiðandinn	
dýnamískt	öflugt	
deitað	verið með	
femínista	kvenfrelsissinna	
spínati	bóndastoð	
sement	steinlím	
kaloríum	hitaeiningum	
glamúrnum	glysinu	
vítamínin	fjörefnin	
genin	erfðavísarnir	
bómull	baðmull	
sirka	nálega	
grillaðri	glóðarsteiktri	
atómunum	frumeindunum	
fílar	líkar	
fíli	líki	
smekknum	slefuspeldinu	
krónískir	langvinnir	
bakaríunum	brauðgerðunum	
kommúnisminn	sameignarstefnan	
plasmað	rafgasið	
bragga	bogaskemmur	
sinfóníu	hljómkviðu	
strúktúrinn	formgerðin	
rúnnaðar	ávalar	
dróninn	flygildin	
sjarma	þokka	
vinklar	sjónarmið	
sörfa	vafra	
prívat	einka	
kaffiteríunnar	kaffisölunnar	
filterum	ljóssíum	
timjan	garðablóðbergi	
gallería	sýningarsala	
kollegum	starfsfélögum	
kírópraktor	hnykklækni	
bakaríanna	brauðbúðanna	
tékka	gá	
stereótýpískum	dæmigerðum	
veseni	umstangi	
prókúru	umboð	
orgíu	kynsvall	
bakteríurnar	gerlarnir	
rektorar	skólameistarar	
gardínur	gluggatjöld	
bananinn	bjúgaldinið	
seríanna	raðanna	
ballöðu	sagnakvæði	
rullu	hlutverk	
steríótýpa	staðalímynd	
partý	teiti	
stúdentarnir	háskólanemarnir	
kikk	ánægjublossa	
dúkkuna	brúðuna	
próteina	hvítuefna	
bakteríunni	gerlinum	
djús	safa	
appelsínu	glóaldin	
linkinn	tengilinn	
dúkku	brúðu	
lógísk	rökræn	
apótekurum	lyfsölum	
melankólía	depurð	
pizzum	flatbökum	
satanískt	djöfullegt	
fösum	skrefum	
vítamínið	fjörefni	
katakombum	grafhvelfingum	
túndru	freðmýri	
normum	staðalgildum	
diskótek	skemmtistaði	
íkonar	helgimyndir	
pýríts	glópagulls	
prinsippum	gildum	
kósý	huggulegt	
prógramsins	áætlunarinnar	
plasma	rafgass	
púttar	potar	
ballett	listdans	
rútuna	langferðabílinn	
banana	bjúgaldin	
krassandi	mergjaðan	
annálum	árbókum	
prótótýpur	frumgerðir	
spontant	hvatvís	
bakaríið	brauðbúðina	
beikoni	fleski	
spreða	eyða	
praktískum	hagnýtum	
reddaðist	bjargaðist	
graf	línurit	
sósíalisma	jafnaðarstefnu	
kaffiteríu	kaffisölu	
sítrónu	gulaldin	
filter	ljóssía	
filters	ljóssíu	
tabú	bannhelgi	
rabarbarann	tröllasúruna	
splæsa	verja	
pákur	ketiltrumbur	
braggana	bogaskemmurnar	
kapítalista	auðvaldssinna	
klikkaða	brjálaða	
plaggötin	veggspjöldin	
servéttur	munnþurrkur	
spássíur	blaðjaðri	
plakat	veggspjald	
rukkuð	krafin	
kvittað	staðfest	
stílista	tískuhönnuð	
albúmið	umslagið	
rútan	langferðabíllinn	
frasann	orðtakið	
kompás	áttavita	
halógen	söltunga	
bugta	hneigja	
panik	örvænting	
planað	skipulagt	
bónusum	kaupaukum	
apótekum	lyfsölum	
rukkaðar	innheimtar	
almanaki	dagatali	
melankólíu	depurðar	
batterí	rafhlaða	
lókal	innansveitar	
pútterinn	potarann	
tendens	tilhneiging	
mígreni	heilakveisu	
senu	menningu	
panel	pallborði	
aktívismi	aðgerðastefna	
sellerí	blaðselja	
límónu	gulaldin	
tómatarnir	rauðaldinin	
stöndugt	burðugt	
dúett	tvísöng	
mínímalískum	naumhyggjulegum	
fríka	tapa	
oxiderað	ryðgað	
módelsins	líkanið	
spekúlerað	hugsað	
banönum	bjúgaldinum	
kúnnanna	viðskiptavinanna	
vídeóum	myndböndum	
exem	þrotakláða	
sementi	steinlími	
kruðeríinu	sætabrauði	
debúteraði	þreytti frumraun	
prótótýpum	frumgerðum	
kamínu	vindofn	
krónískri	langvinnri	
loddara	svikara	
músíkina	tónlistina	
pendúlnum	henglinum	
tannín	barksýru	
pjatt	fínindi	
ensímin	lífhvatarnir	
bröns	dögurð	
strúktúra	formgerðir	
fattað	skilið	
pillu	töflu	
sirkus	fjölleikum	
paródía	skopstæling	
edrú	allsgáður	
hormón	vaki	
hormónum	vökum	
mantra	töfraþula	
píanistans	slaghörpuleikarans	
pizza	flatbaka	
insúlín	eyjavaka	
orðu	heiðursmerki	
brandarann	brandari	
drossíunum	bifreiðunum	
sort	gerð	
stúdera	rannsaka	
vírusum	veirum	
prótótýpu	frumgerð	
fókusar	einblínir	
beikon	fleski	
stúdíóunum	hljóðverunum	
plakötum	veggspjöldum	
sólóisti	einleikari	
massíf	gegnheil	
trollin	botnvörpurnar	
ventlum	lokum	
kartaflna	jarðepla	
deit	stefnumót	
rúturnar	langferðabílarnir	
loddaranum	svikaranum	
partíið	teitið	
rasismann	kynþáttafordóma	
grasserar	geisar	
trampólínið	fjaðurdýnuna	
partíum	teitum	
popúlisma	lýðhyggju	
fílaði	líkaði	
mammúta	loðfíla	
skölum	kvörðum	
grafinu	myndritinu	
týpur	manngerðir	
kúnnum	viðskiptavinum	
sportinu	íþróttinni	
hormónarnir	vakarnir	
marsípan	möndludeig	
víóla	lágfiðla	
kantarellur	gulrifjur	
múmíurnar	smyrðlinga	
dilli	sólselju	
trolls	botnvarpa	
biljarð	knattborðsleik	
grafi	myndriti	
ensíminu	lífhvatanum	
annála	árbækur	
vídeóunum	myndböndunum	
kompásinn	áttavitann	
píanisti	slaghörpuleikari	
indíána	rauðskinna	
kommúnismanum	sameignarstefnunni	
tívolí	skemmtigarður	
elítan	yfirstéttin	
strúktúrs	formgerðar	
drónana	flygildi	
veseninu	vandræðunum	
gens	erfðavísis	
balanseruðu	jöfnu	
ventill	loki	
básúnuðu	kunngerðu	
píanósins	slaghörpunnar	
algóriþma	reiknirita	
díl	samkomulag	
trixið	bragðið	
kútters	skútunnar	
lottóinu	happdrætti	
bakaríum	brauðbúðum	
karbónata	kolsýrusalta	
flippar	hoppar	
kaffitería	kaffisala	
músíkur	tónlistar	
kollageni	límgjafa	
kokkteila	hanastél	
alkóhól	áfengi	
marineringuna	kryddlöginn	
prósentna	hundraðshluta	
lavender	lofnarblóms	
massífa	gegnheila	
kokteil	hanastél	
plakatið	veggspjaldið	
sanseraða	lithverfa	
algóritma	reiknirit	
skaffað	útvegað	
stúdíóum	hljóðverum	
sorrý	fyrirgefðu	
bananarnir	bjúgaldinin	
kapitula	kafla	
komment	athugasemd	
epískar	sagnrænar	
trendum	tísku	
ventla	loka	
bónusar	kaupaukar	
píanói	slaghörpu	
empírískar	reynsluvísindalegar	
húmanisma	mannhyggju	
tombólur	hlutaveltur	
insúlíni	eyjavaka	
partýið	teitið	
fattar	skilur	
lógóunum	einkennismerkjunum	
pöbbanna	öldurhúsanna	
sjoppur	söluskála	
húmanískum	mannúðlegum	
spássera	rölta	
húmorískum	gamansömum	
apóteka	lyfsalna	
tjilla	slappa af	
blokkin	fjölbýlishúsið	
sellóið	knéfiðluna	
glamúr	glæsibragur	
vinkla	sjónarhorn	
fattaði	skildi	
tómat	rauðaldin	
linka	tengla	
skonnortum	seglskipum	
grillaðar	glóðarsteiktar	
trollinu	botnvörpunni	
tempó	taktur	
fónem	hljóðön	
rúbínum	roðasteinum	
vinkill	sjónarhorn	
melódísku	kliðmjúku	
skaffa	útvega	
femínistum	kvenfrelsissinnum	
öpp	smáforrit	
blokka	smáforritum	
blokka	loka á	
atóma	frumeinda	
taggað	merkt	
parkerar	leggur	
marserar	arkar	
kúrfu	boglínu	
albúmunum	myndabókunum	
seremoníum	athöfnum	
kómískan	skoplegan	
húmors	skopskyns	
týpuna	manngerðina	
lípíð	fituefni	
kandíss	steinsykurs	
ananas	granaldini	
ananas	granaldinsafa	
vírusnum	veirunni	
rör	hólk	
pústa	anda	
praktískt	nytsamlegt	
grilluðu	glóðarsteiktu	
míkrófóni	hljóðnema	
apríkósur	eiraldin	
kartafla	jarðepli	
mentora	lærifeður	
músíkalskri	tónlistar	
skorsteininn	reykháfinn	
apóteki	lyfsölu	
blússandi	hraða	
amatörinn	áhugamaðurinn	
mótífum	minnum	