sîsteme	pergal	
wilayet	parêzgeh	
swing states	swing states	
wilayet	parêzgeh	
mesela	pirsgirêk	
behs	gotûbêj	
over pass	over pass	
social media	medyaya civakî	
behs	gotûbêj	
salt contamination	salt contamination<	
behs	gotûbêj	
social media	medyaya civakî	
haym	kampa penaberan	
mişterek	hevbeş	
fourth of July	çarê tîrmehê	
şêf	xwarinsaz	
steak	steyk	
el'aba	lîstokan	
ewilî	destpêkê	
test	ezmûn	
test	ezmûn	
ehtîmalê	gengaz e	
schedule	xişte	
print	çapkirî	
print	çap	
schedule	xişte	
Extra protection	Parastina zêde	
şûxl	kar	
case	doz	
şûxl	kar	
part	beş	
message	<peyam	
risale	peyam	
community	civak	
şûxl	kar	
client	kiryar	
wextê	dema	
dielimine	fêr dike	
Seconds	çirke	
nap	amade	
transcribt	rûnivîs	
mekteb	dibistan	
backyard	paşîya xênî	
parsley	parsley	
mesela	mijar	
mesela	mijar	
vollyball	vollyball	
voleybolê	voleybolê	
mesela	mijar	
vollyball	vollyball	
misaîde	alîkarî	
vollyball	vollyball	
net	tor	
rehet	hêsa	
cherry	gêlaz	
Green card	karta kesk	
Google Translate	Google	
Google Translate	Google	
truck	kamyon	
box truck	box truck	
expedite	bilez	
hot shot	hot shot	
misaîtim	alîkar im	
application	daxwazname	
Walla	Bi Xwedê	
positive	erênî	
yanî	dêmek	
positive	erênî	
yanî	dêmek	
ereba	otomobîla	
forklift	forklift	
forklift	forklift	
temas	têkilî	
însana	mirovan	
university	zanîngeh	
university	zanîngeh	
university	zanîngeh	
îmkanî	derfet	
swinging	doşkirin	
swing	doş	
state	parêzgeh	
eyalet	malbat	
I am bored	ez bêzar im	
high school	dibistana navendî	
volenteer	xwebexş	
ders	wane	
advantage	sûd	
hybrid	hîbrîd	
hybrid	hîbrîd	
belkî	gengaz e ku	
undergrade	undergrade	
discussion	gengeşe	
ders	wane	
proposal	pêşniyar	
qebûl	pesend	
qoltux	qebûl	
Yanî	dêmek	
Island	girav	
yanî	dêmek	
Island	girav	
yeah	erê	
Island	girav	
Island	girav	
ereb	otomobîl	
ereb	otomobîl	
Island	girav	
wext	dem	
location	cih	
downtown	navenda bajêr	
downtown	navenda bajêr	
why not	çima na	
puppy, puppy	cewrikê cewrik	
ama	Yanî	
cimaet	civat	
north	bakur	
ten seconds	deh çirkeyan	
sure	bêguman	
Jefferson Park	park	
soccor	gogling	
artificial	çêkirî	
olympic	olympic	
olympic standard	olympic standard	
soccer	gogling	
undergraduate	xwendekar	
coach	rahêner	
soccer coach	rahênerê goglingê	
university	zanîngeh	
sertîfîkek	bawernameyek	
coach	rahêner	
soccer	gogling	
basketball	gogdest	
suburb	derveyî bajêr	
suburb	derveyî bajêr	
se'ate	demjimêr	
diversity	rengînî	
Minority	hindikahî	
yanî	dêmek	
rehet	hêsa	
discrimination	cudahî	
north	bakur	
xeber	nûçe	
semester	semester	
mekteb	dibistan	
internship	rahênerî	
internship	rahênerî	
skill	şarezayî	
mekteb	dibistan	
dersan	waneyan	
gym	werzîşgeh	
gym	werzîşgeh	
gym	werzîşgeh	
Rocky Mountains	Rocky Mountains	
National Park	National Park 	
road trip	road trip	
Rocky Mountains	Rocky Mountains	
Rocky Mountain	Rocky Mountains	
fotografê	wêneya	
fotografê	wêneya	
National Park	National Park	
Rocky Mountains	Rocky Mountains	
heywan	ajel	
heywan	ajel	
Rocky Mountains	Rocky Mountains	
National Park	National Park	
National Park	National Park	
Mount Rushmore	Mount Rushmore	
fourth of July	çarê tîrmehê	
însan	mirov	
Crazy Horse	Crazy Horse	
kardeshim	heval	
tecrûba	serpêhatîya	
corona	corona	
hurricane	bahoz	
belkî	dibe ku	
hurricane	bahoz	
xebera	nûçeyê	
belkî	dibe ku	
hurricane	bahoz	
hurricane	bahoz	
basement	bindav	
şimdi	niha	
ocean	oqyanûs	
furniture store	firoîşgeheke raêxkan	
Amazon Web Service	Amazon Web Service	
sertîfîka	bawername	
mesela	mînak	
tutorial	waneya fêrkarîyê	
ondan sonra	paşê	
tutorial	waneyeke fêrkarîyê	
cloud partitioner	cloud partitioner	
Amazon web service	Amazon web service	
cloud partitioner	cloud partitioner	
beginner	destpêker	
mesela	mînak	
beginner	destpêker	
intermediate	asta navîn	
intermediate	asta navîn	
beginner	destpêker	
dokument	belge	
documentation	belgekirinê	
sadece	bi tenê	
questions	pers	
se'at	demjimêr	
Question	pirs	
Mesela	Mînak	
mesela	mînak	
senaryo Question	senaryo Question	
Mesela	Mesela	
mesela	mesela	
EC two stands for what	EC two stands for what	
elastic compute cloud	elastic compute cloud	
yanî	dêmek	
sertîfîka	bawername	
mesela	mînak	
resume	kurtejiyan	
resume	kurtejiyan	
yanî	dêmek	
downtown	navenda bajêr	
background	paşbingeh	
what is going on?	çi heye?	
Great	Xweş e	
push one after that	vê a li pey wê yekê biguvêşe	
son	dawîy	
family man, run by one	mêrê malbatê	
destination	binecih	
containers	hewîner	
containers	containers	
Şahîneke	barkêşeke	
long truck	barkêşe dirêj	
truck	barkêş	
covid nineteen	covîd nozdeh	
Proper Doctoring	Proper Doctoring	
ondan sonra	paşê	
vaccine	perpûn	
remote	dûr	
life insurance	misogerîya jiyanê	
investment	veberanîn	
life insurance	misogerîya jiyanê	
Application	daxwazname	
internal application	daxwaznameyeke hindirîn	
internal	hindirîn	
sadece	bi tenê	
Ama genelde	lê bigelemperî	
stuffed chicken	mirîşka baş pijartî	
cream sauce	cream sauce	
spice	ezbol	
yanî	dêmek	
yanî	dêmek	
genelde	genelde	
middle eastern	rojhilata navîn	
brown	mor	
Brown	mor	
yanî	dêmek	
You	tu	
information technology	teknolojîya agahîyan	
remote	dûr	
citizen	hevwelatî	
institute	peymangeh	
Mesela	mijar	
information technology	teknolojîya agahîyan	
dialect	devok	
sign	nîşan	
India	Hinistan	
yanî	dêmek	
vacation	bênvedan	
wext	dem	
tool	amûr	
The Question Answer	The Question Answer	
mute	bêdeng	
ders	wane	
ders	wane	
office hours	demjimêrên xebatê	
office hours	demjimêrên xebatê	
asistant	alîkar	
asistant	alîkar	
asistant	alîkar	
technical	têknîkî	
behavior class	pola reftarê	
FA skills	FA skills	
company	pargîdanî	
şuxul	kar	
sertîfîka	bawername	
college	fêrgeh	
university	zanîngeh	
major	major	
mekteb	dibistan	
mekteb	dibistan	
tool	amûr	
şixulînin	bikar bînin	
sertîfîk	bawername	
sertîfîk	bawername	
Mesela	Mînak	
o c a certificate	bawernameye o c a	
o c a certificate	bawernameye o c a	
mana	wateya	
durum	rewş	
durum	rewş	
mile	mîl	
hard work	karê giran	
shortcut	kurterê	
badincan kebabî	badincan kebabî	
ondan sonra	paşê	
coupon	coupon	
coupon	coupon	
client	kiryar	
Engineering	Endezyarî	
Amazon club	Amazon club	
internship	rahênerî	
record player	record player	
auction	auction	
yanî	dêmek	
Wext	dem	
mecbûr	neçar	
pick up	rakirin	
delivery	gehandin	
Yanî	Yanî	
workout	workout	
level	ast	
really	bi rastî	
ecêb	sosret	
belkî	dibe ku	
mesela	mijar	
Monroe County	Monroe County	
Mesela	Mijar	
Monroe County	Monroe County	
Yanî	Yanî	
roommate	hevalê odeyê	
roommate	hevalê odeyê	
undergraduate	xwendekar	
Political science	Zanyarîya siyasî	
ders	wane	
ders	wane	
political science	Zanyarîya siyasî	
nelazim	ne gerek	
international studies	international studies	
unîversît	zanîngeh	
pandemic	qeyran	
Walla	Bi Xwedê	
study	xwandin	
instruction	ferman	
dialect continuum	domandineke devkî	
dialect continuum	domandineke devkî	
letter	peyam	
speech	dengkirinê	
transkrîpasiyon	transkrîpasiyon	
transkrîpasiyon	transkrîpsiyon	
green card	karta kesk	
supervisor	serkar	
hybrid	hîbrîd	
hesab dikim	dijmêrim	
order bike 	bixwaze	
Washington island	Washington island	
island	girav	
mesela	mînak	
hiking	çiyagerî	
hiking	çiyagerî	
map	nexşe	
map	nexşe	
map	nexşe	
hiking	çiyagerî	
map	nexşe	
hiking	çiyagerî	
map	nexşe	
map	nexşe	
beach	berav	
behr	derya	
map	nexşe	
belkî	dibe ku	
hiking	çiyagerî	
belkî	dibe ku	
experiment	ezmûn	
dubble apple	dubble apple	
dubble apple	dubble apple	
dubble apple	dubble apple	
workout	workout	
dişuxulim	dikim	
application	sepan	
workout	workout	
dişuxulim	dikim	
axleba	piranîya	
dişuxulim	dikim	
squat	squat	
axleba	piranîya	
squat	squat	
dişuxulim	dikim	
application	sepan	
workout	workout	
unemployment	bêkarî	
dişuxulîm	kar dikim	
date of birth	roja jidayikbûn	
work autorazition permit	rêdana xebatê	
proof	girov	
artificial intelligence	jîrîya çêkirî	
otomatîk olarak	wek otomatîk	
Line	xet	
import	karê anîn	
dişuxule	dike	
case	doz	
pandemic	qeyran	
sickness	Nexweşî	
pandemic	qeyran	
araştırma görevlisi	lêkolînera alîkar	
üğretim görevlisi	mamosteya zanîngehê	
recommend	pêşniyar	
aciz	bêzar	
hafta sonu	dawiya heftê	
sift	şemî	
Lehd	yekşem	
se'at	demjimêr	
line	xet	
outlet	outlet	
outlet	outlet	
outlet	outlet	
outlet	outlet	
gozlukçu	firoşerê berçavkan	
Walla	bi Xwedê	
saniye	çirke	
south	başur	
south	başur	
east	rojhilatê	
behr	derya	
north	bakur	
one	yek	
Work and balance	xebat û hevsengî	
prefer dikî	divêyî	
provide dike 	didî	
October	Çiriya pêşî	
October	Çiriya pêşî	
se'ata	demjimêran	
roommate	hevalê odeyê	
Oktober	Çiriya pêşî	
mesela	mînak	
road trip	road trip	
temam	bêkêmasî	
cancel	bêkêr	
preservation kiribû	parastibû	
camping	kampkirin	
camping	kampkirin	
Cancel	bêkêr	
mecbûr	neçar	
computer science	zanîstiya kompûterê	
computer science	zanîstiya kompûterê	
data science	zanîstiya daneyan	
computer science club computing	koma zanîstiya kompûterê	
data science	zanîstiya daneyan	
computer science	zanîstiya kompûterê	
data science	zanîstiya daneyan	
computer science	zanîstiya kompûterê	
Amazon web services	Amazon web services	
Google Cloud	Google Cloud	
hardware	hişkalav	
engineer	endezyar	
college	fêrgeh	
tornado	bahîzok	
highschool	dibistana bilind	
hybrid	hîbrîd	
mekteb	dibistan	
information technology	teknolojîya agahîyan	
Walla	bi Xwedê	
mesela	mînak	
mesela	mînak	
scratch	scratch	
Basic	serteyaî	
comprehensive	hemûgir	
full coverage	niximandina dagirtî	
full coverage	niximandina dagirtî	
Shoping	Shoping	
parking	parking	
parking	parking	
shoping	shoping	
claim	mafxwestin	
claim	mafxwestin	
driver	ajoker	
I'm sorry	li min bibore	
Walla	bi Xwedê	
recall	dîsa bangkirin	
recall	dîsa bangkirin	
oil change	guhartina rûnê	
oil change	guhartina rûnê	
plus care	xemxwarîya zêde	
oil change	guhartina rûnê	
tire rotation	tire rotation	
tire rotation	tire rotation	
Tire rotation	tire rotation	
mile	mîl	
axlebe	piranî	
payment didimê	diravan didimê	
xelas	bi dawî	
mile	mîl	
mile	mîl	
mile	mîl	
mile	mîl	
trade	bazirganîyê	
dealer	berevan	
refinance	ji nû ve fînans	
payment	diravdan	
refinance	ji nû ve fînans	
refinance	ji nû ve fînans	
refinance	ji nû ve fînans	
scam	sextekar	
offer	pêşniyaz	
offer	pêşniyaz	
the best offer	pêşniyaza herî baş	
Chinese	Chinese	
Chinese	Chinese	
offer	pêşniyaz	
Chinese	Chinese	
Chinese	Chinese	
approval	pesindkirin	
approval	pesindkirin	
approval	pesindkirin	
submit	radest	
application	daxwazname	
approval	pesindkirin	
closing process	pêvajoya girtinê	
refinance	ji nû ve fînans	
refinance	ji nû ve fînans	
refinance	ji nû ve fînans	
rate	rêje	
rate	rêje	
mortgage	barimte	
rate	rêje	
signifigantly	bi awayekî girîng	
rate	rêje	
teqrîben	nêzî	
mile	mîl	
Walla	bi Xwedê	
recall	dîsa bangkirin	
hybrid	hîbrîd	
first school	first school	
yanî	dêmek	
option	bijarde	
exam	ezmûn	
prospectors	prospectors	
dissertation	tezê	
text	nivîs	
yanî	dêmek	
Walla	bi Xwedê	
One o one	One o one	
one o one	One o one	
workout	workout	
testing	ezmûnkirin	
Walla	bi Xwedê	
road trip	road trip	
data science	zanîstiya daneyan	
testing	ezmûnkirin	
data science	zanîstiya daneyan	
sonuçta	piştî her tiştî	
suburb	derveyî bajêr	
single house	mala bi tenê	
single house	mala bi tenê	
tax	bac	
single house	mala bi tenê	
square feet	metre çargoşe	
downtown	navenda bajêr	
Single house	mala bi tenê	
immigrate	koçberan	
mesela	mînak	
dem	dem	
mortgage	barimte	
basement	bindav	
mortgage	barimte	
mortgage	barimte	
söyleşi	hevpeyvîn	
large	mezin	
manual testing	manual testing	
step	gave	
yazkirin	nivîsandin	
temam	bêkêmasî	
manual testing	manual testing	
manual testing	manual testing	
manual testing	manual testing	
manual testing	manual testing	
manual testing	manual testing	
wext	dem	
belkî	dibe ku	
delivery	gehandin	
unemployment	bêkarî	
student loan	deyna xwendekaran	
insurance	misogerîya jiyanê	
for one care	for one care	
for one care	for one care	
retirement	malnişînî	
unemployment	bêkarî	
Unemployment	bêkarî	
two tousand dolar	du hezar dolar	
Order	siparîş	
order	siparîş	
tip	bexşîş	
Tip	Bexşîş	
order	daxwazan	
order	daxwazan	
order	daxwaz	
order	daxwaz	
we are so busy	em gelek mijûl in	
order	siparîş	
background checking	kontrolkirina paşbingehê	
background checking	kontrolkirina paşbingehê	
update	rojane	
bachground checking	kontrolkirina paşbingehê	
background checking	kontrolkirina paşbingehê	
delivery	gehandin	
Walla	bi Xwedê	
delivery	gehandin	
pick up	rakirinê	
belkî	dibe ku	
in doors, no indoors	in doors, no indoors	
termometer	termometer	
îlaç	derman	
walla	bi Xwedê	
workshop	kargeh	
adress	navnîşan	
erebe	otomobîl	
Thanks Giving	roja spasdanê	
wood fire	êzing	
good good camp	good good camp	
interview	hevpeyvîn	
Interview	hevpeyvîn	
interview	hevpeyvîn	
text	nivîs	
unemployment	bêkarî	
Doktora	bijîşk	
scan	scan	
mesela	mijar	
dean	serokê zanîngehê	
hire	bikirê	
Thanks Giving	roja spasdanê	
mesele	mînak	